geoid,NAME,geo_type,state_fips,place_fips,zcta,acs_year,pop_total,age_median,race_white,race_black,race_asian,race_hispanic,households,avg_household_size,income_median_hh,income_per_capita,poverty_count,poverty_universe,gini_index,housing_units_total,housing_occupied,housing_vacant,housing_owner_occ,housing_renter_occ,home_value_median,gross_rent_median,rent_burden_30_34pct,rent_burden_35_39pct,rent_burden_40_49pct,rent_burden_50plus_pct,rent_burden_universe,gross_rent_pct_income,edu_total_25plus,edu_hs_grad,edu_some_college,edu_associates,edu_bachelors,edu_masters,edu_professional,edu_doctorate,labor_force,employed,unemployed,labor_force_universe,commute_total,commute_car_alone,commute_carpool,commute_transit,commute_wfh,travel_time_aggregate,travel_time_universe,poverty_rate,unemployment_rate_acs,pct_bachelors_plus,homeownership_rate,vacancy_rate,rent_burden_30plus_pct,rent_burden_severe_pct,avg_commute_minutes,pct_transit_commute,pct_wfh,diversity_index
3400100,"Absecon city, New Jersey",place,34,00100,,2023,9099,37.1,6194,974,509,1380,3559,2.51,77516.0,40216.0,778,8975,0.4492,3759,3559,200,2613,946,237600.0,1814.0,86,20,157,387,946,46.1,6505,1904,566,705,1510,376,90,28,4767,4315,300,7215,4384,3580,256,125,368,76955.0,4016,8.67,6.29,30.81,73.42,5.32,68.71,40.91,19.2,2.85,8.39,0.499
3400160,"Absecon Highlands CDP, New Jersey",place,34,00160,,2023,1512,50.3,1081,16,60,313,595,2.52,80511.0,35952.0,183,1512,0.3057,654,595,59,507,88,284900.0,1681.0,28,0,25,8,88,33.0,1166,364,94,135,187,132,0,7,908,763,145,1306,763,628,40,0,82,18260.0,681,12.1,15.97,27.96,85.21,9.02,69.32,9.09,26.8,0.0,10.75,0.4443
3400640,"Allamuchy CDP, New Jersey",place,34,00640,,2023,107,36.5,107,0,0,0,48,2.23,,70184.0,0,107,0.1607,48,48,0,48,0,,,0,0,0,0,0,,68,0,30,0,38,0,0,0,68,68,0,68,68,68,0,0,0,,68,0.0,0.0,55.88,100.0,0.0,,,,0.0,0.0,0.0
3400700,"Allendale borough, New Jersey",place,34,00700,,2023,6820,45.7,5084,60,1162,163,2332,2.88,156992.0,93937.0,223,6754,0.539,2505,2332,173,1805,527,764600.0,2648.0,45,22,23,196,527,34.5,4620,366,83,186,1773,1150,306,99,2936,2858,78,5160,2837,1549,51,323,876,75180.0,1961,3.3,2.66,72.03,77.4,6.91,54.27,37.19,38.3,11.39,30.88,0.4146
3400730,"Allenhurst borough, New Jersey",place,34,00730,,2023,387,50.3,306,4,4,40,168,2.3,96500.0,76865.0,22,387,0.6105,337,168,169,88,80,1125000.0,1433.0,3,6,9,13,80,24.6,311,43,24,18,121,48,23,8,236,202,34,353,196,150,10,8,20,5150.0,176,5.68,14.41,64.31,52.38,50.15,38.75,16.25,29.3,4.08,10.2,0.3639
3400760,"Allentown borough, New Jersey",place,34,00760,,2023,1926,40.0,1626,129,36,104,683,2.82,134583.0,55178.0,70,1926,0.3929,721,683,38,531,152,397100.0,1517.0,3,23,7,19,152,28.1,1276,207,75,111,398,239,30,12,1106,1053,53,1516,1040,789,43,5,184,26400.0,856,3.63,4.79,53.21,77.75,5.27,34.21,12.5,30.8,0.48,17.69,0.2795
3400790,"Allenwood CDP, New Jersey",place,34,00790,,2023,721,44.9,682,0,13,0,274,2.63,217500.0,68178.0,38,721,0.355,310,274,36,231,43,727600.0,,0,0,0,43,43,,530,49,0,24,190,82,23,0,528,515,13,622,515,467,41,0,7,15770.0,508,5.27,2.46,55.66,84.31,11.61,100.0,100.0,31.0,0.0,1.36,0.1049
3400850,"Alloway CDP, New Jersey",place,34,00850,,2023,1473,50.5,1335,31,0,67,539,2.66,138260.0,51647.0,0,1452,0.2731,563,539,24,528,11,282500.0,,0,0,0,0,11,,1091,449,104,136,206,75,0,0,848,816,32,1271,816,694,0,0,60,27335.0,756,0.0,3.77,25.76,97.96,4.26,0.0,0.0,36.2,0.0,7.35,0.1761
3401030,"Alpha borough, New Jersey",place,34,01030,,2023,2249,43.8,1896,32,34,193,983,2.27,83125.0,43224.0,155,2225,0.3969,1022,983,39,716,267,250400.0,1234.0,19,20,31,57,267,30.8,1719,512,91,285,288,88,6,0,1248,1205,34,1899,1202,933,121,1,122,26125.0,1080,6.97,2.72,22.22,72.84,3.82,47.57,21.35,24.2,0.08,10.15,0.2815
3401090,"Alpine borough, New Jersey",place,34,01090,,2023,1503,50.4,884,69,436,57,517,2.91,250001.0,132298.0,49,1503,0.5022,593,517,76,481,36,2000001.0,2357.0,0,0,1,4,36,18.3,1073,72,19,41,483,198,168,18,708,658,50,1201,643,422,83,29,96,17610.0,547,3.26,7.06,80.8,93.04,12.82,13.89,11.11,32.2,4.51,14.93,0.5664
3401184,"Ampere North CDP, New Jersey",place,34,01184,,2023,4968,34.3,1191,1304,571,2098,1715,2.9,71192.0,33516.0,974,4968,0.4085,1776,1715,61,944,771,358000.0,1720.0,76,50,88,238,771,34.4,3276,1054,74,157,629,216,9,111,2865,2671,194,3865,2332,1146,488,400,126,78060.0,2206,19.61,6.77,29.46,55.04,3.43,58.63,30.87,35.4,17.15,5.4,0.6821
3401300,"Anderson CDP, New Jersey",place,34,01300,,2023,618,26.9,235,0,0,181,185,3.34,85655.0,29064.0,32,618,0.1075,185,185,0,98,87,261900.0,,87,0,0,0,87,,379,19,114,93,17,25,0,0,342,342,0,542,321,321,0,0,0,10170.0,321,5.18,0.0,11.08,52.97,0.0,100.0,0.0,31.7,0.0,0.0,0.7696
3401330,"Andover borough, New Jersey",place,34,01330,,2023,716,42.5,582,0,0,26,274,2.61,78750.0,40985.0,35,716,0.3696,299,274,25,165,109,355400.0,1549.0,7,8,40,4,109,33.2,471,75,13,27,158,40,2,7,452,437,15,560,423,308,52,14,47,14545.0,376,4.89,3.32,43.95,60.22,8.36,54.13,3.67,38.7,3.31,11.11,0.338
3401480,"Annandale CDP, New Jersey",place,34,01480,,2023,1751,34.5,1466,5,139,112,639,2.74,149886.0,69243.0,44,1751,0.4074,649,639,10,459,180,482700.0,2662.0,24,10,31,8,180,29.4,1148,141,53,74,439,233,32,54,1080,958,122,1441,958,730,16,32,131,25300.0,827,2.51,11.3,66.03,71.83,1.54,40.56,4.44,30.6,3.34,13.67,0.2886
3401825,"Arrowhead Lake CDP, New Jersey",place,34,01825,,2023,107,48.2,86,0,0,29,59,1.81,71750.0,38964.0,21,107,0.431,68,59,9,59,0,195300.0,,0,0,0,0,0,,94,47,3,19,12,0,0,0,67,67,0,101,67,63,0,0,4,1265.0,63,19.63,0.0,12.77,100.0,13.24,,,20.1,0.0,5.97,0.2805
3401900,"Asbury CDP, New Jersey",place,34,01900,,2023,245,36.4,208,11,0,26,94,2.61,119250.0,51287.0,7,245,0.3456,94,94,0,73,21,457700.0,,0,0,11,0,21,,142,28,0,0,56,19,0,15,133,128,5,211,128,89,13,0,26,2605.0,102,2.86,3.76,63.38,77.66,0.0,52.38,0.0,25.5,0.0,20.31,0.266
3401960,"Asbury Park city, New Jersey",place,34,01960,,2023,15239,38.3,7080,4426,288,3767,7668,1.96,71080.0,52187.0,2857,15214,0.508,8851,7668,1183,2243,5425,508800.0,1679.0,466,239,525,1633,5425,32.5,11987,2562,784,650,3218,1539,479,87,9812,9239,573,13321,9160,5551,763,464,1364,200135.0,7796,18.78,5.84,44.41,29.25,13.37,52.77,30.1,25.7,5.07,14.89,0.6383
3401990,"Ashland CDP, New Jersey",place,34,01990,,2023,9437,48.2,7510,513,814,789,3629,2.55,112009.0,54993.0,800,9265,0.3989,3700,3629,71,3273,356,305700.0,2105.0,10,0,10,107,356,26.3,7084,1467,412,482,2174,1037,221,255,5322,4983,276,7755,4998,3261,479,285,874,118335.0,4124,8.63,5.19,52.05,90.19,1.92,35.67,30.06,28.7,5.7,17.49,0.3493
3402020,"Atco CDP, New Jersey",place,34,02020,,2023,8037,46.5,6940,266,69,661,3083,2.52,101976.0,46581.0,854,8006,0.4076,3129,3083,46,2547,536,262200.0,,36,200,0,126,536,37.1,5965,2031,503,473,1022,415,27,33,4649,4319,330,6980,4257,3464,315,22,438,119600.0,3819,10.67,7.1,25.1,82.61,1.47,67.54,23.51,31.3,0.52,10.29,0.2464
3402080,"Atlantic City city, New Jersey",place,34,02080,,2023,38486,37.8,7921,12251,6225,12464,16527,2.3,36220.0,24153.0,12796,37771,0.5283,20075,16527,3548,4971,11556,189600.0,1084.0,1077,646,1088,3461,11556,34.1,24871,7544,1380,1359,3665,842,495,107,17469,15251,2207,29545,14737,6604,1223,3049,867,328790.0,13870,33.88,12.63,20.54,30.08,17.67,54.27,29.95,23.7,20.69,5.88,0.7253
3402110,"Atlantic Highlands borough, New Jersey",place,34,02110,,2023,4409,47.9,3958,30,51,259,2023,2.18,125438.0,82909.0,188,4409,0.4509,2084,2023,61,1435,588,615300.0,1900.0,56,20,97,71,588,26.7,3364,644,140,300,1224,415,95,131,2344,2244,100,3702,2234,1215,49,324,593,63675.0,1641,4.26,4.27,55.44,70.93,2.93,41.5,12.07,38.8,14.5,26.54,0.1905
3402170,"Auburn CDP, New Jersey",place,34,02170,,2023,1209,42.8,1076,91,0,0,407,2.97,201648.0,72184.0,14,1209,0.2643,416,407,9,403,4,440300.0,,0,0,0,0,4,,775,39,46,77,218,147,60,58,615,590,25,818,578,526,0,0,50,16985.0,528,1.16,4.07,62.32,99.02,2.16,0.0,0.0,32.2,0.0,8.65,0.2022
3402200,"Audubon borough, New Jersey",place,34,02200,,2023,8699,38.7,7995,182,36,325,3312,2.62,116900.0,50086.0,187,8664,0.3623,3451,3312,139,2514,798,288500.0,1211.0,78,23,41,157,798,24.9,6117,1448,332,362,1850,773,47,219,5066,4811,212,6893,4746,3347,121,270,851,101735.0,3895,2.16,4.18,47.23,75.91,4.03,37.47,19.67,26.1,5.69,17.93,0.1535
3402230,"Audubon Park borough, New Jersey",place,34,02230,,2023,979,55.7,919,11,0,10,538,1.82,53333.0,35381.0,128,979,0.3769,545,538,7,57,481,93800.0,957.0,6,40,28,109,481,24.1,809,376,51,83,92,7,4,3,549,516,33,876,504,448,24,0,8,10525.0,496,13.07,6.01,13.1,10.59,1.28,38.05,22.66,21.2,0.0,1.59,0.1186
3402320,"Avalon borough, New Jersey",place,34,02320,,2023,1478,65.2,1392,2,24,43,775,1.9,143482.0,117552.0,54,1477,0.5286,5427,775,4652,733,42,1756100.0,1615.0,6,0,0,9,42,31.7,1289,123,81,86,561,212,86,40,578,564,14,1381,561,311,17,4,169,11250.0,392,3.66,2.42,69.74,94.58,85.72,35.71,21.43,28.7,0.71,30.12,0.1119
3402350,"Avenel CDP, New Jersey",place,34,02350,,2023,17143,39.3,6147,4764,3419,3631,5629,2.49,95935.0,38824.0,1197,14051,0.4135,5693,5629,64,2799,2830,351200.0,1839.0,70,123,513,374,2830,26.9,12997,3618,719,1000,2379,1279,124,39,8060,7654,406,14324,7527,5374,516,775,667,232995.0,6860,8.52,5.04,29.4,49.72,1.12,38.16,13.22,34.0,10.3,8.86,0.7096
3402440,"Avon-by-the-Sea borough, New Jersey",place,34,02440,,2023,1801,55.3,1732,1,15,80,878,2.04,109113.0,87829.0,115,1795,0.5252,1254,878,376,577,301,1349000.0,1891.0,14,0,29,61,301,26.7,1457,161,15,86,654,315,63,19,1036,957,73,1637,957,629,17,17,194,22280.0,763,6.41,7.05,72.13,65.72,29.98,34.55,20.27,29.2,1.78,20.27,0.0731
3402880,"Barclay CDP, New Jersey",place,34,02880,,2023,4456,44.4,3988,57,88,176,1640,2.72,162241.0,70927.0,306,4456,0.4094,1667,1640,27,1603,37,438400.0,,0,0,0,29,37,,3243,393,105,198,1396,605,253,58,2294,2212,82,3484,2191,1282,99,85,664,39185.0,1527,6.87,3.57,71.29,97.74,1.62,78.38,78.38,25.7,3.88,30.31,0.1969
3402920,"Bargaintown CDP, New Jersey",place,34,02920,,2023,5231,48.2,3879,845,294,234,1994,2.62,127734.0,62955.0,307,5174,0.442,2075,1994,81,1889,105,307100.0,2320.0,0,0,15,8,105,18.2,3894,1030,247,220,1197,399,127,35,2851,2574,250,4401,2543,1887,132,0,524,46305.0,2019,5.93,8.77,45.15,94.73,3.9,21.9,7.62,22.9,0.0,20.61,0.4189
3403040,"Barnegat CDP, New Jersey",place,34,03040,,2023,3367,43.1,3092,0,59,197,1200,2.81,105091.0,39506.0,93,3367,0.3147,1344,1200,144,1004,196,398900.0,1870.0,49,0,22,64,196,33.8,2364,548,205,69,782,263,19,0,1841,1706,135,2727,1641,1516,56,0,69,39620.0,1572,2.76,7.33,45.01,83.67,10.71,68.88,32.65,25.2,0.0,4.2,0.1529
3403130,"Barnegat Light borough, New Jersey",place,34,03130,,2023,473,60.9,380,0,78,9,205,2.26,104583.0,73070.0,17,463,0.4916,1273,205,1068,189,16,1105600.0,,0,0,0,8,16,,384,31,29,16,157,55,55,12,135,104,24,409,111,52,23,10,19,4290.0,92,3.67,17.78,72.66,92.2,83.9,50.0,50.0,46.6,9.01,17.12,0.327
3403250,"Barrington borough, New Jersey",place,34,03250,,2023,7047,44.6,6099,220,251,278,3459,2.04,84334.0,52670.0,429,7047,0.4461,3495,3459,36,1789,1670,244400.0,1282.0,189,67,160,195,1670,26.7,5454,1421,306,357,1560,690,133,0,4462,4233,229,6133,4104,3104,200,75,581,97720.0,3523,6.09,5.13,43.69,51.72,1.03,36.59,11.68,27.7,1.83,14.16,0.2472
3403340,"Basking Ridge CDP, New Jersey",place,34,03340,,2023,7882,46.6,6638,21,643,418,2899,2.71,200378.0,101591.0,283,7882,0.5056,2955,2899,56,2453,446,841700.0,565.0,101,9,24,61,446,29.8,5155,422,114,365,1915,1190,481,210,3781,3540,241,6408,3495,2249,58,202,897,74055.0,2598,3.59,6.37,73.64,84.62,1.9,43.72,13.68,28.5,5.78,25.67,0.2813
3403520,"Bay Head borough, New Jersey",place,34,03520,,2023,1201,57.9,1138,0,24,17,538,2.21,145417.0,104875.0,55,1201,0.5317,1049,538,511,473,65,1679000.0,1554.0,0,0,0,31,65,51.0,951,97,35,46,449,151,100,16,586,581,5,1053,575,362,36,21,85,13470.0,490,4.58,0.85,75.29,87.92,48.71,47.69,47.69,27.5,3.65,14.78,0.1016
3403580,"Bayonne city, New Jersey",place,34,03580,,2023,70468,38.6,36296,8237,7261,22065,28325,2.48,81285.0,41472.0,10107,70350,0.4567,30161,28325,1836,10604,17721,446100.0,1593.0,1740,854,1587,3878,17721,29.0,49773,12859,2078,3360,13987,4424,926,417,36506,34325,2044,56003,33853,16746,2546,7084,4512,999195.0,29341,14.37,5.6,39.69,37.44,6.09,45.48,21.88,34.1,20.93,13.33,0.6124
3403940,"Beach Haven borough, New Jersey",place,34,03940,,2023,1096,59.4,974,1,1,115,510,2.14,114868.0,92758.0,64,1083,0.5191,2671,510,2161,450,60,1217600.0,1859.0,0,4,4,9,60,25.8,929,90,40,49,346,188,43,36,536,519,17,998,505,250,12,16,157,13690.0,348,5.91,3.17,65.98,88.24,80.91,28.33,15.0,39.3,3.17,31.09,0.1992
3404120,"Beach Haven West CDP, New Jersey",place,34,04120,,2023,5164,59.1,4833,0,14,277,2330,2.22,116949.0,63711.0,173,5164,0.3547,4633,2330,2303,2254,76,577500.0,,0,8,11,0,76,23.3,4424,1002,257,322,1311,553,133,106,2734,2658,76,4916,2637,1937,381,34,271,69990.0,2366,3.35,2.78,47.54,96.74,49.71,25.0,0.0,29.6,1.29,10.28,0.1212
3404180,"Beachwood borough, New Jersey",place,34,04180,,2023,11002,42.1,9045,432,123,1571,3965,2.77,102043.0,47446.0,558,11002,0.3751,4180,3965,215,3573,392,307500.0,2236.0,29,30,42,71,392,37.0,7749,2308,968,504,1533,578,81,0,6421,6213,188,9096,5683,5155,220,58,220,180590.0,5463,5.07,2.93,28.29,90.11,5.14,43.88,18.11,33.1,1.02,3.87,0.3021
3404252,"Beattystown CDP, New Jersey",place,34,04252,,2023,4479,37.9,3086,314,205,1170,1859,2.41,105179.0,47573.0,359,4479,0.4043,1910,1859,51,872,987,367800.0,1385.0,82,28,104,239,987,28.1,3104,637,152,356,1015,436,48,62,2859,2750,109,3670,2667,1940,226,28,443,70980.0,2224,8.02,3.81,50.29,46.91,2.67,45.9,24.21,31.9,1.05,16.61,0.45
3404400,"Beckett CDP, New Jersey",place,34,04400,,2023,5072,43.4,4282,483,133,169,1811,2.8,119063.0,48105.0,337,5057,0.3933,1811,1811,0,1738,73,279300.0,1839.0,0,0,0,35,73,51.0,3466,919,114,307,1093,485,0,29,2971,2812,145,4083,2747,2325,52,32,280,63625.0,2467,6.66,4.88,46.36,95.97,0.0,47.95,47.95,25.8,1.16,10.19,0.2764
3404420,"Bedminster CDP, New Jersey",place,34,04420,,2023,1463,43.8,1061,16,75,351,532,2.73,123289.0,97864.0,37,1455,0.5969,567,532,35,379,153,830800.0,2917.0,0,0,15,85,153,51.0,959,168,75,49,316,189,33,12,789,746,43,1154,726,535,4,0,153,17915.0,573,2.54,5.45,57.35,71.24,6.17,65.36,55.56,31.3,0.0,21.07,0.4137
3404540,"Beesleys Point CDP, New Jersey",place,34,04540,,2023,1476,41.2,1199,0,0,183,573,2.58,,42376.0,20,1476,0.406,608,573,35,573,0,299800.0,,0,0,0,0,0,,1040,52,14,217,355,220,31,0,807,801,6,1077,801,656,13,0,132,13255.0,669,1.36,0.74,58.27,100.0,5.76,,,19.8,0.0,16.48,0.3247
3404600,"Belford CDP, New Jersey",place,34,04600,,2023,2039,36.9,1718,15,8,182,683,2.99,121406.0,56264.0,133,2039,0.4067,712,683,29,577,106,491100.0,2111.0,0,45,0,0,106,28.6,1311,249,192,134,430,34,44,0,1050,946,104,1524,931,639,0,86,162,31100.0,769,6.52,9.9,38.75,84.48,4.07,42.45,0.0,40.4,9.24,17.4,0.282
3404630,"Belle Mead CDP, New Jersey",place,34,04630,,2023,6772,36.1,1801,49,4348,569,2121,3.19,219215.0,69665.0,180,6772,0.3299,2121,2121,0,1365,756,777600.0,2645.0,151,19,25,90,756,26.8,4166,156,71,336,1416,1148,116,359,3760,3575,185,4695,3525,1750,203,160,1233,89225.0,2292,2.66,4.92,72.95,64.36,0.0,37.7,11.9,38.9,4.54,34.98,0.5099
3404660,"Belleplain CDP, New Jersey",place,34,04660,,2023,675,33.2,562,0,9,94,244,2.77,65357.0,31131.0,64,675,0.4062,255,244,11,186,58,282300.0,,0,0,0,0,58,,438,221,15,16,37,0,0,0,233,233,0,438,233,228,0,0,0,5140.0,233,9.48,0.0,8.45,76.23,4.31,0.0,0.0,22.1,0.0,0.0,0.2872
3404750,"Bellmawr borough, New Jersey",place,34,04750,,2023,11678,41.1,8482,675,853,1602,4918,2.37,74812.0,38163.0,1116,11677,0.3812,5118,4918,200,3155,1763,216500.0,1141.0,214,77,171,189,1763,25.1,8311,3118,513,605,1351,483,49,22,5905,5592,313,9264,5424,4283,424,53,504,117500.0,4920,9.56,5.3,22.92,64.15,3.91,36.93,10.72,23.9,0.98,9.29,0.445
3404930,"Belmar borough, New Jersey",place,34,04930,,2023,5861,43.6,5030,199,45,984,2791,2.1,92859.0,71843.0,503,5860,0.4935,3835,2791,1044,1377,1414,771400.0,1832.0,268,33,93,291,1414,30.6,4682,612,331,396,1720,450,158,66,3838,3563,275,5220,3380,2272,323,132,396,98305.0,2984,8.58,7.17,51.13,49.34,27.22,48.44,20.58,32.9,3.91,11.72,0.2341
3404990,"Belvidere town, New Jersey",place,34,04990,,2023,2526,47.5,2334,2,15,200,1200,2.09,100334.0,46147.0,231,2526,0.3924,1220,1200,20,640,560,269200.0,997.0,0,44,42,111,560,22.4,1972,739,140,229,366,130,0,19,1508,1416,92,2170,1405,1046,88,7,65,43405.0,1340,9.14,6.1,26.12,53.33,1.64,35.18,19.82,32.4,0.5,4.63,0.1399
3405170,"Bergenfield borough, New Jersey",place,34,05170,,2023,28269,40.7,12117,2612,7526,8532,9430,2.99,124083.0,48157.0,1709,28212,0.4272,9677,9430,247,6656,2774,469200.0,1744.0,270,313,132,810,2774,33.9,19518,4463,815,1416,6838,1773,431,268,15589,14696,893,23115,14400,10217,1034,1615,1127,434890.0,13273,6.06,5.73,47.7,70.58,2.55,54.97,29.2,32.8,11.22,7.83,0.6458
3405440,"Berlin borough, New Jersey",place,34,05440,,2023,7503,39.9,5671,1021,95,419,2828,2.62,101008.0,47885.0,438,7414,0.4048,2949,2828,121,2072,756,310000.0,1399.0,18,0,51,178,756,26.0,5108,1232,197,926,1354,256,22,49,4146,4073,73,6140,3862,3286,90,59,319,126605.0,3543,5.91,1.76,32.91,73.27,4.1,32.67,23.54,35.7,1.53,8.26,0.4069
3405590,"Bernardsville borough, New Jersey",place,34,05590,,2023,7871,41.2,6827,45,217,839,2653,2.96,231006.0,106981.0,81,7869,0.486,2787,2653,134,2388,265,737600.0,2155.0,0,0,22,34,265,26.8,5532,505,105,131,2302,967,387,186,4364,4203,161,6153,4175,2544,157,158,972,88135.0,3203,1.03,3.69,69.45,90.01,4.81,21.13,12.83,27.5,3.78,23.28,0.2355
3405740,"Beverly city, New Jersey",place,34,05740,,2023,2489,40.0,1372,650,0,326,827,3.01,92807.0,37534.0,332,2483,0.3752,943,827,116,610,217,190100.0,1179.0,27,6,19,47,217,29.1,1715,653,146,143,314,71,2,30,1141,1044,76,2081,1008,791,90,27,65,32515.0,943,13.37,6.66,24.31,73.76,12.3,45.62,21.66,34.5,2.68,6.45,0.6108
3406025,"Blackwells Mills CDP, New Jersey",place,34,06025,,2023,10220,40.6,5880,498,2941,803,2955,3.45,248149.0,80940.0,155,10220,0.332,2955,2955,0,2850,105,736000.0,3148.0,12,0,0,21,105,20.4,6489,467,98,261,2301,2092,353,297,5329,5099,230,7845,4986,3395,154,143,1255,128625.0,3731,1.52,4.32,77.72,96.45,0.0,31.43,20.0,34.5,2.87,25.17,0.5776
3406040,"Blackwood CDP, New Jersey",place,34,06040,,2023,4615,37.2,3593,471,137,515,1686,2.74,81154.0,40569.0,513,4570,0.4017,1811,1686,125,1133,553,231000.0,1384.0,56,66,35,124,553,30.4,3127,992,286,479,457,112,52,30,2650,2495,155,3789,2418,1943,202,25,206,59975.0,2212,11.23,5.85,20.82,67.2,6.9,50.81,22.42,27.1,1.03,8.52,0.3701
3406130,"Blairstown CDP, New Jersey",place,34,06130,,2023,258,51.2,213,32,0,19,135,1.22,127891.0,62956.0,67,258,0.3075,196,135,61,80,55,340300.0,,0,0,0,39,55,,246,13,0,0,111,0,0,0,179,179,0,246,179,98,0,0,22,4370.0,157,25.97,0.0,45.12,59.26,31.12,70.91,70.91,27.8,0.0,12.29,0.2976
3406190,"Blawenburg CDP, New Jersey",place,34,06190,,2023,92,62.8,66,0,26,0,37,2.49,250001.0,194838.0,0,92,0.2294,62,37,25,37,0,,,0,0,0,0,0,,92,0,0,13,24,15,22,18,92,79,13,92,79,46,0,0,33,,46,0.0,14.13,85.87,100.0,40.32,,,,0.0,41.77,0.4055
3406340,"Bloomingdale borough, New Jersey",place,34,06340,,2023,7686,44.0,6035,387,227,1471,3023,2.51,126221.0,60192.0,830,7589,0.4415,3121,3023,98,2100,923,398000.0,1772.0,67,133,76,183,923,31.0,5532,1246,418,227,1402,693,67,41,4449,4260,189,6594,4210,3214,185,77,554,105240.0,3656,10.94,4.25,39.82,69.47,3.14,49.73,19.83,28.8,1.83,13.16,0.3434
3406370,"Bloomsbury borough, New Jersey",place,34,06370,,2023,805,47.2,722,28,10,28,379,2.12,88068.0,45038.0,35,805,0.3856,410,379,31,224,155,314800.0,1258.0,5,57,7,41,155,37.4,595,109,22,41,220,35,12,2,458,433,25,699,417,352,18,12,33,13905.0,384,4.35,5.46,45.21,59.1,7.56,70.97,26.45,36.2,2.88,7.91,0.193
3406490,"Bogota borough, New Jersey",place,34,06490,,2023,9110,42.2,3983,892,776,5050,3125,2.9,107321.0,45952.0,507,9104,0.3653,3203,3125,78,2142,983,443400.0,1893.0,133,147,39,265,983,34.1,6536,1253,352,671,1253,839,50,100,5128,4695,407,7394,4627,2837,779,442,312,133015.0,4315,5.57,7.94,34.3,68.54,2.44,59.41,26.96,30.8,9.55,6.74,0.4847
3406610,"Boonton town, New Jersey",place,34,06610,,2023,8803,40.2,6230,580,576,1313,3514,2.46,100417.0,49829.0,654,8714,0.4327,3757,3514,243,1995,1519,475300.0,1761.0,99,80,67,465,1519,29.4,5983,1452,313,377,1931,624,285,70,5033,4721,312,7153,4632,3647,169,27,670,96985.0,3962,7.51,6.2,48.64,56.77,6.47,46.81,30.61,24.5,0.58,14.46,0.4683
3406670,"Bordentown city, New Jersey",place,34,06670,,2023,4006,41.8,3239,245,102,293,1830,2.15,91208.0,47878.0,227,3942,0.3411,2016,1830,186,948,882,322300.0,1468.0,98,73,88,130,882,27.7,3077,699,190,142,922,353,61,75,2238,2104,117,3412,2032,1657,93,17,240,45980.0,1792,5.76,5.23,45.86,51.8,9.23,44.1,14.74,25.7,0.84,11.81,0.3365
3406790,"Bound Brook borough, New Jersey",place,34,06790,,2023,12023,35.8,4599,977,428,6724,4712,2.54,80876.0,42275.0,1270,12022,0.4422,4783,4712,71,1969,2743,362900.0,1842.0,242,201,433,942,2743,40.9,8438,2474,494,622,1342,625,204,169,7257,6895,362,9734,6746,4398,1036,278,497,140660.0,6249,10.56,4.99,27.73,41.79,1.48,66.28,34.34,22.5,4.12,7.37,0.533
3406970,"Bradley Beach borough, New Jersey",place,34,06970,,2023,4264,46.4,3456,29,254,702,2020,2.05,94722.0,56505.0,248,4147,0.4244,2836,2020,816,975,1045,857200.0,1710.0,18,50,55,301,1045,26.3,3496,401,111,106,1252,729,144,154,2571,2518,53,3808,2490,1423,191,119,608,58080.0,1882,5.98,2.06,65.19,48.27,28.77,40.57,28.8,30.9,4.78,24.42,0.3124
3407000,"Bradley Gardens CDP, New Jersey",place,34,07000,,2023,14315,41.2,7166,268,5423,1111,5229,2.71,177590.0,67537.0,655,14153,0.3537,5269,5229,40,4664,565,508800.0,2615.0,45,19,0,158,565,22.6,9843,1290,345,486,3365,2266,211,344,8170,7923,247,11626,7816,4686,467,282,2299,183855.0,5517,4.63,3.02,62.85,89.19,0.76,39.29,27.96,33.3,3.61,29.41,0.5995
3407120,"Brainards CDP, New Jersey",place,34,07120,,2023,172,58.2,172,0,0,0,65,2.65,170302.0,52952.0,0,172,0.1937,65,65,0,50,15,121600.0,,0,0,0,0,15,,144,64,10,0,34,0,0,20,139,119,20,144,119,114,0,0,5,5255.0,114,0.0,14.39,37.5,76.92,0.0,0.0,0.0,46.1,0.0,4.2,0.0
3407300,"Branchville borough, New Jersey",place,34,07300,,2023,724,48.5,659,21,11,37,296,2.38,124167.0,51894.0,35,724,0.4034,385,296,89,179,117,299600.0,1607.0,0,2,9,17,117,19.4,551,222,22,32,88,37,7,2,482,479,3,674,466,370,7,0,75,10335.0,391,4.83,0.62,24.32,60.47,23.12,23.93,14.53,26.4,0.0,16.09,0.1678
3407360,"Brass Castle CDP, New Jersey",place,34,07360,,2023,1844,45.3,1091,240,381,68,645,2.82,144865.0,56720.0,90,1844,0.3681,645,645,0,624,21,419600.0,,0,0,0,21,21,,1237,225,26,65,579,55,103,0,928,850,78,1372,850,576,41,0,233,22165.0,617,4.88,8.41,59.58,96.74,0.0,100.0,100.0,35.9,0.0,27.41,0.589
3407570,"Bridgeport CDP, New Jersey",place,34,07570,,2023,208,44.5,208,0,0,0,75,2.77,,44263.0,0,208,0.2042,75,75,0,75,0,253100.0,,0,0,0,0,0,,143,106,0,37,0,0,0,0,145,145,0,176,145,145,0,0,0,,145,0.0,0.0,0.0,100.0,0.0,,,,0.0,0.0,0.0
3407600,"Bridgeton city, New Jersey",place,34,07600,,2023,26836,28.9,5844,8356,41,15290,7097,3.32,46124.0,17488.0,7405,23360,0.4196,7681,7097,584,2486,4611,134400.0,1367.0,317,201,651,1593,4611,39.6,15271,5485,576,687,603,244,32,13,10057,9453,604,18802,9234,5764,2506,187,337,251165.0,8897,31.7,6.01,5.84,35.03,7.6,59.9,34.55,28.2,2.03,3.65,0.531
3407660,"Bridgeville CDP, New Jersey",place,34,07660,,2023,199,36.4,199,0,0,0,85,2.34,107548.0,38177.0,0,199,0.1286,85,85,0,59,26,260300.0,,0,0,0,0,26,,131,44,0,26,41,0,0,0,117,117,0,153,117,100,0,0,17,,100,0.0,0.0,31.3,69.41,0.0,0.0,0.0,,0.0,14.53,0.0
3407728,"Bridgewater Center CDP, New Jersey",place,34,07728,,2023,6198,41.7,4179,296,942,356,1876,3.25,201250.0,61922.0,169,6198,0.3572,1976,1876,100,1715,161,649900.0,2637.0,0,11,0,104,161,51.0,3975,696,145,307,1284,953,78,120,3127,3015,112,4651,2988,2192,65,65,666,62385.0,2322,2.73,3.58,61.26,91.42,5.06,71.43,64.6,26.9,2.18,22.29,0.5167
3407750,"Brielle borough, New Jersey",place,34,07750,,2023,4960,45.9,4666,30,58,223,1884,2.63,167754.0,87298.0,67,4960,0.463,2093,1884,209,1736,148,815100.0,2655.0,25,20,0,47,148,34.8,3370,372,141,247,1340,627,162,58,2712,2504,208,3889,2443,1757,120,21,498,57290.0,1945,1.35,7.67,64.9,92.14,9.99,62.16,31.76,29.5,0.86,20.38,0.1128
3407810,"Brigantine city, New Jersey",place,34,07810,,2023,7702,59.2,6647,85,495,467,3954,1.95,88906.0,68730.0,724,7702,0.5172,9340,3954,5386,2958,996,485000.0,1499.0,107,31,49,380,996,34.7,6592,1296,374,350,1810,805,256,132,4169,3877,233,7019,3863,2708,208,123,744,77730.0,3119,9.4,5.59,45.56,74.81,57.67,56.93,38.15,24.9,3.18,19.26,0.2473
3408020,"Broadway CDP, New Jersey",place,34,08020,,2023,60,37.0,55,0,0,0,33,1.82,117250.0,58022.0,0,60,0.2203,125,33,92,29,4,246400.0,,0,0,4,0,4,,47,4,13,0,13,9,0,0,37,37,0,47,37,29,8,0,0,,37,0.0,0.0,46.81,87.88,73.6,100.0,0.0,,0.0,0.0,0.1597
3408110,"Brookdale CDP, New Jersey",place,34,08110,,2023,10044,38.1,5788,708,1186,2138,3546,2.83,150489.0,58405.0,282,10009,0.3808,3611,3546,65,3123,423,527200.0,1698.0,25,44,24,149,423,36.2,6663,1277,123,361,2601,1024,218,258,5345,5080,265,7618,4960,2651,533,576,1109,131355.0,3851,2.82,4.96,61.55,88.07,1.8,57.21,35.22,34.1,11.61,22.36,0.6037
3408140,"Brookfield CDP, New Jersey",place,34,08140,,2023,666,82.6,666,0,0,0,449,1.48,55772.0,41152.0,45,666,0.2698,495,449,46,331,118,310600.0,,0,0,0,45,118,15.9,666,295,25,37,100,16,16,0,78,78,0,666,78,13,0,0,38,,40,6.76,0.0,19.82,73.72,9.29,38.14,38.14,,0.0,48.72,0.0
3408170,"Brooklawn borough, New Jersey",place,34,08170,,2023,1788,44.4,1326,231,132,207,886,2.02,55882.0,33052.0,192,1780,0.3732,967,886,81,694,192,148700.0,1507.0,6,14,12,87,192,46.7,1337,464,132,95,117,23,17,0,862,813,49,1466,742,533,74,31,55,14660.0,687,10.79,5.68,11.74,78.33,8.38,61.98,45.31,21.3,4.18,7.41,0.4145
3408260,"Brookside CDP, New Jersey",place,34,08260,,2023,1287,41.5,1185,0,9,106,485,2.65,250001.0,109760.0,36,1287,0.4232,485,485,0,430,55,892500.0,3501.0,12,0,0,0,55,14.4,832,72,0,84,375,141,89,0,774,723,51,1015,723,551,0,8,114,15385.0,609,2.8,6.59,72.72,88.66,0.0,21.82,0.0,25.3,1.11,15.77,0.1454
3408455,"Browns Mills CDP, New Jersey",place,34,08455,,2023,9561,42.9,6519,1360,492,1001,3743,2.54,71975.0,37041.0,1366,9537,0.4722,4115,3743,372,2884,859,214100.0,1192.0,42,69,84,243,859,32.1,6882,2284,348,783,902,187,17,59,4776,4187,379,7980,4292,3459,447,0,247,119270.0,4045,14.32,7.94,16.93,77.05,9.04,50.99,28.29,29.5,0.0,5.75,0.5013
3408492,"Brownville CDP, New Jersey",place,34,08492,,2023,2267,45.3,1796,46,113,457,1011,2.24,86518.0,59113.0,269,2267,0.4415,1038,1011,27,901,110,368100.0,2083.0,0,0,0,18,110,18.0,1785,612,179,191,363,186,25,25,1464,1417,47,1956,1399,951,3,110,289,43915.0,1110,11.87,3.21,33.56,89.12,2.6,16.36,16.36,39.6,7.86,20.66,0.3288
3408620,"Budd Lake CDP, New Jersey",place,34,08620,,2023,10106,36.9,6565,867,665,2539,3620,2.79,113036.0,51719.0,574,10106,0.3879,3652,3620,32,2676,944,437200.0,1326.0,101,95,39,138,944,24.3,6865,1639,404,373,1882,1100,238,66,5902,5562,340,7709,5532,4119,328,38,1020,144305.0,4512,5.68,5.76,47.87,73.92,0.88,39.51,14.62,32.0,0.69,18.44,0.5032
3408680,"Buena borough, New Jersey",place,34,08680,,2023,4500,33.6,3017,133,356,1375,1633,2.73,78393.0,35644.0,268,4494,0.4439,1757,1633,124,1106,527,249100.0,1138.0,78,102,43,148,527,36.4,2764,805,356,160,434,150,0,7,2451,2128,296,3634,2115,1827,131,1,112,60000.0,2003,5.96,12.08,21.38,67.73,7.06,70.4,28.08,30.0,0.05,5.3,0.45
3408890,"Burleigh CDP, New Jersey",place,34,08890,,2023,275,66.0,188,51,0,32,157,1.75,114340.0,65091.0,15,275,0.3361,192,157,35,157,0,242000.0,,0,0,0,0,0,,268,130,36,17,39,16,0,0,149,149,0,275,149,149,0,0,0,,149,5.45,0.0,20.52,100.0,18.23,,,,0.0,0.0,0.4847
3408920,"Burlington city, New Jersey",place,34,08920,,2023,9904,37.8,4574,3410,151,1494,3645,2.71,78009.0,37628.0,1604,9893,0.4312,4068,3645,423,2296,1349,221000.0,1598.0,157,121,72,335,1349,31.6,7076,1846,632,602,1291,460,69,37,5342,4646,663,7954,4573,3389,573,84,400,127935.0,4173,16.21,12.41,26.24,62.99,10.4,50.78,24.83,30.7,1.84,8.75,0.6452
3409040,"Butler borough, New Jersey",place,34,09040,,2023,8072,40.9,6019,137,361,2002,3515,2.28,110375.0,52386.0,755,8072,0.3791,3571,3515,56,2381,1134,425900.0,1455.0,48,103,37,307,1134,24.6,5932,1423,398,378,2186,377,93,20,4939,4691,248,6796,4621,3333,227,262,751,133455.0,3870,9.35,5.02,45.11,67.74,1.57,43.65,27.07,34.5,5.67,16.25,0.3802
3409100,"Buttzville CDP, New Jersey",place,34,09100,,2023,155,71.6,154,0,0,0,96,1.58,,95294.0,3,155,0.5671,96,96,0,96,0,363300.0,,0,0,0,0,0,,155,49,1,0,73,30,0,0,58,58,0,155,58,58,0,0,0,,58,1.94,0.0,66.45,100.0,0.0,,,,0.0,0.0,0.0129
3409170,"Byram Center CDP, New Jersey",place,34,09170,,2023,2018,38.9,1609,57,100,310,747,2.7,122639.0,55437.0,44,2016,0.3372,747,747,0,731,16,349300.0,,16,0,0,0,16,,1366,222,82,213,374,218,31,17,1326,1256,70,1696,1216,990,36,20,164,33430.0,1052,2.18,5.28,46.85,97.86,0.0,100.0,0.0,31.8,1.64,13.49,0.3374
3409250,"Caldwell borough, New Jersey",place,34,09250,,2023,8898,38.5,6095,435,1120,1249,3797,2.18,101196.0,61910.0,488,8319,0.4568,3874,3797,77,1722,2075,563000.0,1937.0,151,144,335,363,2075,30.2,6305,1073,212,519,1979,1372,159,164,5172,4963,209,7391,4929,3230,237,239,969,115840.0,3960,5.87,4.04,58.27,45.35,1.99,47.86,17.49,29.3,4.85,19.66,0.4929
3409280,"Califon borough, New Jersey",place,34,09280,,2023,1065,40.9,976,2,18,90,443,2.4,130938.0,60829.0,94,1065,0.3792,443,443,0,386,57,416900.0,1438.0,0,5,16,10,57,42.8,752,123,36,57,292,124,9,18,683,658,25,907,638,487,26,4,101,18420.0,537,8.83,3.66,58.91,87.13,0.0,54.39,17.54,34.3,0.63,15.83,0.1527
3410000,"Camden city, New Jersey",place,34,10000,,2023,71471,33.4,6355,29552,1278,38756,24697,2.79,40450.0,20043.0,19715,69281,0.4821,27920,24697,3223,8898,15799,100400.0,1157.0,1405,798,1654,5126,15799,36.0,43656,13227,2946,2403,2525,1190,306,158,31605,27136,4469,54104,25851,13703,5451,2955,1355,615870.0,24496,28.46,14.14,9.57,36.03,11.54,56.86,32.45,25.1,11.43,5.24,0.5268
3410270,"Cape May city, New Jersey",place,34,10270,,2023,2789,54.4,2476,104,1,362,1369,1.9,57230.0,65085.0,196,2620,0.5969,3898,1369,2529,862,507,823800.0,1013.0,0,17,20,65,507,26.1,2104,351,247,204,624,261,81,86,1422,1109,29,2531,1373,992,51,2,115,22325.0,1258,7.48,2.04,50.0,62.97,64.88,20.12,12.82,17.7,0.15,8.38,0.1936
3410300,"Cape May Court House CDP, New Jersey",place,34,10300,,2023,5375,44.9,4512,303,133,534,2535,2.04,74503.0,44940.0,818,5149,0.4645,2854,2535,319,1690,845,355500.0,1389.0,0,21,48,424,845,51.0,3896,1087,430,267,724,270,161,84,2445,2281,140,4501,2305,1965,143,1,179,48550.0,2126,15.89,5.73,31.8,66.67,11.18,58.34,50.18,22.8,0.04,7.77,0.2817
3410330,"Cape May Point borough, New Jersey",place,34,10330,,2023,155,70.9,119,27,6,0,84,1.4,88333.0,150725.0,19,155,0.5946,655,84,571,84,0,987200.0,,0,0,0,0,0,,155,13,6,27,38,48,6,2,62,62,0,155,62,29,5,0,7,955.0,55,12.26,0.0,60.65,100.0,87.18,,,17.4,0.0,11.29,0.3787
3410450,"Carlls Corner CDP, New Jersey",place,34,10450,,2023,845,41.7,609,146,32,25,338,2.5,80500.0,39575.0,69,845,0.3545,347,338,9,263,75,196400.0,1652.0,0,0,7,29,75,49.3,585,275,34,57,119,25,0,0,385,316,69,649,316,283,19,0,14,6130.0,302,8.17,17.92,24.62,77.81,2.59,48.0,38.67,20.3,0.0,4.43,0.4484
3410480,"Carlstadt borough, New Jersey",place,34,10480,,2023,6343,44.0,4603,0,552,1258,2639,2.4,94854.0,49947.0,667,6338,0.4112,2733,2639,94,1610,1029,523800.0,1503.0,0,35,155,282,1029,29.2,4546,1586,232,573,733,695,20,24,3802,3595,207,5507,3576,2128,286,640,179,96735.0,3397,10.52,5.44,32.38,61.01,3.44,45.87,27.41,28.5,17.9,5.01,0.4265
3410600,"Carneys Point CDP, New Jersey",place,34,10600,,2023,7945,44.6,4969,1499,205,1307,3318,2.3,75436.0,35777.0,805,7621,0.369,3657,3318,339,2054,1264,180600.0,1283.0,100,7,43,383,1264,27.7,5922,2371,337,380,802,245,0,55,4269,3942,327,6784,3911,2938,488,0,365,80095.0,3546,10.56,7.66,18.61,61.9,9.27,42.17,30.3,22.6,0.0,9.33,0.5455
3410750,"Carteret borough, New Jersey",place,34,10750,,2023,25187,39.3,6856,4366,6163,8553,8317,3.03,87553.0,36299.0,2514,25090,0.4249,8702,8317,385,4592,3725,370200.0,2012.0,582,150,224,462,3725,26.6,16825,4743,1388,1175,3417,1025,148,75,13112,11964,1148,20340,11668,7968,1159,907,1071,340730.0,10597,10.02,8.76,27.73,55.21,4.42,38.07,12.4,32.2,7.77,9.18,0.7207
3411140,"Cedar Glen Lakes CDP, New Jersey",place,34,11140,,2023,1509,73.3,1415,10,29,63,954,1.58,33958.0,28506.0,115,1509,0.3604,1181,954,227,914,40,97000.0,,0,0,0,12,40,,1466,658,153,51,138,100,10,0,232,210,22,1509,202,185,10,0,7,5655.0,195,7.62,9.48,16.92,95.81,19.22,30.0,30.0,29.0,0.0,3.47,0.1185
3411155,"Cedar Glen West CDP, New Jersey",place,34,11155,,2023,1654,62.8,1545,0,67,0,819,2.02,66313.0,43548.0,98,1654,0.4819,1016,819,197,738,81,67400.0,625.0,0,0,0,0,81,11.3,1524,777,108,113,183,54,23,0,756,740,16,1571,631,586,26,0,19,17620.0,612,5.93,2.12,17.06,90.11,19.39,0.0,0.0,28.8,0.0,3.01,0.1258
3411290,"Cedar Knolls CDP, New Jersey",place,34,11290,,2023,4754,41.0,3591,26,842,610,1754,2.69,166077.0,68105.0,106,4754,0.3493,1825,1754,71,1067,687,610100.0,2802.0,60,183,19,94,687,31.0,3292,692,44,199,985,689,40,124,2666,2594,72,3758,2545,1631,420,0,467,46580.0,2078,2.23,2.7,55.83,60.83,3.89,51.82,13.68,22.4,0.0,18.35,0.3816
3411410,"Cedarville CDP, New Jersey",place,34,11410,,2023,636,38.3,553,24,0,115,227,2.8,39816.0,24050.0,168,636,0.4685,280,227,53,165,62,161400.0,1391.0,13,0,0,17,62,29.4,381,203,29,36,12,14,0,0,231,215,16,426,215,178,37,0,0,3905.0,215,26.42,6.93,6.82,72.69,18.93,48.39,27.42,18.2,0.0,0.0,0.2099
3411770,"Centre Grove CDP, New Jersey",place,34,11770,,2023,1371,38.6,1144,97,0,75,559,2.45,104028.0,47088.0,67,1371,0.3908,575,559,16,510,49,209300.0,,0,0,0,0,49,,1065,388,76,39,284,43,0,9,835,808,27,1168,783,725,12,0,4,27020.0,779,4.89,3.23,31.55,91.23,2.78,0.0,0.0,34.7,0.0,0.51,0.2957
3412100,"Chatham borough, New Jersey",place,34,12100,,2023,9219,37.4,7592,43,973,498,2946,3.11,250001.0,99600.0,231,9194,0.414,3003,2946,57,2402,544,944300.0,2251.0,30,16,65,111,544,22.5,5683,284,133,117,2395,1713,482,226,4744,4462,282,6680,4422,2006,136,765,1441,114980.0,2981,2.51,5.94,84.74,81.53,1.9,40.81,20.4,38.6,17.3,32.59,0.3077
3412385,"Cherry Hill Mall CDP, New Jersey",place,34,12385,,2023,14827,38.8,9360,1810,1573,1920,5409,2.73,117535.0,52783.0,1277,14596,0.4375,5840,5409,431,3900,1509,313000.0,2069.0,60,93,100,227,1509,24.0,10256,1915,209,1097,2653,1397,414,360,8504,7976,528,11930,7649,5379,472,209,1444,151440.0,6205,8.75,6.21,47.04,72.1,7.38,31.81,15.04,24.4,2.73,18.88,0.5586
3412550,"Chesilhurst borough, New Jersey",place,34,12550,,2023,1340,51.4,613,527,0,276,496,2.57,89904.0,39558.0,157,1340,0.4196,556,496,60,436,60,215100.0,,4,11,0,4,60,27.2,1047,281,120,92,135,23,0,0,761,719,42,1183,681,449,133,48,45,23930.0,636,11.72,5.52,15.09,87.9,10.79,31.67,6.67,37.6,7.05,6.61,0.5936
3412580,"Chester borough, New Jersey",place,34,12580,,2023,1359,43.6,1183,18,37,128,549,2.43,152578.0,80525.0,102,1357,0.5078,554,549,5,419,130,640400.0,1337.0,11,11,2,48,130,33.9,1002,205,32,67,380,162,49,21,757,728,29,1124,714,502,3,16,161,16520.0,553,7.52,3.83,61.08,76.32,0.9,55.38,36.92,29.9,2.24,22.55,0.2325
3413360,"Clayton borough, New Jersey",place,34,13360,,2023,8867,40.1,6114,1801,21,794,3351,2.64,89375.0,38638.0,622,8865,0.3891,3690,3351,339,2492,859,244800.0,1204.0,86,18,31,202,859,26.5,6205,2069,333,556,849,390,55,43,4261,3966,280,7093,3749,3083,250,112,264,114570.0,3485,7.02,6.57,21.55,74.37,9.19,39.23,23.52,32.9,2.99,7.04,0.4753
3413395,"Clearbrook CDP, New Jersey",place,34,13395,,2023,2477,72.7,2250,65,73,291,1771,1.4,34958.0,38787.0,442,2477,0.4765,1942,1771,171,1584,187,245300.0,1944.0,10,12,0,54,187,33.8,2477,1109,96,187,435,116,49,22,613,488,125,2477,476,392,0,0,84,13365.0,392,17.84,20.39,25.11,89.44,8.81,40.64,28.88,34.1,0.0,17.65,0.1595
3413420,"Clementon borough, New Jersey",place,34,13420,,2023,5351,40.3,3404,834,0,1017,2204,2.43,69536.0,32594.0,645,5343,0.3792,2416,2204,212,1151,1053,197200.0,1233.0,178,0,92,289,1053,31.4,3945,1307,196,439,666,199,18,0,2957,2770,187,4323,2553,2008,160,91,188,55820.0,2365,12.07,6.32,22.38,52.22,8.77,53.09,27.45,23.6,3.56,7.36,0.5349
3413570,"Cliffside Park borough, New Jersey",place,34,13570,,2023,25580,41.0,13881,845,3402,8293,10615,2.41,94960.0,51220.0,2873,25455,0.4913,11223,10615,608,5291,5324,577200.0,1783.0,207,470,535,1244,5324,29.3,18897,3800,590,1344,4861,2176,520,458,13669,13008,661,21545,12705,5855,1321,2232,2233,364195.0,10472,11.29,4.84,42.41,49.84,5.42,46.13,23.37,34.8,17.57,17.58,0.5816
3413630,"Cliffwood Beach CDP, New Jersey",place,34,13630,,2023,3044,43.7,1789,528,208,711,1215,2.51,108854.0,44381.0,58,3044,0.3037,1239,1215,24,1117,98,340600.0,2598.0,0,0,45,0,98,29.2,2331,647,187,164,352,137,46,24,1652,1563,89,2582,1551,1337,51,20,110,40205.0,1441,1.91,5.39,23.98,91.93,1.94,45.92,0.0,27.9,1.29,7.09,0.5653
3413690,"Clifton city, New Jersey",place,34,13690,,2023,89247,41.1,49329,4224,6929,35128,32897,2.69,99003.0,45102.0,6586,88585,0.4403,34064,32897,1167,19302,13595,444300.0,1658.0,891,673,1163,4155,13595,32.1,65111,18539,3586,4062,15304,5236,1559,370,50121,46616,3505,73379,45387,31154,3453,4367,4736,1185100.0,40651,7.43,6.99,34.51,58.67,3.43,50.62,30.56,29.2,9.62,10.43,0.5313
3413720,"Clinton town, New Jersey",place,34,13720,,2023,2784,38.2,2138,19,247,279,1049,2.65,142563.0,61852.0,64,2784,0.383,1094,1049,45,762,287,407800.0,1707.0,28,28,28,41,287,25.4,1870,292,99,114,686,329,29,67,1580,1528,39,2225,1491,1056,68,5,299,36025.0,1192,2.3,2.47,59.41,72.64,4.11,43.55,14.29,30.2,0.34,20.05,0.3923
3413810,"Closter borough, New Jersey",place,34,13810,,2023,8544,40.3,4331,235,2752,844,2632,3.22,187500.0,74100.0,608,8470,0.4484,2723,2632,91,2159,473,820100.0,2651.0,46,20,7,168,473,30.5,5540,737,245,311,2005,1114,428,119,4516,4316,200,6389,4267,2484,339,345,906,112150.0,3361,7.18,4.43,66.17,82.03,3.34,50.95,35.52,33.4,8.09,21.23,0.6288
3413990,"Clyde CDP, New Jersey",place,34,13990,,2023,108,69.9,72,36,0,0,46,2.35,108214.0,49262.0,0,108,0.1184,46,46,0,46,0,436400.0,,0,0,0,0,0,,98,27,0,18,15,11,6,9,17,17,0,98,17,6,11,0,0,,17,0.0,0.0,41.84,100.0,0.0,,,,0.0,0.0,0.4444
3414230,"Collings Lakes CDP, New Jersey",place,34,14230,,2023,1489,32.9,1143,0,72,379,527,2.83,86359.0,34998.0,207,1489,0.2947,565,527,38,527,0,194500.0,,0,0,0,0,0,,993,388,0,157,71,21,21,26,782,740,42,1269,740,582,61,0,49,22245.0,691,13.9,5.37,14.0,100.0,6.73,,,32.2,0.0,6.62,0.3436
3414260,"Collingswood borough, New Jersey",place,34,14260,,2023,14163,39.6,11110,1542,148,1132,6611,2.13,83917.0,57693.0,1521,14071,0.4941,7009,6611,398,3597,3014,346300.0,1420.0,216,165,343,834,3014,32.1,10552,1907,415,865,2876,1781,432,351,8616,8025,579,11923,7836,4197,926,913,1559,164210.0,6277,10.81,6.72,51.55,54.41,5.68,51.69,27.67,26.2,11.65,19.9,0.3663
3414350,"Cologne CDP, New Jersey",place,34,14350,,2023,1023,60.5,873,93,27,84,604,1.69,101723.0,68085.0,54,1023,0.3622,604,604,0,394,210,330500.0,2455.0,0,0,24,0,210,22.5,891,238,64,69,302,61,45,23,557,533,24,919,533,383,54,17,79,9580.0,454,5.28,4.31,48.37,65.23,0.0,11.43,0.0,21.1,3.19,14.82,0.2561
3414380,"Colonia CDP, New Jersey",place,34,14380,,2023,18294,43.3,11989,802,2590,3037,6193,2.95,134301.0,51419.0,1067,18210,0.3904,6243,6193,50,5465,728,473200.0,1964.0,43,76,0,260,728,33.2,13345,2841,804,816,4004,1564,501,143,9831,9407,424,15006,9170,6946,537,236,1266,261985.0,7904,5.86,4.31,46.55,88.24,0.8,52.06,35.71,33.1,2.57,13.81,0.521
3414590,"Columbia CDP, New Jersey",place,34,14590,,2023,152,55.6,146,0,0,6,47,2.55,84531.0,32378.0,15,112,0.2774,47,47,0,39,8,322000.0,,0,0,0,0,8,,129,48,5,16,37,0,0,0,50,50,0,136,50,39,0,0,4,,46,13.39,0.0,28.68,82.98,0.0,0.0,0.0,,0.0,8.0,0.0758
3414758,"Concordia CDP, New Jersey",place,34,14758,,2023,2724,72.4,2377,33,243,175,1650,1.65,57063.0,51046.0,187,2724,0.4058,1791,1650,141,1458,192,298500.0,2093.0,16,0,47,20,192,30.5,2702,529,303,170,606,273,48,0,896,793,103,2702,768,563,49,16,100,22425.0,668,6.86,11.5,34.31,88.36,7.87,43.23,10.42,33.6,2.08,13.02,0.2263
3414815,"Connecticut Farms CDP, New Jersey",place,34,14815,,2023,457,59.9,282,55,120,0,147,3.11,,33842.0,16,457,0.3106,147,147,0,126,21,418800.0,,0,0,15,6,21,,392,143,25,0,185,10,0,0,254,234,20,451,234,213,3,0,8,8455.0,226,3.5,7.87,49.74,85.71,0.0,100.0,28.57,37.4,0.0,3.42,0.5358
3414980,"Cookstown CDP, New Jersey",place,34,14980,,2023,521,41.4,426,26,17,86,217,2.4,110938.0,58970.0,24,516,0.454,217,217,0,209,8,369600.0,,0,0,0,1,8,,375,110,35,29,93,39,0,10,289,272,13,414,255,225,5,0,13,7380.0,242,4.65,4.5,37.87,96.31,0.0,12.5,12.5,30.5,0.0,5.1,0.3006
3415160,"Corbin City city, New Jersey",place,34,15160,,2023,668,34.0,621,0,0,40,230,2.9,88839.0,34789.0,97,668,0.3339,252,230,22,202,28,221600.0,1352.0,0,0,0,20,28,51.0,433,187,15,49,59,23,0,2,355,325,30,542,319,292,7,0,20,9670.0,299,14.52,8.45,19.4,87.83,8.73,71.43,71.43,32.3,0.0,6.27,0.1322
3415250,"Country Lake Estates CDP, New Jersey",place,34,15250,,2023,4700,36.6,2551,1301,144,484,1422,3.3,124636.0,44288.0,189,4674,0.3416,1470,1422,48,1326,96,226000.0,,0,0,24,0,96,17.5,2872,952,110,234,349,345,0,0,2953,2789,48,3790,2877,2090,544,22,122,87185.0,2755,4.04,1.63,24.16,93.25,3.27,25.0,0.0,31.6,0.76,4.24,0.6172
3415520,"Cranbury CDP, New Jersey",place,34,15520,,2023,2304,51.6,1470,165,533,54,822,2.69,230703.0,90408.0,99,2212,0.3871,856,822,34,707,115,794500.0,1594.0,8,19,7,13,115,22.5,1797,141,28,70,662,506,86,108,1453,1379,58,2011,1359,690,50,47,504,32245.0,855,4.48,3.99,75.79,86.01,3.97,40.87,11.3,37.7,3.46,37.09,0.5337
3415610,"Crandon Lakes CDP, New Jersey",place,34,15610,,2023,1258,43.4,1235,0,0,17,489,2.57,92434.0,43211.0,35,1258,0.3077,489,489,0,469,20,279500.0,,0,0,0,0,20,,880,224,90,100,227,66,26,8,622,593,29,1018,575,495,11,13,56,16820.0,519,2.78,4.66,37.16,95.91,0.0,0.0,0.0,32.4,2.26,9.74,0.036
3415638,"Cranford CDP, New Jersey",place,34,15638,,2023,1783,43.6,1450,63,61,108,968,1.76,82222.0,66696.0,53,1691,0.4364,994,968,26,338,630,550000.0,2312.0,13,20,188,75,630,29.7,1430,292,37,39,600,224,29,22,1075,1065,10,1604,1046,568,20,137,268,30940.0,778,3.13,0.93,61.19,34.92,2.62,46.98,11.9,39.8,13.1,25.62,0.3326
3415730,"Cream Ridge CDP, New Jersey",place,34,15730,,2023,477,51.1,369,26,82,0,138,3.46,235761.0,87066.0,0,477,0.4159,197,138,59,138,0,808000.0,,0,0,0,0,0,,323,66,0,27,95,56,0,45,219,219,0,388,219,166,13,0,40,,179,0.0,0.0,60.68,100.0,29.95,,,,0.0,18.26,0.369
3415820,"Cresskill borough, New Jersey",place,34,15820,,2023,9101,45.0,5628,58,2534,1077,3085,2.9,173293.0,70235.0,209,8960,0.4159,3200,3085,115,2488,597,764800.0,2311.0,8,23,137,135,597,39.8,6219,977,171,676,1934,1187,348,168,4812,4582,230,7093,4522,3303,186,198,788,125575.0,3734,2.33,4.78,58.48,80.65,3.59,50.75,22.61,33.6,4.38,17.43,0.526
3415910,"Crestwood Village CDP, New Jersey",place,34,15910,,2023,7951,71.5,7376,137,119,331,5717,1.38,38396.0,37118.0,943,7895,0.4243,6712,5717,995,5136,581,95700.0,1236.0,16,29,16,92,581,23.6,7931,3390,593,806,985,331,33,120,1883,1672,211,7951,1617,1387,40,1,156,47465.0,1461,11.94,11.21,18.52,89.84,14.82,26.33,15.83,32.5,0.06,9.65,0.1372
3416060,"Crosswicks CDP, New Jersey",place,34,16060,,2023,986,49.9,882,47,0,0,383,2.57,156063.0,91525.0,64,986,0.5047,383,383,0,356,27,608800.0,,0,0,0,0,27,,802,151,0,47,346,110,0,0,660,660,0,833,660,413,0,0,187,13830.0,473,6.49,0.0,56.86,92.95,0.0,0.0,0.0,29.2,0.0,28.33,0.1976
3416278,"Cumberland-Hesstown CDP, New Jersey",place,34,16278,,2023,152,33.5,134,0,0,0,95,1.6,,40805.0,0,152,0.3367,95,95,0,73,22,217100.0,,0,0,0,22,22,,120,74,10,0,0,14,0,0,101,79,22,142,79,57,22,0,0,2620.0,79,0.0,21.78,11.67,76.84,0.0,100.0,100.0,33.2,0.0,0.0,0.2228
3416630,"Dayton CDP, New Jersey",place,34,16630,,2023,8241,40.4,2266,553,4552,581,2746,3.0,141308.0,55295.0,178,8241,0.3475,2814,2746,68,2329,417,471700.0,1969.0,168,0,0,39,417,30.4,5618,698,136,217,2177,1490,138,120,4652,4272,380,6555,4229,2786,206,251,865,118785.0,3364,2.16,8.17,69.86,84.81,2.42,49.64,9.35,35.3,5.94,20.45,0.6098
3416660,"Deal borough, New Jersey",place,34,16660,,2023,632,41.8,523,13,7,109,247,2.54,77679.0,68151.0,86,632,0.6129,951,247,704,151,96,1329500.0,1422.0,0,4,2,37,96,36.9,400,130,24,25,91,19,9,0,267,256,11,536,255,173,16,15,22,8275.0,233,13.61,4.12,29.75,61.13,74.03,44.79,38.54,35.5,5.88,8.63,0.2849
3416720,"Deans CDP, New Jersey",place,34,16720,,2023,1166,49.7,254,0,871,41,403,2.89,225750.0,78489.0,30,1166,0.341,403,403,0,368,35,712700.0,,0,0,0,30,35,,853,36,28,65,195,269,36,116,670,644,26,958,634,314,66,74,180,20425.0,454,2.57,3.88,72.22,91.32,0.0,85.71,85.71,45.0,11.67,28.39,0.3933
3416960,"Deerfield Street CDP, New Jersey",place,34,16960,,2023,433,28.4,264,0,17,0,113,3.83,92102.0,22612.0,98,433,0.4142,113,113,0,96,17,164300.0,,0,0,0,0,17,,248,161,0,10,32,17,0,0,258,247,11,367,217,125,57,0,35,2730.0,182,22.63,4.26,19.76,84.96,0.0,0.0,0.0,15.0,0.0,16.13,0.6267
3417200,"Delaware CDP, New Jersey",place,34,17200,,2023,86,62.7,72,14,0,0,30,2.4,138750.0,40215.0,11,77,0.2509,30,30,0,24,6,220000.0,,0,0,0,0,6,,62,15,0,0,4,9,9,0,29,24,5,77,24,24,0,0,0,,24,14.29,17.24,35.48,80.0,0.0,0.0,0.0,,0.0,0.0,0.2726
3417260,"Delaware Park CDP, New Jersey",place,34,17260,,2023,305,55.9,305,0,0,0,139,2.19,116782.0,70795.0,0,305,0.231,139,139,0,139,0,292200.0,,0,0,0,0,0,,268,60,15,16,125,0,0,0,249,249,0,305,249,195,0,37,17,7150.0,232,0.0,0.0,46.64,100.0,0.0,,,30.8,14.86,6.83,0.0
3417410,"Delmont CDP, New Jersey",place,34,17410,,2023,285,51.5,285,0,0,0,123,2.32,,38402.0,59,285,0.3599,123,123,0,123,0,222800.0,,0,0,0,0,0,,210,115,0,0,12,0,0,0,171,171,0,270,171,171,0,0,0,4025.0,171,20.7,0.0,5.71,100.0,0.0,,,23.5,0.0,0.0,0.0
3417530,"Demarest borough, New Jersey",place,34,17530,,2023,4916,45.9,3342,18,1402,348,1695,2.89,175078.0,106410.0,39,4916,0.4905,1746,1695,51,1520,175,965400.0,3501.0,14,16,15,89,175,51.0,3293,235,153,162,1259,754,388,60,2390,2249,141,3705,2234,1313,185,190,446,72365.0,1788,0.79,5.9,74.73,89.68,2.92,76.57,50.86,40.5,8.5,19.96,0.4515
3417590,"Dennisville CDP, New Jersey",place,34,17590,,2023,667,44.8,661,0,0,1,305,2.15,96641.0,50694.0,8,667,0.269,344,305,39,257,48,290700.0,1132.0,0,0,0,0,48,17.6,494,116,19,16,137,85,16,0,467,458,9,601,438,352,52,5,29,10905.0,409,1.2,1.93,48.18,84.26,11.34,0.0,0.0,26.7,1.14,6.62,0.0179
3417815,"Diamond Beach CDP, New Jersey",place,34,17815,,2023,288,61.8,288,0,0,0,148,1.95,114914.0,59052.0,0,288,0.2699,1001,148,853,148,0,603800.0,,0,0,0,0,0,,280,71,8,42,67,49,35,0,81,72,9,280,72,61,0,0,11,,61,0.0,11.11,53.93,100.0,85.21,,,,0.0,15.28,0.0
3417890,"Dividing Creek CDP, New Jersey",place,34,17890,,2023,595,29.4,349,0,0,185,185,3.22,68125.0,32054.0,32,595,0.4986,185,185,0,140,45,125000.0,,0,0,3,0,45,15.2,300,110,18,34,22,0,0,0,199,190,9,363,186,151,29,0,6,5095.0,180,5.38,4.52,7.33,75.68,0.0,6.67,0.0,28.3,0.0,3.23,0.5593
3418010,"Dorchester CDP, New Jersey",place,34,18010,,2023,78,63.7,78,0,0,0,27,2.89,100875.0,28168.0,28,78,0.1643,58,27,31,27,0,,,0,0,0,0,0,,63,17,10,7,8,8,0,0,30,30,0,69,30,30,0,0,0,,30,35.9,0.0,25.4,100.0,53.45,,,,0.0,0.0,0.0
3418040,"Dorothy CDP, New Jersey",place,34,18040,,2023,1255,49.8,1006,139,0,153,581,2.15,104102.0,50749.0,147,1255,0.283,632,581,51,466,115,306900.0,,0,11,0,0,115,,1074,405,14,121,126,83,51,0,614,528,86,1117,528,480,26,0,22,15535.0,506,11.71,14.01,24.21,80.21,8.07,9.57,0.0,30.7,0.0,4.17,0.3303
3418070,"Dover town, New Jersey",place,34,18070,,2023,18420,41.0,5094,1086,402,13807,6455,2.82,70519.0,31603.0,2113,18150,0.4028,6621,6455,166,2849,3606,347100.0,1743.0,111,426,677,1088,3606,40.0,13077,3986,686,1043,1709,421,70,53,10976,10391,497,15147,10416,6777,1279,280,572,264560.0,9844,11.64,4.53,17.23,44.14,2.51,63.84,30.17,26.9,2.69,5.49,0.3577
3418148,"Dover Beaches North CDP, New Jersey",place,34,18148,,2023,1599,65.2,1333,0,0,172,1061,1.51,52417.0,71357.0,67,1599,0.5202,4264,1061,3203,900,161,738000.0,1177.0,0,0,0,79,161,51.0,1456,389,38,194,443,153,37,10,689,649,40,1550,649,440,0,7,155,17905.0,494,4.19,5.81,44.16,84.83,75.12,49.07,49.07,36.2,1.08,23.88,0.2935
3418151,"Dover Beaches South CDP, New Jersey",place,34,18151,,2023,1520,63.4,1488,0,0,57,807,1.88,105536.0,80237.0,80,1520,0.4729,2428,807,1621,747,60,688400.0,1750.0,6,0,0,21,60,25.0,1402,236,108,116,411,244,27,16,660,631,29,1437,626,496,7,17,80,19660.0,546,5.26,4.39,49.79,92.57,66.76,45.0,35.0,36.0,2.72,12.78,0.0403
3418400,"Dumont borough, New Jersey",place,34,18400,,2023,18072,42.1,10227,859,3775,3547,6491,2.78,125585.0,51872.0,1079,18036,0.3803,6781,6491,290,4686,1805,469900.0,1778.0,302,104,188,388,1805,31.9,12944,2690,988,1185,3889,1583,524,57,10528,10176,341,15074,9950,7021,883,764,1106,287770.0,8844,5.98,3.24,46.76,72.19,4.28,54.4,21.5,32.5,7.68,11.12,0.5953
3418490,"Dunellen borough, New Jersey",place,34,18490,,2023,7711,41.7,2834,456,885,3473,2471,3.11,84789.0,37189.0,1776,7704,0.4856,2725,2471,254,1563,908,380200.0,1461.0,140,41,80,228,908,32.0,5179,1184,258,419,1201,295,26,28,3970,3747,223,6197,3716,2575,374,236,279,96220.0,3437,23.05,5.62,29.93,63.25,9.32,53.85,25.11,28.0,6.35,7.51,0.6454
3418632,"Dutch Neck CDP, New Jersey",place,34,18632,,2023,106,65.3,87,0,0,0,52,2.04,76750.0,43534.0,0,106,0.2227,52,52,0,42,10,,,0,0,0,0,10,,106,46,10,0,23,0,0,0,56,56,0,106,56,49,0,0,7,,49,0.0,0.0,21.7,80.77,0.0,0.0,0.0,,0.0,12.5,0.3264
3419130,"East Franklin CDP, New Jersey",place,34,19130,,2023,10281,30.4,1009,2575,508,5805,3023,3.4,105363.0,37009.0,888,10281,0.3307,3023,3023,0,1447,1576,366900.0,1794.0,182,58,234,85,1576,25.3,6100,1653,521,281,1028,402,7,78,5828,5659,169,7596,5240,2873,661,71,611,143455.0,4629,8.64,2.9,24.84,47.87,0.0,35.47,5.39,31.0,1.35,11.66,0.6064
3419150,"East Freehold CDP, New Jersey",place,34,19150,,2023,5381,41.4,4767,0,268,489,1685,3.19,195804.0,61934.0,545,5381,0.3549,1685,1685,0,1496,189,626800.0,1828.0,0,10,0,120,189,51.0,3497,463,214,161,1395,580,76,202,3170,2997,173,4166,2946,1966,294,64,573,84695.0,2373,10.13,5.46,64.43,88.78,0.0,68.78,63.49,35.7,2.17,19.45,0.2045
3419330,"East Millstone CDP, New Jersey",place,34,19330,,2023,653,46.9,423,182,0,48,245,2.67,250001.0,207042.0,0,653,0.4589,245,245,0,189,56,668400.0,,29,0,0,0,56,,525,26,77,40,67,225,0,0,460,460,0,525,460,279,0,0,175,10555.0,285,0.0,0.0,55.62,77.14,0.0,51.79,0.0,37.0,0.0,38.04,0.4973
3419360,"East Newark borough, New Jersey",place,34,19360,,2023,2529,42.1,710,66,233,1596,829,3.05,65272.0,23810.0,613,2437,0.4174,860,829,31,212,617,277700.0,1696.0,53,23,46,237,617,36.6,1780,513,99,68,393,54,0,20,1376,1210,166,2032,1202,459,283,130,163,33990.0,1039,25.15,12.06,26.24,25.57,3.6,58.18,38.41,32.7,10.82,13.56,0.5138
3419390,"East Orange city, New Jersey",place,34,19390,,2023,69183,37.0,2377,55521,1653,6819,28188,2.42,59872.0,32796.0,11988,68043,0.4575,29949,28188,1761,7714,20474,315500.0,1372.0,1940,1290,2172,4679,20474,30.8,48796,15054,4419,3700,8111,2190,544,325,36827,32991,3786,55306,31736,17968,1777,6359,2576,1034265.0,29160,17.62,10.28,22.89,27.37,5.88,49.24,22.85,35.5,20.04,8.12,0.3445
3419490,"East Rocky Hill CDP, New Jersey",place,34,19490,,2023,212,59.4,188,2,1,1,106,1.96,232727.0,137482.0,0,212,0.2027,106,106,0,106,0,643500.0,,0,0,0,0,0,,202,2,0,34,73,58,0,0,179,155,24,212,155,106,16,0,32,4265.0,123,0.0,13.41,64.85,100.0,0.0,,,34.7,0.0,20.65,0.2135
3419510,"East Rutherford borough, New Jersey",place,34,19510,,2023,10154,36.5,5679,436,2068,2581,4177,2.43,91789.0,48209.0,750,10124,0.422,4325,4177,148,1493,2684,453500.0,1867.0,186,123,264,571,2684,26.6,7405,1458,387,438,2431,703,112,87,5939,5654,285,8499,5508,3357,104,752,850,154705.0,4658,7.41,4.8,45.01,35.74,3.42,42.62,21.27,33.2,13.65,15.43,0.5793
3419690,"East Vineland CDP, New Jersey",place,34,19690,,2023,1475,39.9,1220,10,133,138,548,2.67,98231.0,32368.0,108,1475,0.2166,548,548,0,548,0,229500.0,,0,0,0,0,0,,1121,202,187,213,61,51,0,14,761,735,26,1183,709,626,25,0,0,30400.0,709,7.32,3.42,11.24,100.0,0.0,,,42.9,0.0,0.0,0.2989
3419840,"Eatontown borough, New Jersey",place,34,19840,,2023,13537,45.5,8880,977,1745,2016,5856,2.28,90174.0,47708.0,768,13352,0.4585,6217,5856,361,3198,2658,454300.0,1599.0,124,106,166,934,2658,32.2,10110,1877,640,1075,2448,1199,235,155,7697,7019,640,11283,6843,5019,609,228,753,149220.0,6090,5.75,8.31,39.93,54.61,5.81,50.04,35.14,24.5,3.33,11.0,0.5257
3419900,"Echelon CDP, New Jersey",place,34,19900,,2023,13577,35.4,7186,1556,3588,716,6207,2.15,81808.0,41922.0,1404,13463,0.4381,6240,6207,33,2319,3888,288000.0,1697.0,388,203,187,1169,3888,30.3,9399,1677,402,785,3101,1573,188,87,7688,7212,368,10986,7188,4603,605,522,1261,182935.0,5927,10.43,4.79,52.65,37.36,0.53,50.08,30.07,30.9,7.26,17.54,0.6341
3420020,"Edgewater borough, New Jersey",place,34,20020,,2023,14544,39.9,5948,651,6125,1801,7009,2.07,137847.0,96592.0,906,14506,0.4887,7601,7009,592,2876,4133,723400.0,2645.0,520,210,144,846,4133,27.2,11804,1020,296,409,4817,2767,898,257,9314,8860,454,12598,8774,3089,363,2604,2227,275160.0,6547,6.25,4.87,74.03,41.03,7.79,41.62,20.47,42.0,29.68,25.38,0.6381
3420350,"Egg Harbor City city, New Jersey",place,34,20350,,2023,4378,36.7,1932,1561,22,754,1655,2.63,67604.0,28933.0,356,4371,0.3847,1890,1655,235,862,793,182100.0,1208.0,40,20,24,242,793,27.8,2962,806,492,190,276,234,8,35,2210,1947,256,3387,1897,1519,34,77,93,43065.0,1804,8.14,11.58,18.67,52.08,12.43,41.11,30.52,23.9,4.06,4.9,0.6484
3421000,"Elizabeth city, New Jersey",place,34,21000,,2023,135887,35.8,33751,23212,2431,90707,45932,2.93,63874.0,28490.0,20565,134429,0.4432,48940,45932,3008,11664,34268,393500.0,1463.0,3270,2374,3331,8968,34268,32.1,88028,31562,3724,4097,8636,2986,639,237,70652,65773,4856,104834,63429,37473,9657,7308,3590,1614750.0,59839,15.3,6.87,14.2,25.39,6.15,52.36,26.17,27.0,11.52,5.66,0.4632
3421120,"Ellisburg CDP, New Jersey",place,34,21120,,2023,5021,36.9,3754,349,613,280,1843,2.66,91272.0,49430.0,584,4911,0.5078,1906,1843,63,1223,620,294300.0,1428.0,49,17,29,170,620,28.2,3511,912,222,256,868,395,87,113,2322,2092,230,3850,2030,1616,57,28,243,49055.0,1787,11.89,9.91,41.67,66.36,3.31,42.74,27.42,27.5,1.38,11.97,0.4182
3421240,"Elmer borough, New Jersey",place,34,21240,,2023,1152,39.4,1082,19,10,36,441,2.59,92757.0,42084.0,58,1152,0.313,493,441,52,283,158,206300.0,1627.0,10,3,0,11,158,21.6,850,296,78,112,139,74,3,0,661,637,24,987,629,479,72,0,66,13335.0,563,5.03,3.63,25.41,64.17,10.55,15.19,6.96,23.7,0.0,10.49,0.1165
3421300,"Elmwood Park borough, New Jersey",place,34,21300,,2023,21287,39.9,12263,2105,2062,6326,7267,2.92,100852.0,40732.0,2114,21231,0.4136,7561,7267,294,4171,3096,456000.0,2025.0,207,198,152,961,3096,30.3,15249,4393,957,1446,3685,1350,229,184,11597,10689,855,17187,10537,7552,812,746,819,264675.0,9718,9.96,7.37,35.73,57.4,3.89,49.03,31.04,27.2,7.08,7.77,0.5607
3421420,"Elwood CDP, New Jersey",place,34,21420,,2023,920,62.8,447,242,0,318,445,1.86,68698.0,41091.0,72,883,0.3811,445,445,0,445,0,170300.0,,0,0,0,0,0,,895,268,80,0,17,31,0,0,450,420,30,906,420,359,40,0,0,9210.0,420,8.15,6.67,5.36,100.0,0.0,,,21.9,0.0,0.0,0.5753
3421450,"Emerson borough, New Jersey",place,34,21450,,2023,7263,47.9,5791,51,826,552,2641,2.67,153963.0,68008.0,188,7099,0.419,2641,2641,0,2353,288,626000.0,1926.0,30,14,15,83,288,32.3,5273,862,308,402,1949,792,145,25,4016,3732,284,5980,3707,2538,155,248,595,91855.0,3112,2.65,7.07,55.21,89.1,0.0,49.31,28.82,29.5,6.69,16.05,0.3455
3421473,"Encore at Monroe CDP, New Jersey",place,34,21473,,2023,713,75.8,658,0,55,0,377,1.89,72896.0,48006.0,43,713,0.3618,377,377,0,377,0,463900.0,,0,0,0,0,0,,713,198,38,43,139,74,12,0,117,117,0,713,117,117,0,0,0,,117,6.03,0.0,31.56,100.0,0.0,,,,0.0,0.0,0.1424
3421480,"Englewood city, New Jersey",place,34,21480,,2023,29342,43.0,11376,5823,3812,9382,11258,2.59,101398.0,61108.0,2849,29072,0.5218,12047,11258,789,5935,5323,497500.0,1925.0,511,378,462,1714,5323,34.9,21016,4061,998,1626,4872,2378,1537,804,16598,15526,1072,23630,15352,9179,1185,1633,1959,380960.0,13393,9.8,6.46,45.64,52.72,6.55,57.58,32.2,28.4,10.64,12.76,0.6912
3421510,"Englewood Cliffs borough, New Jersey",place,34,21510,,2023,5330,49.9,2459,94,2356,415,1930,2.74,222192.0,102085.0,249,5321,0.4869,2029,1930,99,1617,313,1232700.0,3501.0,0,0,22,144,313,49.1,3933,350,81,200,1262,777,749,238,2684,2563,121,4361,2528,1617,232,160,519,68870.0,2009,4.68,4.51,76.94,83.78,4.88,53.04,46.01,34.3,6.33,20.53,0.5854
3421540,"English Creek CDP, New Jersey",place,34,21540,,2023,2275,61.9,2059,11,19,71,1309,1.73,61694.0,50185.0,242,2275,0.4345,1344,1309,35,1242,67,284800.0,,0,0,0,40,67,,2036,648,167,184,605,76,44,0,970,920,31,2173,931,727,56,0,148,18625.0,783,10.64,3.2,35.61,94.88,2.6,59.7,59.7,23.8,0.0,15.9,0.1798
3421570,"Englishtown borough, New Jersey",place,34,21570,,2023,2075,39.2,1501,88,208,350,759,2.67,101736.0,51466.0,295,2017,0.4893,802,759,43,463,296,479000.0,2003.0,12,14,35,71,296,28.2,1416,305,124,121,368,125,17,19,1108,1019,85,1638,1012,708,55,66,162,30465.0,850,14.63,7.67,37.36,61.0,5.36,44.59,23.99,35.8,6.52,16.01,0.4364
3421660,"Erma CDP, New Jersey",place,34,21660,,2023,2039,37.8,1602,118,21,163,782,2.6,93674.0,37111.0,146,2035,0.3253,907,782,125,571,211,378000.0,1576.0,0,0,47,59,211,40.1,1440,385,186,85,388,86,29,12,1145,957,141,1538,962,738,99,0,70,17435.0,892,7.17,12.31,35.76,73.02,13.78,50.24,27.96,19.5,0.0,7.28,0.3729
3421840,"Essex Fells borough, New Jersey",place,34,21840,,2023,2320,43.8,1875,43,106,302,724,3.2,250001.0,122383.0,9,2320,0.452,792,724,68,701,23,976300.0,3501.0,0,0,0,10,23,37.5,1467,107,22,31,614,409,136,36,1052,1011,41,1637,1008,576,7,78,328,21710.0,680,0.39,3.9,81.46,96.82,8.59,43.48,43.48,31.9,7.74,32.54,0.3275
3421870,"Estell Manor city, New Jersey",place,34,21870,,2023,1612,40.5,1473,38,36,22,591,2.72,107417.0,44200.0,42,1607,0.3385,691,591,100,566,25,288200.0,1558.0,0,0,0,16,25,51.0,1105,343,63,116,290,83,8,6,740,710,30,1241,706,633,15,0,50,21215.0,656,2.61,4.05,35.02,95.77,14.47,64.0,64.0,32.3,0.0,7.08,0.1638
3422440,"Fair Haven borough, New Jersey",place,34,22440,,2023,6182,40.5,5830,175,26,129,2072,2.98,237132.0,112530.0,74,6181,0.4718,2082,2072,10,1914,158,943300.0,3500.0,0,0,67,0,158,12.5,3859,208,101,153,1887,728,428,84,3215,3111,104,4487,3013,1611,118,483,705,91185.0,2308,1.2,3.23,81.03,92.37,0.48,42.41,0.0,39.5,16.03,23.4,0.1094
3422470,"Fair Lawn borough, New Jersey",place,34,22470,,2023,35153,39.2,24334,1469,4693,4626,12150,2.88,147952.0,60114.0,2124,35010,0.4075,12392,12150,242,9629,2521,532700.0,1908.0,143,160,231,834,2521,36.3,23606,3347,810,1228,8409,4919,1137,685,18363,17504,859,26840,17228,10778,869,1970,3257,435770.0,13971,6.07,4.68,64.18,79.25,1.95,54.26,33.08,31.2,11.43,18.91,0.4839
3422530,"Fairton CDP, New Jersey",place,34,22530,,2023,918,38.3,489,220,5,81,362,2.54,62250.0,32295.0,119,903,0.4449,417,362,55,250,112,171300.0,1553.0,7,10,7,29,112,34.6,675,280,69,11,40,19,3,1,482,435,47,775,414,364,30,3,17,9960.0,397,13.18,9.75,9.33,69.06,13.19,47.32,25.89,25.1,0.72,4.11,0.651
3422560,"Fairview borough, New Jersey",place,34,22560,,2023,14920,39.0,7446,156,730,9380,5580,2.67,64152.0,38915.0,2638,14919,0.5013,5724,5580,144,1944,3636,512100.0,1597.0,265,242,283,1099,3636,32.7,10763,2474,644,560,1677,468,107,291,8643,7931,712,12640,7736,3967,1281,1253,543,222625.0,7193,17.68,8.24,23.63,34.84,2.52,51.95,30.23,31.0,16.2,7.02,0.3532
3422740,"Fairview CDP, New Jersey",place,34,22740,,2023,3950,40.7,3733,0,75,242,1440,2.74,170395.0,74485.0,31,3950,0.3998,1468,1440,28,1337,103,595000.0,3046.0,0,27,0,10,103,35.6,2858,455,88,186,1045,457,250,20,2118,2008,110,3184,1986,1453,38,219,276,71430.0,1710,0.78,5.19,62.0,92.85,1.91,35.92,9.71,41.8,11.03,13.9,0.1027
3422860,"Fanwood borough, New Jersey",place,34,22860,,2023,7714,42.4,5748,328,643,876,2776,2.76,176667.0,71378.0,105,7656,0.351,2783,2776,7,2400,376,610600.0,2368.0,0,31,0,177,376,39.0,5348,574,148,229,2378,1166,108,156,4284,4163,121,6038,4152,2429,157,486,1025,133875.0,3127,1.37,2.82,71.2,86.46,0.25,55.32,47.07,42.8,11.71,24.69,0.4231
3422890,"Far Hills borough, New Jersey",place,34,22890,,2023,1004,49.7,817,15,49,133,417,2.41,152188.0,120610.0,53,998,0.6121,435,417,18,345,72,798900.0,1495.0,4,0,7,15,72,14.0,768,154,22,51,215,151,70,19,599,571,28,882,568,386,37,15,118,14700.0,450,5.31,4.67,59.24,82.73,4.14,36.11,20.83,32.7,2.64,20.77,0.3177
3422950,"Farmingdale borough, New Jersey",place,34,22950,,2023,1399,36.5,1211,32,0,155,582,2.39,97574.0,42572.0,31,1399,0.3586,594,582,12,334,248,401000.0,1548.0,42,36,21,81,248,37.1,898,213,89,64,266,45,20,5,803,696,105,1213,688,565,53,6,51,17370.0,637,2.22,13.08,37.42,57.39,2.02,72.58,32.66,27.3,0.87,7.41,0.2379
3423250,"Fieldsboro borough, New Jersey",place,34,23250,,2023,701,31.9,458,42,0,136,237,2.96,88125.0,44745.0,47,695,0.4432,281,237,44,199,38,333700.0,2200.0,19,1,4,2,38,31.8,457,117,27,68,76,33,3,0,396,383,9,510,376,253,37,0,49,9675.0,327,6.76,2.27,24.51,83.97,15.66,68.42,5.26,29.6,0.0,13.03,0.5319
3423310,"Finderne CDP, New Jersey",place,34,23310,,2023,5968,41.0,2827,350,1151,1854,2432,2.38,109348.0,53751.0,435,5807,0.3854,2574,2432,142,1416,1016,391700.0,2010.0,38,45,0,286,1016,25.8,4597,1101,292,172,940,719,144,249,3121,2955,166,5059,2867,2200,154,131,364,77065.0,2503,7.49,5.32,44.64,58.22,5.52,36.32,28.15,30.8,4.57,12.7,0.6385
3423340,"Finesville CDP, New Jersey",place,34,23340,,2023,333,61.9,333,0,0,0,178,1.87,77647.0,65008.0,21,333,0.4726,178,178,0,113,65,289800.0,3501.0,0,0,0,30,65,,288,76,29,28,132,0,12,0,197,173,24,318,173,163,10,0,0,4170.0,173,6.31,12.18,50.0,63.48,0.0,46.15,46.15,24.1,0.0,0.0,0.0
3423610,"Flagtown CDP, New Jersey",place,34,23610,,2023,985,44.7,875,27,48,56,335,2.94,220677.0,81984.0,44,985,0.3736,335,335,0,319,16,650200.0,,0,0,0,0,16,,664,106,8,65,203,133,56,41,683,656,27,818,629,521,21,0,87,13310.0,542,4.47,3.95,65.21,95.22,0.0,0.0,0.0,24.6,0.0,13.83,0.2045
3423640,"Flanders CDP, New Jersey",place,34,23640,,2023,8949,43.4,6439,260,693,1283,3743,2.38,149769.0,66489.0,426,8949,0.3804,3792,3743,49,2210,1533,492600.0,1872.0,67,44,65,299,1533,25.0,6513,1147,414,502,2031,963,106,162,5596,5420,176,7155,5361,3682,344,88,1174,133395.0,4187,4.76,3.15,50.08,59.04,1.29,30.98,19.5,31.9,1.64,21.9,0.4549
3423700,"Flemington borough, New Jersey",place,34,23700,,2023,4887,33.9,2966,266,314,1566,1979,2.4,74213.0,46528.0,574,4811,0.496,2058,1979,79,679,1300,372700.0,1578.0,66,48,68,436,1300,29.7,3254,851,99,212,759,315,10,65,2766,2660,101,3843,2632,1388,395,25,578,50780.0,2054,11.93,3.65,35.31,34.31,3.84,47.54,33.54,24.7,0.95,21.96,0.5219
3423820,"Florence CDP, New Jersey",place,34,23820,,2023,5027,38.7,3805,318,319,688,1765,2.84,99020.0,37990.0,329,4946,0.3673,1838,1765,73,1153,612,270100.0,1247.0,35,67,78,150,612,34.4,3277,915,220,189,513,132,12,13,2944,2749,195,3779,2637,2072,275,0,154,69480.0,2483,6.65,6.62,20.45,65.33,3.97,53.92,24.51,28.0,0.0,5.84,0.4003
3423910,"Florham Park borough, New Jersey",place,34,23910,,2023,13134,39.9,9562,1224,1383,1341,4587,2.5,147714.0,65931.0,894,11534,0.4472,4914,4587,327,3193,1394,722700.0,3009.0,54,40,99,460,1394,29.3,8459,1057,459,373,2943,1763,589,314,6958,6639,319,11145,6477,3723,332,346,1707,124550.0,4770,7.75,4.58,66.31,69.61,6.65,46.84,33.0,26.1,5.34,26.35,0.4398
3423940,"Folsom borough, New Jersey",place,34,23940,,2023,1732,43.4,1502,16,2,173,662,2.58,112857.0,51377.0,108,1719,0.417,686,662,24,611,51,247900.0,1701.0,0,0,0,25,51,51.0,1272,423,51,82,209,111,40,18,1011,919,92,1465,889,737,74,8,70,28305.0,819,6.28,9.1,29.72,92.3,3.5,49.02,49.02,34.6,0.9,7.87,0.2379
3424030,"Fords CDP, New Jersey",place,34,24030,,2023,13052,39.5,6490,1489,2476,2994,4691,2.78,116250.0,52629.0,665,13052,0.4415,4770,4691,79,3371,1320,414100.0,1976.0,82,62,128,223,1320,26.1,9258,1945,519,1118,2491,954,74,73,7154,6892,262,10835,6715,4961,646,223,756,177620.0,5959,5.1,3.66,38.8,71.86,1.66,37.5,16.89,29.8,3.32,11.26,0.6511
3424180,"Forked River CDP, New Jersey",place,34,24180,,2023,4988,48.1,4263,37,43,688,2057,2.42,87455.0,48101.0,482,4974,0.4359,2749,2057,692,1878,179,404600.0,2071.0,40,0,19,0,179,24.1,3619,1142,353,411,675,157,52,0,2541,2314,227,4062,2251,1816,100,12,254,63830.0,1997,9.69,8.93,24.43,91.3,25.17,32.96,0.0,32.0,0.53,11.28,0.2504
3424285,"Forsgate CDP, New Jersey",place,34,24285,,2023,2094,43.3,412,0,1442,117,760,2.76,235357.0,78141.0,74,2094,0.3186,760,760,0,760,0,645400.0,,0,0,0,0,0,,1458,68,85,112,503,494,42,86,1062,1051,11,1604,1025,380,0,152,457,29935.0,568,3.53,1.04,77.16,100.0,0.0,,,52.7,14.83,44.59,0.4839
3424300,"Fort Dix CDP, New Jersey",place,34,24300,,2023,8034,36.1,4786,2507,157,2306,901,3.29,98259.0,16643.0,167,2962,0.2862,1071,901,170,1,900,,2383.0,113,81,98,169,900,31.2,5944,1816,203,354,727,166,25,16,1901,457,35,6821,1853,1388,170,0,143,29105.0,1710,5.64,1.84,15.71,0.11,15.87,51.22,18.78,17.0,0.0,7.72,0.465
3424360,"Fortescue CDP, New Jersey",place,34,24360,,2023,141,63.5,141,0,0,0,84,1.68,46250.0,46834.0,0,141,0.4109,292,84,208,71,13,204400.0,,0,0,0,0,13,,141,63,6,0,16,0,0,0,51,38,13,141,38,32,0,0,6,,32,0.0,25.49,11.35,84.52,71.23,0.0,0.0,,0.0,15.79,0.0
3424420,"Fort Lee borough, New Jersey",place,34,24420,,2023,39818,47.2,16144,1094,17565,4944,18531,2.15,105535.0,65753.0,3344,39752,0.475,19764,18531,1233,10647,7884,422200.0,2255.0,647,452,717,2001,7884,30.4,31028,4244,1043,1537,10926,5674,2152,1365,21329,20247,1061,33694,19808,9314,1459,4105,3887,552700.0,15921,8.41,4.97,64.83,57.46,6.24,48.41,25.38,34.7,20.72,19.62,0.6248
3424930,"Franklin borough, New Jersey",place,34,24930,,2023,4938,51.6,3925,76,9,948,2252,2.18,90152.0,42217.0,394,4926,0.3976,2359,2252,107,1284,968,253100.0,1340.0,43,33,116,119,968,21.9,3779,1433,460,201,507,185,14,32,2699,2508,191,4199,2454,2010,278,15,99,83115.0,2355,8.0,7.08,19.53,57.02,4.54,32.13,12.29,35.3,0.61,4.03,0.3311
3424965,"Franklin Center CDP, New Jersey",place,34,24965,,2023,5770,56.4,2577,887,1737,639,2553,2.23,138643.0,78490.0,319,5720,0.4182,2592,2553,39,1772,781,565200.0,2588.0,70,0,19,132,781,26.9,4766,471,197,233,1602,1159,193,297,2906,2765,141,5009,2736,1553,274,98,810,68160.0,1926,5.58,4.85,68.21,69.41,1.5,28.3,16.9,35.4,3.58,29.61,0.674
3424990,"Franklin Lakes borough, New Jersey",place,34,24990,,2023,11011,46.9,8245,615,1291,802,3771,2.92,230987.0,110566.0,352,11011,0.4935,3879,3771,108,3328,443,1217500.0,3334.0,59,39,7,138,443,36.0,7522,678,83,337,3212,1746,661,314,5008,4894,114,8673,4750,2651,224,301,1386,122895.0,3364,3.2,2.28,78.88,88.25,2.78,54.85,31.15,36.5,6.34,29.18,0.4171
3425020,"Franklin Park CDP, New Jersey",place,34,25020,,2023,13327,38.4,2764,3801,4986,1478,5338,2.48,111508.0,56871.0,1082,13225,0.4226,5338,5338,0,3020,2318,326800.0,2074.0,167,31,235,464,2318,26.4,9715,1279,343,780,3089,2075,358,139,8093,7723,370,10905,7356,4715,620,502,1162,205155.0,6194,8.18,4.57,58.27,56.58,0.0,38.7,20.02,33.1,6.82,15.8,0.7234
3425050,"Franklinville CDP, New Jersey",place,34,25050,,2023,1999,37.9,1606,6,5,168,719,2.78,117847.0,40892.0,68,1999,0.3388,869,719,150,591,128,259100.0,1321.0,0,0,16,15,128,25.0,1467,435,57,255,216,91,0,8,1069,1010,59,1659,990,871,27,0,64,23755.0,926,3.4,5.52,21.47,82.2,17.26,24.22,11.72,25.7,0.0,6.46,0.3475
3425200,"Freehold borough, New Jersey",place,34,25200,,2023,12504,35.4,6471,879,381,6532,4270,2.91,82183.0,35465.0,1727,12089,0.4617,4437,4270,167,2143,2127,401900.0,1818.0,180,63,241,643,2127,33.5,7873,2270,508,652,1618,404,212,24,6550,6058,462,9365,6014,3277,998,220,691,120320.0,5323,14.29,7.05,28.68,50.19,3.76,52.99,30.23,22.6,3.66,11.49,0.4534
3425350,"Frenchtown borough, New Jersey",place,34,25350,,2023,1609,40.6,1282,3,99,155,685,2.32,107969.0,61017.0,117,1592,0.4819,696,685,11,383,302,368700.0,1699.0,20,3,54,72,302,32.0,1103,206,54,123,321,189,28,20,916,866,50,1268,844,542,48,37,141,21720.0,703,7.35,5.46,50.59,55.91,1.58,49.34,23.84,30.9,4.38,16.71,0.3521
3425590,"Gandys Beach CDP, New Jersey",place,34,25590,,2023,38,68.0,38,0,0,0,25,1.52,76625.0,41926.0,6,38,0.138,62,25,37,25,0,221600.0,,0,0,0,0,0,,38,16,0,0,16,0,0,0,26,26,0,38,26,26,0,0,0,,26,15.79,0.0,42.11,100.0,59.68,,,,0.0,0.0,0.0
3425770,"Garfield city, New Jersey",place,34,25770,,2023,32502,39.0,19015,1955,1282,14767,11541,2.81,75701.0,36260.0,4589,32262,0.459,12234,11541,693,5237,6304,454300.0,1612.0,661,454,462,1618,6304,30.9,22999,7815,1198,1857,3533,1448,237,363,17807,16807,989,26874,16578,11428,1466,1129,1120,430195.0,15458,14.22,5.55,24.27,45.38,5.66,50.68,25.67,27.8,6.81,6.76,0.4461
3425800,"Garwood borough, New Jersey",place,34,25800,,2023,4688,42.7,3369,0,155,987,2054,2.28,100948.0,62335.0,432,4688,0.4835,2093,2054,39,1125,929,509800.0,1603.0,53,103,94,69,929,26.7,3540,907,171,303,1020,286,157,87,2751,2587,164,3998,2532,1739,125,197,368,63995.0,2164,9.22,5.96,43.79,54.77,1.86,34.34,7.43,29.6,7.78,14.53,0.4381
3426010,"Germania CDP, New Jersey",place,34,26010,,2023,974,55.5,974,0,0,0,353,2.76,123360.0,48880.0,27,974,0.361,353,353,0,353,0,284500.0,,0,0,0,0,0,,929,619,0,170,50,10,18,0,310,303,7,974,303,303,0,0,0,8100.0,303,2.77,2.26,8.4,100.0,0.0,,,26.7,0.0,0.0,0.0
3426070,"Gibbsboro borough, New Jersey",place,34,26070,,2023,2337,40.8,1957,97,82,213,802,2.91,99881.0,47296.0,108,2337,0.4438,855,802,53,726,76,278200.0,,6,1,0,53,76,51.0,1623,539,111,81,291,123,17,3,1102,1012,90,1845,950,639,18,65,174,21910.0,776,4.62,8.17,26.74,90.52,6.2,78.95,69.74,28.2,6.84,18.32,0.2875
3426100,"Gibbstown CDP, New Jersey",place,34,26100,,2023,3494,44.8,3066,152,124,181,1429,2.44,90371.0,47052.0,257,3480,0.3513,1469,1429,40,1240,189,228800.0,1538.0,10,35,0,0,189,21.7,2723,964,227,214,544,214,38,18,1860,1811,49,3002,1764,1463,77,29,186,44455.0,1578,7.39,2.63,29.89,86.77,2.72,23.81,0.0,28.2,1.64,10.54,0.2242
3426220,"Gillette CDP, New Jersey",place,34,26220,,2023,2739,42.3,2471,0,51,509,1083,2.52,160272.0,79539.0,236,2660,0.4207,1083,1083,0,1018,65,634400.0,,0,0,0,65,65,,2210,210,70,156,1011,409,64,26,1605,1565,40,2333,1503,934,60,18,491,24420.0,1012,8.87,2.49,68.33,94.0,0.0,100.0,100.0,24.1,1.2,32.67,0.1512
3426340,"Glassboro borough, New Jersey",place,34,26340,,2023,23375,28.7,14935,4250,1581,2426,7877,2.41,80388.0,36667.0,3113,19029,0.4405,8558,7877,681,4721,3156,276900.0,1561.0,177,163,262,884,3156,29.7,13023,2997,869,907,3377,1315,362,289,12081,11032,1035,20888,10810,7640,627,269,1490,264620.0,9320,16.36,8.57,41.03,59.93,7.96,47.08,28.01,28.4,2.49,13.78,0.5434
3426520,"Glendora CDP, New Jersey",place,34,26520,,2023,5367,38.9,4386,459,38,618,2159,2.49,94792.0,37950.0,505,5356,0.3752,2198,2159,39,1608,551,219700.0,782.0,24,73,17,94,551,26.8,3822,1672,212,222,601,315,27,9,3023,2619,396,4478,2485,1664,402,68,305,57050.0,2180,9.43,13.1,24.91,74.48,1.77,37.75,17.06,26.2,2.74,12.27,0.3115
3426550,"Glen Gardner borough, New Jersey",place,34,26550,,2023,1702,42.2,1357,15,9,351,733,2.3,98750.0,61387.0,59,1686,0.4316,748,733,15,538,195,280000.0,1472.0,13,10,30,39,195,29.8,1294,272,84,183,274,248,9,14,1021,966,55,1453,942,756,28,23,119,31905.0,823,3.5,5.39,42.12,73.4,2.01,47.18,20.0,38.8,2.44,12.63,0.3217
3426610,"Glen Ridge borough, New Jersey",place,34,26610,,2023,7827,41.1,5905,298,456,1045,2488,3.13,248016.0,96603.0,80,7827,0.3766,2553,2488,65,2313,175,730600.0,2347.0,16,0,0,54,175,28.1,4859,455,61,101,1958,1366,353,374,3970,3728,242,5756,3632,1273,164,1011,1056,98515.0,2576,1.02,6.1,83.37,92.97,2.55,40.0,30.86,38.2,27.84,29.07,0.4082
3426640,"Glen Rock borough, New Jersey",place,34,26640,,2023,12082,40.0,9304,155,1738,584,3678,3.28,210369.0,80565.0,207,12082,0.4073,3755,3678,77,3341,337,817300.0,1938.0,15,0,21,158,337,45.0,7246,649,255,204,2700,1813,653,299,6060,5628,366,8639,5552,2413,339,924,1793,144475.0,3759,1.71,6.04,75.42,90.84,2.05,57.57,46.88,38.4,16.64,32.29,0.3838
3426820,"Gloucester City city, New Jersey",place,34,26820,,2023,11465,33.0,8737,829,544,2208,4117,2.78,70942.0,30093.0,1504,11361,0.398,4538,4117,421,2343,1774,180100.0,1489.0,294,90,91,429,1774,30.5,7407,2965,333,618,1014,401,99,47,5452,5123,329,8478,4924,3637,547,30,310,97305.0,4614,13.24,6.03,21.07,56.91,9.28,50.96,24.18,21.1,0.61,6.3,0.3747
3426902,"Golden Triangle CDP, New Jersey",place,34,26902,,2023,4893,47.9,3107,442,616,592,2213,2.14,101411.0,58813.0,408,4730,0.4942,2411,2213,198,1364,849,280800.0,2240.0,75,73,115,82,849,27.8,3896,657,225,455,746,608,157,53,2708,2603,94,4256,2559,1653,236,45,609,52755.0,1950,8.63,3.47,40.14,61.64,8.21,40.64,9.66,27.1,1.76,23.8,0.5581
3427030,"Goshen CDP, New Jersey",place,34,27030,,2023,384,36.1,344,40,0,0,158,2.43,112019.0,55195.0,0,384,0.2524,158,158,0,132,26,345300.0,,0,0,0,0,26,,309,40,10,15,154,34,0,0,272,267,5,320,267,214,2,0,51,3815.0,216,0.0,1.84,60.84,83.54,0.0,0.0,0.0,17.7,0.0,19.1,0.1866
3427060,"Gouldtown CDP, New Jersey",place,34,27060,,2023,1555,39.7,230,1039,5,251,602,2.58,53281.0,29330.0,115,1544,0.4056,661,602,59,429,173,179800.0,1252.0,14,0,19,25,173,28.3,1009,411,34,61,73,27,13,0,758,643,115,1222,638,429,138,19,50,16050.0,588,7.45,15.17,11.2,71.26,8.93,33.53,14.45,27.3,2.98,7.84,0.5056
3427360,"Great Meadows CDP, New Jersey",place,34,27360,,2023,353,74.0,353,0,0,0,171,2.06,73836.0,51354.0,0,353,0.2943,236,171,65,171,0,372100.0,,0,0,0,0,0,,322,75,0,46,56,0,0,0,170,158,12,322,158,102,0,0,56,,102,0.0,7.06,17.39,100.0,27.54,,,,0.0,35.44,0.0
3427390,"Great Notch CDP, New Jersey",place,34,27390,,2023,3898,52.8,3259,98,234,195,1815,2.15,151705.0,79406.0,53,3898,0.3385,1833,1815,18,1419,396,556300.0,1826.0,0,44,37,37,396,22.5,3170,475,216,188,1078,401,184,116,2474,2216,258,3425,2114,1604,40,135,288,51055.0,1826,1.36,10.43,56.12,78.18,0.98,29.8,9.34,28.0,6.39,13.62,0.2942
3427840,"Green Knoll CDP, New Jersey",place,34,27840,,2023,6664,44.1,4290,256,1589,557,2372,2.7,156630.0,64652.0,189,6510,0.418,2458,2372,86,1801,571,581600.0,1417.0,0,58,33,224,571,38.2,4709,1030,154,215,1652,853,125,121,3434,3291,143,5360,3250,1997,293,26,895,65870.0,2355,2.9,4.16,58.42,75.93,3.5,55.17,39.23,28.0,0.8,27.54,0.5203
3427995,"Greentree CDP, New Jersey",place,34,27995,,2023,11024,45.1,7357,584,2562,629,4189,2.63,144426.0,69615.0,530,11019,0.4305,4414,4189,225,3386,803,419800.0,2269.0,20,82,47,243,803,30.1,7778,637,331,360,2932,1617,666,396,5803,5506,297,8918,5452,3656,259,189,1226,126135.0,4226,4.81,5.12,72.14,80.83,5.1,48.82,30.26,29.8,3.47,22.49,0.4946
3428020,"Green Village CDP, New Jersey",place,34,28020,,2023,1040,56.3,865,28,91,26,548,1.9,82353.0,72540.0,36,1040,0.493,548,548,0,249,299,763000.0,2771.0,52,17,0,188,299,51.0,855,128,120,27,236,236,17,22,463,442,21,914,442,350,26,0,49,8830.0,393,3.46,4.54,59.77,45.44,0.0,85.95,62.88,22.5,0.0,11.09,0.2992
3428140,"Greenwich CDP (Cumberland County), New Jersey",place,34,28140,,2023,161,40.3,161,0,0,0,55,2.93,127813.0,43561.0,0,161,0.272,68,55,13,43,12,246900.0,950.0,2,0,0,2,12,13.8,107,27,9,12,26,21,0,4,74,71,3,122,69,44,13,0,8,1200.0,61,0.0,4.05,47.66,78.18,19.12,33.33,16.67,19.7,0.0,11.59,0.0
3428250,"Greenwich CDP (Warren County), New Jersey",place,34,28250,,2023,2615,38.7,1402,430,460,307,792,3.3,166977.0,54056.0,22,2615,0.2303,792,792,0,770,22,457500.0,,0,0,0,0,22,,1586,245,39,157,586,269,71,0,1516,1421,95,1944,1397,1065,78,5,238,50070.0,1159,0.84,6.27,58.39,97.22,0.0,0.0,0.0,43.2,0.36,17.04,0.6408
3428380,"Grenloch CDP, New Jersey",place,34,28380,,2023,748,53.2,711,7,14,39,244,3.04,128333.0,47595.0,40,748,0.3466,244,244,0,244,0,228700.0,,0,0,0,0,0,,604,251,18,25,74,84,0,21,518,495,23,696,495,392,0,7,73,10510.0,422,5.35,4.44,29.64,100.0,0.0,,,24.9,1.41,14.75,0.0933
3428470,"Griggstown CDP, New Jersey",place,34,28470,,2023,928,55.7,770,16,95,0,411,2.25,207542.0,88138.0,2,928,0.3362,421,411,10,411,0,560100.0,,0,0,0,0,0,,711,99,31,99,270,79,0,0,612,563,49,875,563,252,148,0,151,11120.0,412,0.22,8.01,49.09,100.0,2.38,,,27.0,0.0,26.82,0.3008
3428620,"Groveville CDP, New Jersey",place,34,28620,,2023,3007,39.8,2750,155,0,156,882,3.4,108362.0,39585.0,392,3005,0.4014,935,882,53,638,244,347900.0,1207.0,11,0,0,137,244,51.0,2112,483,50,551,428,23,7,27,1629,1417,198,2707,1391,1191,97,18,73,34040.0,1318,13.04,12.15,22.96,72.34,5.67,60.66,56.15,25.8,1.29,5.25,0.1583
3428650,"Guttenberg town, New Jersey",place,34,28650,,2023,11638,37.8,5052,476,850,8035,4953,2.35,77636.0,42084.0,1600,11606,0.4495,5286,4953,333,1799,3154,360700.0,1661.0,352,300,332,903,3154,35.2,8290,1799,280,372,2379,953,206,55,6607,6179,428,9495,6103,2535,365,1567,854,198645.0,5249,13.79,6.48,43.34,36.32,6.3,59.83,28.63,37.8,25.68,13.99,0.3279
3428680,"Hackensack city, New Jersey",place,34,28680,,2023,45768,41.5,16778,9480,5558,16497,20305,2.19,82212.0,49224.0,5037,44756,0.4476,21405,20305,1100,7802,12503,370300.0,1794.0,1149,890,883,3160,12503,30.2,36117,7581,2280,2174,9627,4018,947,463,27600,25796,1804,39581,25403,15397,1815,3348,2681,654930.0,22722,11.25,6.54,41.68,38.42,5.14,48.64,25.27,28.8,13.18,10.55,0.678
3428710,"Hackettstown town, New Jersey",place,34,28710,,2023,10143,38.0,7281,406,479,2606,3790,2.48,91250.0,40297.0,735,9377,0.3794,3823,3790,33,2246,1544,337100.0,1419.0,151,118,172,285,1544,29.4,6642,1957,478,562,1543,630,100,41,5877,5413,464,8500,5209,3728,549,52,509,145165.0,4700,7.84,7.9,34.84,59.26,0.86,47.02,18.46,30.9,1.0,9.77,0.4149
3428770,"Haddonfield borough, New Jersey",place,34,28770,,2023,12502,39.3,11018,156,251,630,4232,2.94,190882.0,95237.0,330,12440,0.4947,4426,4232,194,3503,729,708800.0,1783.0,52,58,85,116,729,27.9,7788,568,226,234,2781,1744,1188,401,6126,5899,209,8808,5782,3392,242,454,1557,122060.0,4225,2.65,3.41,78.51,82.77,4.38,42.66,15.91,28.9,7.85,26.93,0.2202
3428800,"Haddon Heights borough, New Jersey",place,34,28800,,2023,7488,40.5,6932,109,106,320,3121,2.39,126055.0,63925.0,180,7459,0.4088,3284,3121,163,2447,674,354700.0,1195.0,29,52,108,106,674,28.1,5351,777,284,377,1989,704,160,111,4272,4066,206,5936,4010,2550,194,183,989,71355.0,3021,2.41,4.82,55.39,78.4,4.96,43.77,15.73,23.6,4.56,24.66,0.1408
3428920,"Hainesburg CDP, New Jersey",place,34,28920,,2023,258,44.2,258,0,0,0,98,2.63,98167.0,39101.0,0,258,0.1872,112,98,14,83,15,433700.0,,8,0,0,0,15,,172,8,43,21,60,16,0,0,129,129,0,172,129,115,8,0,6,5485.0,123,0.0,0.0,44.19,84.69,12.5,53.33,0.0,44.6,0.0,4.65,0.0
3429070,"Haledon borough, New Jersey",place,34,29070,,2023,8936,40.9,3726,1282,303,4932,3252,2.74,94178.0,38468.0,827,8883,0.4345,3318,3252,66,1571,1681,347700.0,1651.0,136,132,110,547,1681,33.3,6599,2170,509,409,1093,412,12,20,4984,4730,254,7390,4601,3410,468,232,335,106265.0,4266,9.31,5.1,23.29,48.31,1.99,55.03,32.54,24.9,5.04,7.28,0.4998
3429220,"Hamburg borough, New Jersey",place,34,29220,,2023,3293,41.6,2239,149,131,839,1575,2.09,90655.0,53472.0,251,3293,0.3799,1575,1575,0,1192,383,258200.0,1714.0,42,54,154,46,383,40.6,2536,670,238,174,667,315,26,30,2145,2063,82,2821,1939,1393,181,0,251,56480.0,1688,7.62,3.82,40.93,75.68,0.0,77.28,12.01,33.5,0.0,12.94,0.4692
3429370,"Hamilton Square CDP, New Jersey",place,34,29370,,2023,11643,46.2,10322,266,606,640,4326,2.63,135694.0,55498.0,241,11399,0.314,4439,4326,113,4085,241,376900.0,1817.0,49,15,12,39,241,30.3,8938,1432,536,831,3082,1242,112,128,6331,6100,231,9827,6027,4402,407,156,946,125575.0,5081,2.11,3.65,51.06,94.43,2.55,47.72,16.18,24.7,2.59,15.7,0.2078
3429430,"Hammonton town, New Jersey",place,34,29430,,2023,14746,45.1,10757,504,273,3931,5705,2.51,83044.0,43051.0,1622,14532,0.4775,6145,5705,440,4070,1635,324200.0,1375.0,148,111,183,542,1635,37.4,10613,3544,659,849,2435,760,144,71,7963,7308,634,12187,7051,5087,1006,14,591,170180.0,6460,11.16,7.96,32.13,71.34,7.16,60.18,33.15,26.3,0.2,8.38,0.3953
3429460,"Hampton borough, New Jersey",place,34,29460,,2023,1127,43.4,976,19,61,81,494,2.28,77222.0,48215.0,152,1127,0.4996,511,494,17,353,141,298000.0,1048.0,8,6,7,42,141,26.3,811,244,63,52,186,86,7,25,534,500,34,911,490,344,54,15,72,13205.0,418,13.49,6.37,37.48,71.46,3.33,44.68,29.79,31.6,3.06,14.69,0.2416
3429520,"Hancocks Bridge CDP, New Jersey",place,34,29520,,2023,296,37.9,280,0,0,16,142,2.08,85000.0,45542.0,12,287,0.3339,144,142,2,79,63,134700.0,1714.0,0,0,0,3,63,21.3,215,100,0,50,22,0,0,0,215,203,12,256,203,164,20,0,9,5450.0,194,4.18,5.58,10.23,55.63,1.39,4.76,4.76,28.1,0.0,4.43,0.1023
3429940,"Harlingen CDP, New Jersey",place,34,29940,,2023,697,39.5,459,0,238,0,218,3.2,227438.0,95246.0,0,697,0.3111,218,218,0,209,9,717900.0,,0,0,0,0,9,,453,0,43,0,49,224,16,99,404,382,22,478,382,296,9,0,77,8450.0,305,0.0,5.45,85.65,95.87,0.0,0.0,0.0,27.7,0.0,20.16,0.4497
3430060,"Harmony CDP, New Jersey",place,34,30060,,2023,302,49.3,298,4,0,0,137,2.2,56307.0,44695.0,0,302,0.4167,137,137,0,124,13,328600.0,,0,0,0,0,13,,247,106,5,33,22,15,0,0,144,144,0,259,139,129,10,0,0,6355.0,139,0.0,0.0,14.98,90.51,0.0,0.0,0.0,45.7,0.0,0.0,0.0261
3430150,"Harrington Park borough, New Jersey",place,34,30150,,2023,4883,46.7,3498,2,948,352,1776,2.75,180515.0,85915.0,281,4883,0.478,1858,1776,82,1706,70,709200.0,,12,0,0,33,70,34.2,3409,369,90,229,1534,403,303,103,2397,2298,99,3834,2268,1530,101,115,464,58270.0,1804,5.75,4.13,68.73,96.06,4.41,64.29,47.14,32.3,5.07,20.46,0.4439
3430210,"Harrison town, New Jersey",place,34,30210,,2023,19599,33.8,6257,1332,4398,8527,8991,2.18,82290.0,49007.0,2725,19599,0.4361,9625,8991,634,1697,7294,450800.0,2073.0,1022,294,798,1124,7294,28.3,15059,3237,270,1096,3330,3028,613,432,12074,11227,657,16470,11153,3403,848,3297,2079,334245.0,9074,13.9,5.44,49.16,18.87,6.59,44.39,15.41,36.8,29.56,18.64,0.6538
3430270,"Harrisonville CDP, New Jersey",place,34,30270,,2023,302,40.8,275,0,0,116,121,2.5,68250.0,46109.0,116,302,0.43,133,121,12,95,26,370800.0,,0,0,0,26,26,,194,57,0,20,52,0,0,5,158,158,0,225,149,90,8,9,42,3200.0,107,38.41,0.0,29.38,78.51,9.02,100.0,100.0,29.9,6.04,28.19,0.0233
3430390,"Harvey Cedars borough, New Jersey",place,34,30390,,2023,478,63.3,448,1,10,3,236,2.02,148333.0,116839.0,30,478,0.5576,1224,236,988,227,9,1207500.0,1625.0,3,0,0,0,9,18.8,422,37,22,28,163,104,23,9,197,190,7,450,190,132,6,3,43,4015.0,147,6.28,3.55,70.85,96.19,80.72,33.33,0.0,27.3,1.58,22.63,0.1211
3430420,"Hasbrouck Heights borough, New Jersey",place,34,30420,,2023,12067,44.2,8132,407,1414,3321,4360,2.76,118670.0,49744.0,1135,12042,0.4082,4544,4360,184,3065,1295,508500.0,1605.0,160,90,92,484,1295,36.4,8582,2021,249,739,2151,1072,347,55,7073,6608,465,9919,6423,4194,525,809,751,177915.0,5672,9.43,6.57,42.24,70.3,4.05,63.78,37.37,31.4,12.6,11.69,0.4552
3430540,"Haworth borough, New Jersey",place,34,30540,,2023,3321,44.8,2210,81,454,263,1053,3.15,227841.0,84397.0,124,3321,0.3649,1186,1053,133,1001,52,815300.0,,3,0,6,6,52,27.5,2122,264,38,105,739,501,153,84,1644,1598,46,2437,1587,999,53,92,425,40550.0,1162,3.73,2.8,69.6,95.06,11.21,28.85,11.54,34.9,5.8,26.78,0.5316
3430570,"Hawthorne borough, New Jersey",place,34,30570,,2023,19472,42.3,14285,654,248,4658,7613,2.55,118093.0,55899.0,986,19377,0.3865,8033,7613,420,5190,2423,499200.0,1828.0,220,222,98,322,2423,24.5,14724,3409,1208,1103,4156,2092,305,117,11875,11287,588,16254,10923,8884,546,265,1029,245490.0,9894,5.09,4.95,45.3,68.17,5.23,35.58,13.29,24.8,2.43,9.42,0.4033
3430738,"Heathcote CDP, New Jersey",place,34,30738,,2023,6689,44.0,1909,455,3588,424,2692,2.46,127391.0,68400.0,263,6630,0.4321,2692,2692,0,2088,604,563500.0,1468.0,185,27,24,142,604,32.4,4899,336,52,177,2055,1282,98,215,3172,3099,73,5471,3084,1592,197,165,1058,69250.0,2026,3.97,2.3,74.51,77.56,0.0,62.58,23.51,34.2,5.35,34.31,0.6222
3430810,"Heislerville CDP, New Jersey",place,34,30810,,2023,197,30.2,197,0,0,36,85,2.32,86298.0,34815.0,0,197,0.1286,85,85,0,45,40,262500.0,,0,0,0,0,40,,130,93,0,0,34,0,0,0,103,103,0,136,103,103,0,0,0,,103,0.0,0.0,26.15,52.94,0.0,0.0,0.0,,0.0,0.0,-0.0334
3430840,"Helmetta borough, New Jersey",place,34,30840,,2023,2317,39.5,1762,132,234,261,984,2.35,104143.0,53305.0,67,2317,0.3558,1008,984,24,648,336,321400.0,2081.0,5,0,6,93,336,26.3,1749,397,118,90,510,189,39,27,1452,1353,99,1938,1300,1073,59,17,136,37565.0,1164,2.89,6.82,43.74,65.85,2.38,30.95,27.68,32.3,1.31,10.46,0.3956
3431110,"Hewitt CDP, New Jersey",place,34,31110,,2023,2797,53.3,2474,18,44,187,1079,2.58,182516.0,78257.0,43,2797,0.3557,1160,1079,81,1030,49,436700.0,2236.0,16,0,15,18,49,45.7,2147,920,105,111,554,103,55,27,1571,1107,464,2172,1063,632,34,2,388,31655.0,675,1.54,29.54,34.42,95.46,6.98,100.0,36.73,46.9,0.19,36.5,0.2129
3431170,"Hibernia CDP, New Jersey",place,34,31170,,2023,136,53.1,113,0,15,0,59,2.31,116971.0,51903.0,0,136,0.1128,59,59,0,44,15,450000.0,,0,0,0,0,15,,113,52,0,0,41,17,0,0,122,122,0,131,113,113,0,0,0,2320.0,113,0.0,0.0,51.33,74.58,0.0,0.0,0.0,20.5,0.0,0.0,0.2975
3431320,"High Bridge borough, New Jersey",place,34,31320,,2023,3584,38.4,2731,132,361,453,1475,2.43,116424.0,54651.0,136,3584,0.355,1485,1475,10,1167,308,298600.0,1747.0,14,25,18,97,308,30.0,2511,622,78,230,782,375,10,59,2148,2023,125,3013,1994,1524,68,48,354,58545.0,1640,3.79,5.82,48.83,79.12,0.67,50.0,31.49,35.7,2.41,17.75,0.3919
3431410,"Highland Lakes CDP, New Jersey",place,34,31410,,2023,3941,49.3,3644,4,12,289,1668,2.36,129500.0,69912.0,118,3941,0.412,1991,1668,323,1544,124,291200.0,1862.0,10,0,0,53,124,33.3,3068,640,261,230,1098,325,104,30,2598,2437,161,3483,2349,1522,192,49,566,78785.0,1783,2.99,6.2,50.75,92.57,16.22,50.81,42.74,44.2,2.09,24.1,0.1397
3431470,"Highland Park borough, New Jersey",place,34,31470,,2023,14981,34.6,8884,824,3037,2242,6518,2.29,101991.0,56392.0,1381,14930,0.4202,6858,6518,340,2533,3985,463600.0,1881.0,460,232,194,487,3985,25.9,10791,991,205,541,3449,2390,529,1208,9069,8645,424,12471,8448,4891,512,506,2043,176405.0,6405,9.25,4.68,70.21,38.86,4.96,34.45,12.22,27.5,5.99,24.18,0.5818
3431500,"Highlands borough, New Jersey",place,34,31500,,2023,4575,49.3,3815,176,255,302,2616,1.75,90082.0,73460.0,349,4575,0.5065,2996,2616,380,1673,943,394800.0,1848.0,60,31,20,317,943,32.0,3834,686,113,310,1050,758,190,60,2462,2175,231,3990,2176,1227,94,224,496,66485.0,1680,7.63,9.38,53.68,63.95,12.68,45.39,33.62,39.6,10.29,22.79,0.2957
3431620,"Hightstown borough, New Jersey",place,34,31620,,2023,5869,42.6,4352,344,286,1972,1967,2.93,107431.0,48572.0,88,5869,0.3411,2076,1967,109,1393,574,333200.0,1638.0,0,29,118,32,574,24.7,4478,1385,268,513,960,467,145,73,3672,3519,153,4992,3473,2363,553,14,356,75500.0,3117,1.5,4.17,36.74,70.82,5.25,31.18,5.57,24.2,0.4,10.25,0.3314
3431880,"Hillsborough CDP, New Jersey",place,34,31880,,2023,22302,41.7,14201,786,4005,2823,8961,2.48,142275.0,68218.0,662,22250,0.3896,9096,8961,135,7375,1586,411400.0,1898.0,84,99,48,364,1586,27.6,16377,2703,718,1318,5387,3032,648,484,14032,13417,587,18428,13222,9267,390,296,3113,337835.0,10109,2.98,4.18,58.32,82.3,1.48,37.52,22.95,33.4,2.24,23.54,0.545
3431920,"Hillsdale borough, New Jersey",place,34,31920,,2023,10086,42.4,8232,105,794,866,3393,2.96,169862.0,65986.0,393,10026,0.3767,3479,3393,86,3063,330,656800.0,1720.0,47,45,42,79,330,36.3,6994,1029,282,465,2444,1498,262,140,5832,5662,170,8237,5515,3327,368,343,1205,116640.0,4310,3.92,2.91,62.11,90.27,2.47,64.55,23.94,27.1,6.22,21.85,0.3202
3432220,"Hi-Nella borough, New Jersey",place,34,32220,,2023,984,35.8,461,136,129,240,450,2.19,75227.0,35011.0,37,984,0.2984,472,450,22,161,289,235800.0,1488.0,52,29,21,73,289,32.9,703,256,62,49,126,39,0,2,663,626,34,868,622,421,102,25,52,16520.0,570,3.76,5.13,23.76,35.78,4.66,60.55,25.26,29.0,4.02,8.36,0.6847
3432250,"Hoboken city, New Jersey",place,34,32250,,2023,58340,31.9,40307,2609,7753,8041,27654,2.04,176943.0,108075.0,4036,56563,0.4625,29985,27654,2331,9421,18233,872100.0,2819.0,1527,952,677,2276,18233,23.5,43809,2637,541,835,21958,10647,2448,1343,40971,39562,1409,49950,38796,6538,535,14601,13276,952645.0,25520,7.14,3.44,83.08,34.07,7.77,29.79,12.48,37.3,37.64,34.22,0.484
3432310,"Ho-Ho-Kus borough, New Jersey",place,34,32310,,2023,4230,42.8,3070,47,596,386,1425,2.96,250001.0,133788.0,2,4230,0.4517,1532,1425,107,1297,128,1032800.0,2375.0,0,10,0,8,128,17.7,2640,149,78,65,990,671,356,122,2225,2182,43,3187,2155,1061,89,279,634,55110.0,1521,0.05,1.93,81.02,91.02,6.98,14.06,6.25,36.2,12.95,29.42,0.445
3432415,"Holiday City-Berkeley CDP, New Jersey",place,34,32415,,2023,12896,70.0,11485,319,158,775,8349,1.53,47855.0,38300.0,1076,12755,0.4214,9046,8349,697,7463,886,237200.0,1584.0,32,0,34,591,886,51.0,12632,5187,967,1048,1702,319,193,81,3635,3325,310,12747,3266,2731,89,0,404,89790.0,2862,8.44,8.53,18.17,89.39,7.71,74.15,66.7,31.4,0.0,12.37,0.2025
3432418,"Holiday City South CDP, New Jersey",place,34,32418,,2023,4294,69.6,3439,173,159,491,2419,1.78,55298.0,77709.0,364,4294,0.6696,2564,2419,145,2153,266,244300.0,1964.0,0,18,29,88,266,36.8,4053,1800,232,293,586,168,0,14,1314,1266,48,4128,1250,1091,0,0,117,36760.0,1133,8.48,3.65,18.95,89.0,5.66,50.75,33.08,32.4,0.0,9.36,0.3425
3432424,"Holiday Heights CDP, New Jersey",place,34,32424,,2023,2118,73.5,1971,62,11,74,1279,1.66,56796.0,42784.0,110,2118,0.367,1319,1279,40,1219,60,318400.0,2257.0,0,0,0,60,60,51.0,2098,791,253,107,235,42,0,13,414,374,40,2098,374,300,0,0,74,8630.0,300,5.19,9.66,13.82,95.31,3.03,100.0,100.0,28.8,0.0,19.79,0.1319
3432910,"Hopatcong borough, New Jersey",place,34,32910,,2023,14470,41.4,10944,350,441,3213,5842,2.47,114057.0,54035.0,602,14470,0.3799,6427,5842,585,5228,614,318600.0,1563.0,63,4,38,115,614,27.5,10845,2748,998,1124,2440,1101,39,124,9052,8769,283,12021,8546,6569,537,94,1299,257850.0,7247,4.16,3.13,34.15,89.49,9.1,35.83,18.73,35.6,1.1,15.2,0.3772
3433030,"Hope CDP, New Jersey",place,34,33030,,2023,214,54.6,161,9,39,28,92,2.33,78750.0,37974.0,3,214,0.3069,105,92,13,50,42,312500.0,1303.0,0,0,0,0,42,19.2,141,47,12,12,21,0,9,0,161,161,0,210,161,113,0,9,0,3880.0,161,1.4,0.0,21.28,54.35,12.38,0.0,0.0,24.1,5.59,0.0,0.3819
3433090,"Hopelawn CDP, New Jersey",place,34,33090,,2023,2986,53.0,1327,118,428,1327,1348,2.21,83977.0,52497.0,142,2986,0.4303,1348,1348,0,788,560,349500.0,1245.0,0,76,0,303,560,51.0,2580,1097,211,237,392,81,32,26,1745,1655,90,2741,1612,1134,159,39,194,47720.0,1418,4.76,5.16,20.58,58.46,0.0,67.68,54.11,33.7,2.42,12.03,0.5829
3433150,"Hopewell borough, New Jersey",place,34,33150,,2023,1828,44.7,1651,26,19,66,747,2.45,142396.0,78642.0,38,1828,0.4304,816,747,69,594,153,561900.0,1712.0,0,0,4,62,153,20.4,1277,149,21,89,463,315,53,98,979,965,14,1366,947,591,21,27,246,20585.0,701,2.08,1.43,72.75,79.52,8.46,43.14,40.52,29.4,2.85,25.98,0.1827
3433690,"Hutchinson CDP, New Jersey",place,34,33690,,2023,109,53.9,109,0,0,0,39,2.79,123750.0,43131.0,0,109,0.2694,39,39,0,32,7,333300.0,,0,0,0,0,7,,81,41,12,17,5,0,0,0,61,61,0,99,56,50,6,0,0,1230.0,56,0.0,0.0,6.17,82.05,0.0,0.0,0.0,22.0,0.0,0.0,0.0
3434200,"Interlaken borough, New Jersey",place,34,34200,,2023,821,57.0,784,0,7,23,347,2.37,180972.0,88472.0,28,821,0.4113,380,347,33,324,23,935600.0,3417.0,1,0,0,2,23,26.3,638,61,48,33,263,109,51,9,403,389,14,683,381,222,26,27,99,9270.0,282,3.41,3.47,67.71,93.37,8.68,13.04,8.7,32.9,7.09,25.98,0.0872
3434470,"Iselin CDP, New Jersey",place,34,34470,,2023,19151,38.4,4714,1557,10441,2048,6354,3.01,112615.0,46000.0,1223,19151,0.3916,6618,6354,264,4204,2150,394200.0,2051.0,226,85,249,484,2150,30.2,13521,2404,514,500,3874,3113,298,147,10071,9760,311,15586,9529,5084,638,1374,1692,295065.0,7837,6.39,3.09,54.97,66.16,3.99,48.56,22.51,37.7,14.42,17.76,0.6241
3434530,"Island Heights borough, New Jersey",place,34,34530,,2023,1691,53.2,1584,33,3,96,790,2.14,107308.0,70328.0,15,1691,0.4531,894,790,104,729,61,492600.0,1889.0,0,4,0,9,61,27.4,1285,243,46,179,359,211,45,37,851,824,27,1467,811,639,23,14,117,21410.0,694,0.89,3.17,50.74,92.28,11.63,21.31,14.75,30.9,1.73,14.43,0.1189
3434890,"Jamesburg borough, New Jersey",place,34,34890,,2023,5763,36.7,3877,112,306,2054,2025,2.84,117719.0,43563.0,244,5763,0.3687,2140,2025,115,1510,515,344900.0,1841.0,161,52,17,20,515,29.4,3937,957,213,295,1018,213,0,28,3462,3305,157,4380,3221,2034,147,102,650,67685.0,2571,4.23,4.53,31.98,74.57,5.37,48.54,3.88,26.3,3.17,20.18,0.4172
3436000,"Jersey City city, New Jersey",place,34,36000,,2023,289691,34.7,83229,62146,74694,74443,123132,2.33,94813.0,57746.0,44826,286962,0.5026,132636,123132,9504,35447,87685,534500.0,1902.0,7152,4814,6058,18652,87685,27.0,210363,38834,7305,9831,61859,38406,6334,5171,166832,157108,9643,237130,154065,43248,7284,57133,33314,4458010.0,120751,15.62,5.78,53.13,28.79,7.17,41.83,21.27,36.9,37.08,21.62,0.7389
3436120,"Jobstown CDP, New Jersey",place,34,36120,,2023,258,55.6,213,34,0,11,112,2.3,81000.0,46421.0,24,258,0.4943,125,112,13,112,0,483300.0,,0,0,0,0,0,,213,87,13,32,29,6,0,0,152,117,29,226,118,92,0,0,26,3915.0,92,9.3,19.08,16.43,100.0,10.4,,,42.6,0.0,22.03,0.2992
3436150,"Johnsonburg CDP, New Jersey",place,34,36150,,2023,425,48.4,416,0,0,10,152,2.8,113500.0,49360.0,0,425,0.3243,164,152,12,143,9,410600.0,,0,0,0,0,9,,263,57,16,12,99,22,14,0,222,205,17,361,205,168,0,7,19,6285.0,186,0.0,7.66,51.33,94.08,7.32,0.0,0.0,33.8,3.41,9.27,0.0414
3436300,"Juliustown CDP, New Jersey",place,34,36300,,2023,207,38.3,166,0,0,41,78,2.65,,56209.0,55,207,0.4608,81,78,3,68,10,455600.0,,0,0,0,10,10,,129,41,20,10,22,4,0,0,109,102,7,152,102,82,20,0,0,3500.0,102,26.57,6.42,20.16,87.18,3.7,100.0,100.0,34.3,0.0,0.0,0.3177
3436480,"Keansburg borough, New Jersey",place,34,36480,,2023,9729,40.8,6706,1075,215,1959,3603,2.66,87484.0,35690.0,1087,9566,0.3866,4078,3603,475,1883,1720,274500.0,1649.0,96,47,285,460,1720,31.9,6948,2347,834,337,1000,434,0,25,5191,4930,238,8034,4884,3290,571,319,266,124205.0,4618,11.36,4.58,21.0,52.26,11.65,51.63,26.74,26.9,6.53,5.45,0.4717
3436484,"Kean University CDP, New Jersey",place,34,36484,,2023,1359,19.7,466,566,77,344,0,,,6326.0,0,0,,0,0,0,0,0,,,0,0,0,0,0,,24,0,0,0,2,19,0,0,713,638,75,1359,517,206,79,0,54,8830.0,463,,10.52,87.5,,,,,19.1,0.0,10.44,0.6417
3436510,"Kearny town, New Jersey",place,34,36510,,2023,40570,39.2,18557,2342,1471,20665,14756,2.62,83212.0,37169.0,4811,38622,0.4072,15340,14756,584,6706,8050,431700.0,1649.0,532,737,565,2052,8050,30.6,29348,8651,1224,1568,5884,2000,455,295,22344,21103,1147,33359,20827,13345,2173,2763,1102,660720.0,19725,12.46,5.13,29.42,45.45,3.81,48.27,25.49,33.5,13.27,5.29,0.5267
3436570,"Keasbey CDP, New Jersey",place,34,36570,,2023,2793,29.0,1401,150,57,2398,868,3.21,65948.0,28712.0,677,2736,0.5156,868,868,0,175,693,328100.0,1643.0,62,0,29,304,693,34.8,1513,467,57,74,80,70,0,0,1452,1384,68,2116,1384,705,414,175,60,35625.0,1324,24.74,4.68,9.91,20.16,0.0,57.0,43.87,26.9,12.64,4.34,0.0079
3436660,"Kendall Park CDP, New Jersey",place,34,36660,,2023,10765,45.1,5381,446,3440,983,3699,2.91,175361.0,69174.0,378,10678,0.4087,3776,3699,77,3193,506,555100.0,1913.0,76,8,62,102,506,29.6,7433,1265,411,278,2476,1470,135,233,6547,6083,464,8897,5963,4110,263,322,1177,151660.0,4786,3.54,7.09,58.04,86.32,2.04,49.01,20.16,31.7,5.4,19.74,0.638
3436690,"Kenilworth borough, New Jersey",place,34,36690,,2023,8339,38.6,5382,572,55,2288,2880,2.89,126295.0,55278.0,496,8329,0.4928,3058,2880,178,2097,783,521100.0,2119.0,20,26,17,347,783,36.1,5591,1461,326,617,1318,578,18,0,4779,4441,338,6336,4375,3635,302,36,216,104095.0,4159,5.96,7.07,34.23,72.81,5.82,52.36,44.32,25.0,0.82,4.94,0.5034
3436720,"Kenvil CDP, New Jersey",place,34,36720,,2023,1719,42.3,1252,132,0,328,658,2.58,81250.0,37905.0,115,1711,0.3682,666,658,8,518,140,338800.0,2068.0,91,0,0,20,140,32.3,1306,427,28,152,181,132,13,0,967,949,18,1380,949,832,25,0,92,30735.0,857,6.72,1.86,24.96,78.72,1.2,79.29,14.29,35.9,0.0,9.69,0.4272
3436810,"Keyport borough, New Jersey",place,34,36810,,2023,7159,43.2,5630,376,181,1453,3288,2.17,79036.0,45656.0,667,7159,0.443,3552,3288,264,1821,1467,374800.0,1379.0,100,0,193,266,1467,27.4,5162,1249,321,497,1131,399,205,111,4136,3648,488,6033,3635,2617,349,186,370,89420.0,3265,9.32,11.8,35.76,55.38,7.43,38.1,18.13,27.4,5.12,10.18,0.3369
3436930,"Kingston CDP, New Jersey",place,34,36930,,2023,1557,48.2,1280,71,160,32,768,2.03,86712.0,63288.0,43,1557,0.3835,816,768,48,505,263,380200.0,1589.0,0,41,0,0,263,20.9,1214,143,18,189,369,297,63,46,901,856,45,1275,856,570,3,0,232,21285.0,624,2.76,4.99,63.84,65.76,5.88,15.59,0.0,34.1,0.0,27.1,0.3111
3436960,"Kingston Estates CDP, New Jersey",place,34,36960,,2023,6250,37.7,3074,174,1307,983,2494,2.47,103056.0,44738.0,351,6155,0.3372,2542,2494,48,1498,996,288400.0,1752.0,229,100,44,82,996,30.2,4759,1042,148,473,1064,627,78,121,3567,3400,167,5329,3360,2341,373,240,325,81450.0,3035,5.7,4.68,39.71,60.06,1.89,45.68,8.23,26.8,7.14,9.67,0.6889
3437110,"Kinnelon borough, New Jersey",place,34,37110,,2023,9971,42.4,8611,37,664,555,3333,2.99,178102.0,79136.0,201,9971,0.4293,3467,3333,134,3092,241,682600.0,2307.0,0,24,11,3,241,22.8,6772,938,283,384,2856,1093,318,231,5643,5111,532,8190,4971,3401,350,247,970,144380.0,4001,2.02,9.43,66.42,92.77,3.87,15.77,1.24,36.1,4.97,19.51,0.2466
3437560,"Lake Como borough, New Jersey",place,34,37560,,2023,1660,41.8,1417,37,11,308,834,1.99,83056.0,60253.0,111,1660,0.455,1146,834,312,519,315,614500.0,1813.0,3,30,32,93,315,35.2,1330,285,36,136,395,220,50,15,1096,1020,68,1453,922,700,50,20,94,21840.0,828,6.69,6.2,51.13,62.23,27.23,50.16,29.52,26.4,2.17,10.2,0.2364
3437680,"Lake Hiawatha CDP, New Jersey",place,34,37680,,2023,10406,40.3,5370,315,3764,970,4352,2.39,101500.0,54688.0,277,10406,0.3855,4459,4352,107,2645,1707,402500.0,1426.0,98,36,64,192,1707,19.0,7566,1645,266,612,2617,1050,147,45,6047,5901,146,8585,5700,4257,307,187,833,107790.0,4867,2.66,2.41,51.0,60.78,2.4,22.85,11.25,22.1,3.28,14.61,0.5933
3437710,"Lake Hopatcong CDP, New Jersey",place,34,37710,,2023,10383,46.5,8033,639,561,1194,4070,2.55,111614.0,54567.0,364,10222,0.3799,4360,4070,290,3802,268,388300.0,1599.0,58,46,25,35,268,32.6,7590,1824,385,527,2145,965,63,90,5829,5665,144,8579,5628,4316,384,198,714,146605.0,4914,3.56,2.47,42.99,93.42,6.65,61.19,13.06,29.8,3.52,12.69,0.3815
3437770,"Lakehurst borough, New Jersey",place,34,37770,,2023,2666,39.4,1839,247,131,466,1005,2.65,80458.0,31483.0,269,2660,0.3598,1069,1005,64,645,360,225800.0,1637.0,54,16,14,125,360,32.9,1871,740,196,99,226,87,0,5,1305,1200,74,2133,1194,994,46,0,85,32260.0,1109,10.11,5.67,17.0,64.18,5.99,58.06,34.72,29.1,0.0,7.12,0.4826
3438040,"Lake Mohawk CDP, New Jersey",place,34,38040,,2023,9116,44.9,7974,45,299,591,3763,2.41,145806.0,72116.0,168,9094,0.3939,4096,3763,333,3254,509,418800.0,1838.0,26,30,13,109,509,25.8,6567,750,400,449,2184,1232,280,135,5004,4890,114,7414,4853,3402,183,117,940,145390.0,3913,1.85,2.28,58.34,86.47,8.13,34.97,21.41,37.2,2.41,19.37,0.2296
3438296,"Lakeside-Beebe Run CDP, New Jersey",place,34,38296,,2023,163,30.0,163,0,0,0,96,1.7,36029.0,31664.0,0,163,0.313,118,96,22,96,0,160300.0,,0,0,0,0,0,,145,50,0,42,11,0,0,0,128,128,0,145,128,120,8,0,0,2645.0,128,0.0,0.0,7.59,100.0,18.64,,,20.7,0.0,0.0,0.0
3438430,"Lake Telemark CDP, New Jersey",place,34,38430,,2023,1519,32.3,1373,0,46,73,524,2.9,107065.0,46341.0,146,1519,0.3442,524,524,0,477,47,424200.0,,0,0,24,0,47,,1007,226,19,139,290,122,30,31,875,797,78,1206,797,628,13,14,133,20310.0,664,9.61,8.91,46.97,91.03,0.0,51.06,0.0,30.6,1.76,16.69,0.1798
3438580,"Lakewood CDP, New Jersey",place,34,38580,,2023,69884,17.3,59637,1156,466,9687,13968,4.89,57576.0,17984.0,20032,68275,0.4837,14534,13968,566,5173,8795,618400.0,1647.0,763,678,1107,3758,8795,46.0,25881,7019,1926,952,4426,2717,639,306,19688,18344,1334,37184,17559,11081,2335,389,2596,315485.0,14963,29.34,6.78,31.25,37.03,3.89,71.7,42.73,21.1,2.22,14.78,0.2522
3438610,"Lambertville city, New Jersey",place,34,38610,,2023,4141,59.2,3580,20,54,461,2215,1.86,106236.0,92318.0,109,4141,0.4838,2338,2215,123,1697,518,534100.0,1507.0,35,13,16,180,518,29.6,3601,401,59,73,1240,769,391,103,2616,2532,84,3714,2501,1732,130,38,523,60245.0,1978,2.63,3.21,69.51,76.61,5.26,47.1,34.75,30.5,1.52,20.91,0.24
3438670,"Lamington CDP, New Jersey",place,34,38670,,2023,218,14.2,72,80,16,14,31,7.03,,43811.0,14,218,0.3745,40,31,9,31,0,,,0,0,0,0,0,,69,20,0,0,12,12,3,3,50,50,0,83,50,50,0,0,0,2005.0,50,6.42,0.0,43.48,100.0,22.5,,,40.1,0.0,0.0,0.7467
3438700,"Landing CDP, New Jersey",place,34,38700,,2023,4499,38.0,2948,318,169,634,1519,2.96,125407.0,54431.0,437,4499,0.4489,1626,1519,107,1260,259,382300.0,1706.0,22,0,0,147,259,51.0,2875,464,139,289,829,392,18,29,2688,2662,26,3795,2527,1378,307,323,402,87655.0,2125,9.71,0.97,44.1,82.95,6.58,65.25,56.76,41.2,12.78,15.91,0.5444
3439045,"Laurel Heights CDP, New Jersey",place,34,39045,,2023,391,56.4,363,3,25,0,161,2.41,81713.0,37421.0,62,391,0.2749,161,161,0,123,38,201400.0,,0,0,0,0,38,,287,105,0,70,26,18,0,0,171,144,27,287,144,144,0,0,0,3220.0,144,15.86,15.79,15.33,76.4,0.0,0.0,0.0,22.4,0.0,0.0,0.1339
3439120,"Laurel Lake CDP, New Jersey",place,34,39120,,2023,2514,44.1,1867,59,0,367,1057,2.38,51633.0,26073.0,424,2514,0.3763,1128,1057,71,831,226,138100.0,1171.0,17,51,49,43,226,37.9,1829,631,284,239,178,0,0,0,1091,1049,42,1955,1033,868,109,0,37,27660.0,996,16.87,3.85,9.73,78.62,6.29,70.8,19.03,27.8,0.0,3.58,0.4266
3439210,"Laurel Springs borough, New Jersey",place,34,39210,,2023,2025,36.3,1725,111,99,102,689,2.94,120795.0,44890.0,106,2025,0.3611,719,689,30,564,125,254600.0,1090.0,22,0,5,26,125,29.5,1341,351,130,114,379,93,16,23,1071,1014,50,1604,1012,753,37,46,115,26390.0,897,5.23,4.67,38.11,81.86,4.17,42.4,20.8,29.4,4.55,11.36,0.2664
3439360,"Laurence Harbor CDP, New Jersey",place,34,39360,,2023,6130,46.1,3985,473,693,809,2644,2.32,89500.0,48939.0,550,6130,0.3688,2852,2644,208,2273,371,327900.0,1480.0,31,38,0,111,371,28.2,4820,1262,581,415,950,577,64,30,3181,2863,318,5186,2588,1950,188,89,361,82220.0,2227,8.97,10.0,33.63,85.97,7.29,48.52,29.92,36.9,3.44,13.95,0.5412
3439390,"Lavallette borough, New Jersey",place,34,39390,,2023,1836,61.4,1747,0,13,47,892,2.06,120938.0,87933.0,53,1836,0.5213,2980,892,2088,731,161,1045200.0,3501.0,111,4,0,14,161,32.5,1506,303,78,39,483,288,63,14,812,794,14,1593,775,591,6,14,137,25090.0,638,2.89,1.72,56.31,81.95,70.07,80.12,8.7,39.3,1.81,17.68,0.0939
3439420,"Lawnside borough, New Jersey",place,34,39420,,2023,3124,46.5,167,2306,19,613,1196,2.6,70338.0,42451.0,611,3115,0.4871,1288,1196,92,801,395,215100.0,1034.0,0,10,23,131,395,27.0,2415,901,186,111,196,336,5,5,1576,1387,189,2661,1369,953,78,172,72,38755.0,1297,19.61,11.99,22.44,66.97,7.14,41.52,33.16,29.9,12.56,5.26,0.4137
3439570,"Lawrenceville CDP, New Jersey",place,34,39570,,2023,3947,43.4,3202,250,349,341,1796,2.2,118482.0,66539.0,88,3947,0.3971,1890,1796,94,1534,262,413600.0,2250.0,0,0,141,27,262,42.6,2859,337,133,135,853,939,74,192,2275,2067,208,3235,1929,1125,67,92,617,42485.0,1312,2.23,9.14,71.98,85.41,4.97,64.12,10.31,32.4,4.77,31.99,0.3226
3439600,"Layton CDP, New Jersey",place,34,39600,,2023,896,38.5,738,0,0,38,329,2.72,106799.0,56271.0,6,896,0.4358,329,329,0,321,8,333900.0,,0,0,3,0,8,,613,166,53,25,198,20,17,0,462,446,16,683,436,338,27,0,71,11025.0,365,0.67,3.46,38.34,97.57,0.0,37.5,0.0,30.2,0.0,16.28,0.3198
3439630,"Lebanon borough, New Jersey",place,34,39630,,2023,1664,47.7,1535,8,34,85,785,2.1,108672.0,70592.0,84,1663,0.4728,802,785,17,429,356,377300.0,1993.0,16,2,4,146,356,28.7,1347,263,43,49,406,328,30,14,1038,1009,29,1465,998,623,23,28,300,25405.0,698,5.05,2.79,57.76,54.65,2.12,47.19,41.01,36.4,2.81,30.06,0.146
3439750,"Ledgewood CDP, New Jersey",place,34,39750,,2023,5150,45.3,3691,219,465,755,1984,2.58,125000.0,56203.0,150,5150,0.3926,2064,1984,80,1657,327,454100.0,1570.0,34,20,90,119,327,45.1,3627,437,117,342,1644,380,213,29,3199,2630,549,4480,2529,1969,111,30,388,69715.0,2141,2.91,17.16,62.48,83.52,3.88,80.43,36.39,32.6,1.19,15.34,0.4549
3439810,"Leeds Point CDP, New Jersey",place,34,39810,,2023,78,,78,0,0,0,48,1.63,,,0,78,,48,48,0,48,0,,,0,0,0,0,0,,78,0,0,0,48,0,0,30,78,78,0,78,78,78,0,0,0,,78,0.0,0.0,100.0,100.0,0.0,,,,0.0,0.0,0.0
3439870,"Leesburg CDP, New Jersey",place,34,39870,,2023,275,57.8,227,0,0,40,172,1.6,60278.0,223064.0,34,275,0.692,203,172,31,133,39,159900.0,,12,0,0,0,39,,272,112,7,28,17,6,0,0,147,130,17,272,130,57,28,0,45,,85,12.36,11.56,8.46,77.33,15.27,30.77,0.0,,0.0,34.62,0.2975
3439883,"Leisure Knoll CDP, New Jersey",place,34,39883,,2023,2725,70.0,2373,132,99,99,1510,1.72,61875.0,42735.0,183,2591,0.3682,1631,1510,121,1458,52,265600.0,1765.0,0,0,8,7,52,28.0,2660,1015,181,270,423,108,42,62,986,957,29,2675,941,771,15,8,139,23860.0,802,7.06,2.94,23.87,96.56,7.42,28.85,13.46,29.8,0.85,14.77,0.2367
3439885,"Leisuretowne CDP, New Jersey",place,34,39885,,2023,3244,72.5,3060,70,45,56,1994,1.63,51420.0,43529.0,258,3244,0.4208,2173,1994,179,1915,79,220800.0,1588.0,0,0,0,42,79,51.0,3120,1327,375,204,419,126,0,0,782,710,72,3174,664,580,0,45,39,19715.0,625,7.95,9.21,17.47,96.04,8.24,53.16,53.16,31.5,6.78,5.87,0.1093
3439900,"Leisure Village CDP, New Jersey",place,34,39900,,2023,6307,54.9,4062,207,12,2148,2721,2.29,42705.0,24012.0,2446,6239,0.4309,3265,2721,544,1668,1053,127000.0,1725.0,0,138,162,489,1053,48.7,4659,1881,304,260,735,253,72,65,2263,2149,114,5253,2138,1153,606,0,347,62205.0,1791,39.21,5.04,24.15,61.3,16.66,74.93,46.44,34.7,0.0,16.23,0.4681
3439910,"Leisure Village East CDP, New Jersey",place,34,39910,,2023,4309,74.1,4218,17,0,94,2904,1.48,47231.0,52004.0,374,4309,0.5071,3316,2904,412,2562,342,211600.0,1237.0,41,26,109,47,342,40.8,4309,2016,268,236,568,386,15,21,1077,889,188,4309,889,811,0,0,31,29580.0,858,8.68,17.46,22.98,88.22,12.42,65.2,13.74,34.5,0.0,3.49,0.0413
3439916,"Leisure Village West CDP, New Jersey",place,34,39916,,2023,4070,71.5,3513,109,164,229,2730,1.49,60309.0,48214.0,121,4070,0.3954,3069,2730,339,2399,331,203700.0,1381.0,0,21,26,45,331,19.2,4023,1501,273,445,507,303,12,16,1309,1234,75,4054,1228,881,0,50,124,41840.0,1104,2.97,5.73,20.83,87.88,11.05,27.79,13.6,37.9,4.07,10.1,0.2495
3439990,"Leonardo CDP, New Jersey",place,34,39990,,2023,2342,39.4,2211,0,104,77,919,2.55,122216.0,50202.0,101,2342,0.3464,1012,919,93,805,114,432200.0,1439.0,47,0,0,34,114,32.6,1598,432,59,142,500,150,5,0,1297,1237,51,1906,1208,917,64,26,186,36655.0,1022,4.31,3.93,40.99,87.6,9.19,71.05,29.82,35.9,2.15,15.4,0.1057
3440020,"Leonia borough, New Jersey",place,34,40020,,2023,9300,46.4,3448,277,3561,2099,3350,2.77,116429.0,68548.0,317,9291,0.4899,3565,3350,215,2341,1009,634500.0,2149.0,12,28,132,308,1009,30.0,6700,642,205,510,2437,1140,262,213,5058,4774,284,7702,4650,2679,376,586,677,124470.0,3973,3.41,5.61,60.48,69.88,6.03,47.57,30.53,31.3,12.6,14.56,0.6641
3440140,"Liberty Corner CDP, New Jersey",place,34,40140,,2023,1789,55.1,1390,34,138,192,731,2.24,213094.0,128917.0,70,1721,0.4522,731,731,0,469,262,964800.0,3501.0,24,11,11,58,262,27.7,1363,253,39,46,381,348,203,22,697,663,28,1547,669,320,50,0,287,14745.0,382,4.07,4.02,69.99,64.16,0.0,39.69,22.14,38.6,0.0,42.9,0.3785
3440290,"Lincoln Park borough, New Jersey",place,34,40290,,2023,10901,48.0,8116,374,662,1669,4142,2.47,119000.0,57546.0,352,10245,0.4135,4305,4142,163,3225,917,419500.0,1824.0,0,40,101,172,917,26.0,8398,2086,361,538,2622,947,170,63,6510,5840,670,9494,5755,4306,267,292,729,147550.0,5026,3.44,10.29,45.27,77.86,3.79,34.13,18.76,29.4,5.07,12.67,0.4174
3440320,"Lincroft CDP, New Jersey",place,34,40320,,2023,6901,43.4,6046,82,267,449,2445,2.79,168945.0,78874.0,152,6852,0.4606,2445,2445,0,2160,285,719000.0,843.0,125,14,20,39,285,32.2,4669,853,325,259,1832,778,280,23,3345,3097,248,5437,3025,1955,124,220,619,97345.0,2406,2.22,7.41,62.39,88.34,0.0,69.47,13.68,40.5,7.27,20.46,0.2266
3440350,"Linden city, New Jersey",place,34,40350,,2023,43614,39.8,16542,12271,1566,15521,15290,2.84,91036.0,40093.0,3871,43192,0.4118,16142,15290,852,9364,5926,387200.0,1677.0,388,568,747,1156,5926,30.1,30902,9184,1902,3143,4937,1948,249,66,25100,22961,2126,35499,22198,15508,2653,1572,1371,653110.0,20827,8.96,8.47,23.3,61.24,5.28,48.25,19.51,31.4,7.08,6.18,0.6491
3440440,"Lindenwold borough, New Jersey",place,34,40440,,2023,21534,35.4,7510,7407,703,6174,9042,2.38,55099.0,28798.0,5235,21534,0.4176,9601,9042,559,3002,6040,168300.0,1265.0,687,673,632,1643,6040,35.7,14715,4903,1158,1208,2266,550,131,64,11599,11187,412,16673,10989,7776,1331,587,606,294080.0,10383,24.31,3.55,20.46,33.2,5.82,60.18,27.2,28.3,5.34,5.51,0.6768
3440530,"Linwood city, New Jersey",place,34,40530,,2023,6954,45.8,5828,137,330,436,2612,2.62,135904.0,70653.0,196,6848,0.463,2859,2612,247,2352,260,351100.0,2070.0,0,12,11,56,260,27.2,4871,756,199,397,1636,757,393,68,3657,3363,262,5546,3319,2457,307,28,490,68220.0,2829,2.86,7.16,58.59,90.05,8.64,30.38,21.54,24.1,0.84,14.76,0.2911
3440680,"Little Ferry borough, New Jersey",place,34,40680,,2023,10942,44.8,5309,442,2132,3768,4539,2.41,79476.0,44834.0,931,10942,0.4366,4672,4539,133,1957,2582,388500.0,1798.0,234,157,127,694,2582,29.1,8351,2153,339,515,1873,647,230,39,6723,6222,501,9684,5907,4047,563,916,269,162375.0,5638,8.51,7.45,33.4,43.12,2.85,46.94,26.88,28.8,15.51,4.55,0.6064
3440770,"Little Silver borough, New Jersey",place,34,40770,,2023,6096,46.8,5988,0,34,93,2252,2.71,220746.0,111124.0,148,6096,0.4603,2352,2252,100,2155,97,870700.0,3501.0,0,0,0,0,97,17.4,4268,380,49,146,1831,1130,363,80,3348,3244,104,4859,3198,1799,139,358,854,85080.0,2344,2.43,3.11,79.76,95.69,4.25,0.0,0.0,36.3,11.19,26.7,0.0349
3440990,"Llewellyn Park CDP, New Jersey",place,34,40990,,2023,536,43.5,344,54,37,107,246,2.18,179333.0,138297.0,13,536,0.4416,267,246,21,159,87,1293800.0,2224.0,0,0,0,0,87,21.8,413,54,0,40,108,63,27,37,363,363,0,446,363,242,10,36,75,12975.0,288,2.43,0.0,56.9,64.63,7.87,0.0,0.0,45.1,9.92,20.66,0.5333
3441010,"Loch Arbour village, New Jersey",place,34,41010,,2023,199,56.7,170,0,6,24,79,2.52,115417.0,64343.0,28,199,0.4973,189,79,110,69,10,1284100.0,,0,2,0,0,10,23.2,144,18,8,8,51,43,9,0,96,85,11,173,82,64,0,4,12,1950.0,70,14.07,11.46,71.53,87.34,58.2,20.0,0.0,27.9,4.88,14.63,0.2548
3441100,"Lodi borough, New Jersey",place,34,41100,,2023,25946,39.4,13554,2487,2096,10499,9381,2.75,84570.0,42965.0,4139,25854,0.4807,9864,9381,483,3880,5501,449200.0,1675.0,367,449,506,1322,5501,30.8,18068,5145,890,1888,2985,1766,314,23,14110,13270,826,20882,13017,8749,1648,991,996,324565.0,12021,16.01,5.85,28.16,41.36,4.9,48.06,24.03,27.0,7.61,7.65,0.5477
3441310,"Long Branch city, New Jersey",place,34,41310,,2023,32184,35.4,18573,4344,667,7420,13052,2.45,73381.0,41238.0,5168,31837,0.4865,15135,13052,2083,5394,7658,519000.0,1744.0,499,507,590,2390,7658,32.7,21106,5407,1250,981,4194,2060,563,468,17285,16033,1252,26150,15631,8761,3668,745,1295,447515.0,14336,16.23,7.24,34.52,41.33,13.76,52.05,31.21,31.2,4.77,8.28,0.5952
3441370,"Longport borough, New Jersey",place,34,41370,,2023,897,68.1,875,0,19,17,491,1.83,103523.0,112818.0,61,897,0.6095,1578,491,1087,457,34,1079500.0,2554.0,0,0,3,9,34,43.3,814,184,41,56,227,101,72,48,320,292,28,845,278,204,0,8,63,6745.0,215,6.8,8.75,55.04,93.08,68.88,35.29,26.47,31.4,2.88,22.66,0.0476
3441400,"Long Valley CDP, New Jersey",place,34,41400,,2023,2107,49.4,1790,26,66,366,800,2.62,106528.0,57495.0,155,2107,0.4339,883,800,83,673,127,452400.0,1717.0,7,44,0,69,127,51.0,1399,174,106,172,324,370,34,38,1022,1009,13,1769,986,763,22,46,155,37895.0,831,7.36,1.27,54.75,84.12,9.4,94.49,54.33,45.6,4.67,15.72,0.247
3441495,"Lopatcong Overlook CDP, New Jersey",place,34,41495,,2023,612,54.7,612,0,0,0,271,2.26,71432.0,36643.0,22,612,0.2757,271,271,0,233,38,194000.0,,0,11,0,0,38,,430,142,27,41,73,48,0,0,337,337,0,456,315,289,0,0,26,8975.0,289,3.59,0.0,28.14,85.98,0.0,28.95,0.0,31.1,0.0,8.25,0.0
3441700,"Lower Berkshire Valley CDP, New Jersey",place,34,41700,,2023,532,52.8,354,60,20,32,205,2.6,99957.0,61394.0,34,532,0.3859,238,205,33,187,18,392000.0,,0,0,0,0,18,,423,93,60,40,173,14,6,0,316,298,18,488,292,202,43,0,47,13365.0,245,6.39,5.7,45.63,91.22,13.87,0.0,0.0,54.6,0.0,16.1,0.5395
3442180,"Lyons CDP, New Jersey",place,34,42180,,2023,5444,47.8,3873,289,1084,365,1721,2.9,243958.0,128434.0,96,5091,0.5311,1734,1721,13,1594,127,936000.0,,64,17,0,0,127,31.4,3695,509,112,185,1359,739,152,210,2376,2282,94,4383,2194,1449,0,197,534,50945.0,1660,1.89,3.96,66.58,92.62,0.75,63.78,0.0,30.7,8.98,24.34,0.4469
3442390,"McGuire AFB CDP, New Jersey",place,34,42390,,2023,4491,24.4,3261,564,107,1012,1340,3.14,79423.0,29763.0,123,4192,0.316,1497,1340,157,29,1311,,2426.0,117,95,204,375,1311,37.2,2178,274,131,320,519,279,34,17,2226,841,46,2893,2134,1642,259,0,131,33605.0,2003,2.93,2.07,38.98,2.16,10.49,60.34,28.6,16.8,0.0,6.14,0.4056
3442420,"McKee City CDP, New Jersey",place,34,42420,,2023,10843,41.4,5902,2021,722,1844,4762,2.27,81667.0,38648.0,1116,10843,0.3905,5050,4762,288,2761,2001,232000.0,1745.0,189,37,32,665,2001,30.2,7624,2167,745,678,1846,352,75,27,6097,5497,405,9192,5651,4289,560,37,384,119645.0,5267,10.29,6.64,30.17,57.98,5.7,46.13,33.23,22.7,0.65,6.8,0.6356
3442450,"Macopin CDP, New Jersey",place,34,42450,,2023,2305,37.9,1843,130,21,359,781,2.93,127824.0,53248.0,114,2301,0.4413,813,781,32,706,75,370300.0,2107.0,0,0,6,0,75,21.0,1422,392,114,96,329,197,41,21,1215,1124,91,1701,1116,671,201,8,232,24700.0,884,4.95,7.49,41.35,90.4,3.94,8.0,0.0,27.9,0.72,20.79,0.3332
3442510,"Madison borough, New Jersey",place,34,42510,,2023,16464,39.0,12787,199,953,2346,5554,2.68,168469.0,85897.0,420,14891,0.4943,5721,5554,167,3563,1991,882900.0,2248.0,150,142,224,393,1991,28.4,10448,1455,395,407,4173,2249,517,448,9021,8412,609,13075,8246,4365,281,664,2079,165755.0,6167,2.82,6.75,70.7,64.15,2.92,45.66,19.74,26.9,8.05,25.21,0.373
3442540,"Madison Park CDP, New Jersey",place,34,42540,,2023,8798,32.3,2826,2647,1833,1829,2849,3.09,76396.0,34943.0,1347,8798,0.4902,2988,2849,139,908,1941,386200.0,1558.0,18,229,49,641,1941,32.2,5387,1626,273,355,1180,403,72,20,4448,4111,337,6427,3994,2707,148,423,236,120080.0,3758,15.31,7.58,31.09,31.87,4.65,48.27,33.02,32.0,10.59,5.91,0.7197
3442630,"Magnolia borough, New Jersey",place,34,42630,,2023,4360,35.5,2528,728,361,778,1778,2.45,89489.0,40959.0,233,4360,0.3807,1910,1778,132,1253,525,221100.0,1204.0,24,0,62,116,525,25.8,3114,1053,168,148,787,165,55,53,2535,2351,153,3402,2259,1694,60,126,286,55510.0,1973,5.34,6.04,34.04,70.47,6.91,38.48,22.1,28.1,5.58,12.66,0.5972
3442840,"Malaga CDP, New Jersey",place,34,42840,,2023,1612,37.4,1488,98,0,26,569,2.83,107875.0,42452.0,126,1612,0.3819,617,569,48,469,100,228500.0,,0,0,0,70,100,,1076,516,24,206,78,63,0,0,819,758,61,1347,743,651,92,0,0,24225.0,743,7.82,7.45,13.1,82.43,7.78,70.0,70.0,32.6,0.0,0.0,0.144
3442930,"Manahawkin CDP, New Jersey",place,34,42930,,2023,2359,43.6,1987,0,25,343,1032,2.29,79417.0,53123.0,160,2359,0.4177,1198,1032,166,816,216,399500.0,1650.0,0,39,54,13,216,36.9,1802,325,132,136,335,298,15,10,1361,1318,43,1987,1318,958,162,0,65,36115.0,1253,6.78,3.16,36.51,79.07,13.86,49.07,6.02,28.8,0.0,4.93,0.2693
3443050,"Manasquan borough, New Jersey",place,34,43050,,2023,5915,47.6,5429,2,36,330,2513,2.35,156542.0,94402.0,107,5915,0.519,3372,2513,859,2170,343,947100.0,1655.0,21,8,32,38,343,32.9,4249,466,120,245,1856,870,315,62,3214,3124,90,4813,3048,2191,139,64,575,79565.0,2473,1.81,2.8,73.03,86.35,25.47,28.86,11.08,32.2,2.1,18.86,0.1544
3443380,"Mantoloking borough, New Jersey",place,34,43380,,2023,468,54.8,451,1,0,29,184,2.52,250001.0,191059.0,18,463,0.5645,424,184,240,182,2,2000001.0,,0,0,0,0,2,,352,12,4,22,153,88,52,11,220,205,15,405,200,77,12,21,89,4930.0,111,3.89,6.82,86.36,98.91,56.6,0.0,0.0,44.4,10.5,44.5,0.0675
3443620,"Manville borough, New Jersey",place,34,43620,,2023,10870,42.4,6703,909,304,2777,4300,2.53,93872.0,43853.0,1335,10870,0.4295,4538,4300,238,3114,1186,321100.0,1837.0,64,9,130,466,1186,42.0,7867,2526,659,659,1528,620,87,15,6309,6061,218,9125,5948,4224,734,50,588,130935.0,5360,12.28,3.46,28.6,72.42,5.24,56.41,39.29,24.4,0.84,9.89,0.5467
3443890,"Margate City city, New Jersey",place,34,43890,,2023,5260,57.9,4985,3,120,99,2625,2.0,114417.0,85429.0,325,5260,0.5248,6940,2625,4315,2356,269,645200.0,1368.0,19,6,30,34,269,26.2,4067,600,190,308,1204,714,371,154,2603,2508,83,4598,2462,1554,345,26,421,60875.0,2041,6.18,3.19,60.07,89.75,62.18,33.09,12.64,29.8,1.06,17.1,0.101
3443980,"Marksboro CDP, New Jersey",place,34,43980,,2023,156,39.0,140,0,12,25,79,1.97,119063.0,112264.0,0,156,0.4987,91,79,12,70,9,330800.0,,0,0,0,0,9,,127,31,0,17,26,26,0,0,107,107,0,133,107,87,14,0,0,3710.0,107,0.0,0.0,40.94,88.61,13.19,0.0,0.0,34.7,0.0,0.0,0.163
3444010,"Marlboro CDP, New Jersey",place,34,44010,,2023,101,43.1,89,7,0,5,37,2.73,102813.0,35648.0,3,101,0.2799,37,37,0,35,2,229700.0,,0,0,0,0,2,,69,25,0,10,4,0,0,4,58,54,4,77,54,50,0,0,4,1420.0,50,2.97,6.9,11.59,94.59,0.0,0.0,0.0,28.4,0.0,7.41,0.2163
3444100,"Marlton CDP, New Jersey",place,34,44100,,2023,10473,39.5,8559,162,838,1050,4698,2.23,94160.0,51184.0,370,10457,0.3644,5048,4698,350,2718,1980,314500.0,1598.0,203,49,122,337,1980,25.9,7881,1776,458,521,2380,984,293,120,6284,6052,224,8820,5990,4418,310,85,1025,125425.0,4965,3.54,3.56,47.93,57.85,6.93,35.91,17.02,25.3,1.42,17.11,0.3154
3444280,"Marmora CDP, New Jersey",place,34,44280,,2023,2011,58.2,1857,7,46,0,978,2.05,94621.0,54346.0,86,2011,0.3961,1381,978,403,852,126,370400.0,1917.0,35,8,31,8,126,32.7,1603,416,100,183,324,276,55,44,927,905,22,1719,848,741,48,0,27,20555.0,821,4.28,2.37,43.61,87.12,29.18,65.08,6.35,25.0,0.0,3.18,0.1468
3444345,"Marshallville CDP, New Jersey",place,34,44345,,2023,194,33.4,194,0,0,0,61,3.18,170197.0,50829.0,0,194,0.1618,61,61,0,61,0,339700.0,,0,0,0,0,0,,103,56,0,0,34,13,0,0,121,121,0,149,121,121,0,0,0,,121,0.0,0.0,45.63,100.0,0.0,,,,0.0,0.0,0.0
3444430,"Martinsville CDP, New Jersey",place,34,44430,,2023,12016,45.9,8674,349,1581,966,4189,2.83,206839.0,90694.0,107,11898,0.4243,4278,4189,89,3958,231,702700.0,2183.0,0,0,26,96,231,51.0,8476,857,275,442,3315,1879,481,419,6109,5969,140,9607,5861,4025,157,210,1379,157230.0,4482,0.9,2.29,71.9,94.49,2.08,52.81,41.56,35.1,3.58,23.53,0.4543
3444520,"Matawan borough, New Jersey",place,34,44520,,2023,9636,35.8,6211,1300,168,1514,3716,2.57,122026.0,51890.0,962,9557,0.3892,3853,3716,137,2124,1592,447000.0,1714.0,98,143,86,239,1592,25.4,6911,1836,310,455,2169,686,82,112,5470,5158,312,7645,5130,3597,223,316,880,128130.0,4250,10.07,5.7,44.12,57.16,3.56,35.55,15.01,30.1,6.16,17.15,0.5413
3444670,"Mauricetown CDP, New Jersey",place,34,44670,,2023,386,65.2,301,0,14,0,175,2.21,63946.0,33487.0,18,386,0.2618,196,175,21,175,0,168000.0,,0,0,0,0,0,,294,120,7,0,103,18,0,0,72,57,15,315,57,22,35,0,0,,57,4.66,20.83,41.16,100.0,10.71,,,,0.0,0.0,0.3906
3444820,"Mays Landing CDP, New Jersey",place,34,44820,,2023,6178,37.2,3429,763,127,1494,2446,2.25,80777.0,43972.0,174,5459,0.3977,2518,2446,72,1795,651,236500.0,1150.0,19,0,47,133,651,24.4,4487,1368,206,317,1075,395,114,24,3136,2782,308,5159,2816,2330,295,0,183,94410.0,2633,3.19,9.82,35.84,73.39,2.86,30.57,20.43,35.9,0.0,6.5,0.6178
3444880,"Maywood borough, New Jersey",place,34,44880,,2023,10042,45.6,5471,661,1758,2628,3814,2.62,119306.0,53876.0,281,9997,0.3864,3908,3814,94,2625,1189,495700.0,1932.0,75,110,60,249,1189,27.7,7542,1736,392,529,1948,1047,244,45,5600,5194,406,8404,5032,3300,374,553,635,129600.0,4397,2.81,7.25,43.54,68.83,2.41,41.55,20.94,29.5,10.99,12.62,0.5997
3445210,"Medford Lakes borough, New Jersey",place,34,45210,,2023,4267,46.1,3897,0,130,108,1464,2.91,151190.0,61788.0,54,4267,0.3909,1516,1464,52,1340,124,368200.0,2136.0,8,14,10,12,124,27.9,3035,389,219,272,969,605,172,72,2118,2042,76,3421,2042,1674,10,36,313,57155.0,1729,1.27,3.59,59.9,91.53,3.43,35.48,9.68,33.1,1.76,15.33,0.1643
3445330,"Mendham borough, New Jersey",place,34,45330,,2023,4977,46.6,4128,2,327,279,1792,2.67,223750.0,114107.0,106,4855,0.4771,1823,1792,31,1535,257,764000.0,3250.0,16,19,52,8,257,27.6,3507,284,95,127,1411,940,404,21,2665,2579,86,4031,2488,1491,47,90,767,57020.0,1721,2.18,3.23,79.16,85.66,1.7,36.96,3.11,33.1,3.62,30.83,0.3046
3445450,"Menlo Park Terrace CDP, New Jersey",place,34,45450,,2023,2952,40.1,1128,245,863,735,900,3.28,111111.0,42383.0,176,2940,0.4313,931,900,31,809,91,379100.0,1879.0,0,0,10,60,91,51.0,2079,587,172,119,473,261,43,8,1570,1462,108,2292,1427,882,158,161,154,37975.0,1273,5.99,6.88,37.76,89.89,3.33,76.92,65.93,29.8,11.28,10.79,0.6996
3445480,"Mercerville CDP, New Jersey",place,34,45480,,2023,13693,41.9,10636,1053,516,2424,4903,2.72,125678.0,48985.0,372,13401,0.355,5184,4903,281,4110,793,330500.0,1704.0,47,32,88,191,793,25.3,9760,2412,456,1040,2878,1102,208,77,7084,6752,332,11198,6623,4734,532,91,1157,123905.0,5466,2.78,4.69,43.7,83.83,5.42,45.15,24.09,22.7,1.37,17.47,0.358
3445510,"Merchantville borough, New Jersey",place,34,45510,,2023,3815,36.8,2487,320,112,960,1501,2.53,91607.0,45634.0,637,3815,0.4528,1634,1501,133,932,569,316300.0,1097.0,24,30,63,188,569,34.3,2538,618,65,145,604,252,65,19,2182,2109,73,3056,1999,1379,201,59,352,44450.0,1647,16.7,3.35,37.04,62.09,8.14,53.6,33.04,27.0,2.95,17.61,0.5038
3445690,"Metuchen borough, New Jersey",place,34,45690,,2023,14982,39.4,9609,764,2522,1149,5433,2.76,157779.0,69414.0,658,14943,0.4267,5621,5433,188,4054,1379,565400.0,2019.0,154,36,132,186,1379,27.5,10317,1135,425,677,3603,2420,516,356,8151,7718,433,11360,7530,3888,393,1328,1758,217015.0,5772,4.4,5.31,66.83,74.62,3.34,36.84,13.49,37.6,17.64,23.35,0.5518
3445780,"Mickleton CDP, New Jersey",place,34,45780,,2023,1734,46.6,1721,13,0,10,723,2.4,125430.0,60786.0,31,1734,0.3697,791,723,68,723,0,347900.0,,0,0,0,0,0,,1324,352,48,120,498,190,0,0,749,749,0,1419,749,586,0,0,163,12235.0,586,1.79,0.0,51.96,100.0,8.6,,,20.9,0.0,21.76,0.0148
3445870,"Middlebush CDP, New Jersey",place,34,45870,,2023,2017,49.7,899,397,615,152,643,2.98,178125.0,61676.0,98,1963,0.2969,657,643,14,604,39,475500.0,,0,0,0,32,39,,1417,216,41,157,377,395,37,9,821,730,91,1537,730,453,25,17,214,16090.0,516,4.99,11.08,57.73,93.93,2.13,82.05,82.05,31.2,2.33,29.32,0.664
3445900,"Middlesex borough, New Jersey",place,34,45900,,2023,14518,44.3,8814,1034,1692,3821,5567,2.6,107063.0,50637.0,1155,14509,0.4006,5703,5567,136,4042,1525,414600.0,1493.0,96,197,68,278,1525,29.1,10731,3211,721,915,2466,844,287,103,8310,7878,385,11838,7708,6220,500,124,702,179960.0,7006,7.96,4.63,34.48,72.61,2.38,41.9,18.23,25.7,1.61,9.11,0.5435
3446110,"Midland Park borough, New Jersey",place,34,46110,,2023,6996,42.7,6185,85,150,774,3001,2.32,140063.0,73397.0,112,6987,0.4198,3112,3001,111,2086,915,586200.0,1837.0,61,60,77,81,915,23.2,5114,867,282,210,1705,934,156,29,3757,3455,302,5820,3428,2404,210,149,596,78380.0,2832,1.6,8.04,55.22,69.51,3.57,30.49,8.85,27.7,4.35,17.39,0.2056
3446260,"Milford borough, New Jersey",place,34,46260,,2023,1306,43.1,1198,24,23,61,541,2.4,88295.0,43878.0,89,1306,0.3931,578,541,37,397,144,304100.0,1476.0,10,31,0,16,144,28.3,956,193,86,131,250,98,16,16,673,625,48,1070,625,432,58,12,110,17525.0,515,6.81,7.13,39.75,73.38,6.4,39.58,11.11,34.0,1.92,17.6,0.1557
3446470,"Millington CDP, New Jersey",place,34,46470,,2023,3002,46.0,2477,0,192,215,1031,2.91,202604.0,82292.0,97,3002,0.3848,1067,1031,36,932,99,746800.0,3110.0,8,0,37,6,99,33.4,2234,454,82,108,790,446,91,56,1638,1455,183,2509,1455,971,119,26,296,35520.0,1159,3.23,11.17,61.91,90.4,3.37,51.52,6.06,30.6,1.79,20.34,0.31
3446590,"Millstone borough, New Jersey",place,34,46590,,2023,606,42.3,368,22,8,169,199,2.98,139209.0,50715.0,27,605,0.2698,203,199,4,176,23,486200.0,1292.0,0,0,2,1,23,9.0,418,86,10,16,149,29,6,19,385,361,24,518,359,192,131,3,28,10715.0,331,4.46,6.23,48.56,88.44,1.97,13.04,4.35,32.4,0.84,7.8,0.552
3446620,"Milltown borough, New Jersey",place,34,46620,,2023,6994,40.3,5487,320,240,735,2564,2.73,119958.0,53009.0,80,6994,0.3648,2632,2564,68,1949,615,423000.0,1500.0,0,159,85,107,615,38.2,4932,910,480,543,1593,443,33,64,4015,3823,192,5413,3803,3046,135,154,411,98290.0,3392,1.14,4.78,43.25,76.01,2.58,57.07,17.4,29.0,4.05,10.81,0.3702
3446680,"Millville city, New Jersey",place,34,46680,,2023,27432,42.6,17986,4501,552,4803,11342,2.4,67190.0,48156.0,3550,27273,0.6165,11875,11342,533,7157,4185,199300.0,1207.0,326,240,267,1447,4185,35.1,19274,6077,2092,1396,2434,897,187,47,13532,12429,1071,21948,12294,9593,1456,96,624,278125.0,11670,13.02,7.91,18.5,63.1,4.49,54.48,34.58,23.8,0.78,5.08,0.5121
3446710,"Milmay CDP, New Jersey",place,34,46710,,2023,950,51.3,905,45,0,0,473,1.99,60110.0,39932.0,27,950,0.4095,473,473,0,374,99,235600.0,1247.0,24,0,0,27,99,30.9,716,224,75,66,124,0,19,18,388,316,72,780,316,178,0,0,62,6695.0,254,2.84,18.56,22.49,79.07,0.0,51.52,27.27,26.4,0.0,19.62,0.0902
3446980,"Mizpah CDP, New Jersey",place,34,46980,,2023,207,7.9,62,116,0,56,61,3.39,76094.0,15177.0,0,207,0.1383,61,61,0,61,0,241700.0,,0,0,0,0,0,,83,22,0,0,0,0,0,0,39,39,0,101,39,39,0,0,0,,39,0.0,0.0,0.0,100.0,0.0,,,,0.0,0.0,0.5231
3447006,"Money Island CDP, New Jersey",place,34,47006,,2023,23,55.9,20,0,0,0,17,1.35,,36526.0,7,23,0.401,17,17,0,17,0,,,0,0,0,0,0,,23,16,0,0,4,0,3,0,15,15,0,23,15,12,0,0,3,,12,30.43,0.0,30.43,100.0,0.0,,,,0.0,20.0,0.2439
3447130,"Monmouth Beach borough, New Jersey",place,34,47130,,2023,3201,58.3,2841,20,94,248,1503,2.13,140074.0,115245.0,74,3201,0.523,1884,1503,381,1221,282,918100.0,2169.0,61,0,18,43,282,30.2,2634,298,120,234,928,455,268,59,1769,1699,70,2891,1601,907,37,105,486,35345.0,1115,2.31,3.96,64.92,81.24,20.22,43.26,15.25,31.7,6.56,30.36,0.2054
3447190,"Monmouth Junction CDP, New Jersey",place,34,47190,,2023,9457,40.2,2671,753,5224,613,3567,2.65,125892.0,63825.0,705,9457,0.433,3624,3567,57,2261,1306,497100.0,1880.0,25,31,0,395,1306,23.6,6595,604,50,256,2544,1937,137,191,5804,5557,247,7551,5524,3656,218,178,1405,142340.0,4119,7.45,4.26,72.92,63.39,1.57,34.53,30.25,34.6,3.22,25.43,0.6045
3447380,"Monroe Manor CDP, New Jersey",place,34,47380,,2023,2308,40.1,365,0,1924,0,676,3.41,160833.0,50985.0,0,2308,0.4071,676,676,0,509,167,599300.0,1390.0,0,0,0,93,167,51.0,1326,58,14,17,615,319,37,0,1221,1221,0,1553,1182,542,145,55,440,28660.0,742,0.0,0.0,73.23,75.3,0.0,55.69,55.69,38.6,4.65,37.23,0.2801
3447524,"Montclair State University CDP, New Jersey",place,34,47524,,2023,2177,20.0,1524,293,176,248,0,,,7769.0,0,0,,0,0,0,0,0,,,0,0,0,0,0,,103,0,0,10,81,5,0,0,1059,1012,47,2177,854,313,26,108,152,24450.0,702,,4.44,83.5,,,,,34.8,12.65,17.8,0.4723
3447610,"Montvale borough, New Jersey",place,34,47610,,2023,8625,40.7,6532,220,1139,793,3086,2.79,183664.0,75108.0,325,8603,0.4187,3188,3086,102,2596,490,688500.0,2241.0,0,30,26,191,490,43.1,6066,803,172,504,2057,948,206,234,4328,4139,189,6972,4007,2302,268,213,1184,89925.0,2823,3.78,4.37,56.79,84.12,3.2,50.41,38.98,31.9,5.32,29.55,0.3999
3447700,"Moonachie borough, New Jersey",place,34,47700,,2023,3106,38.4,1933,0,426,1711,937,3.31,108359.0,34592.0,117,2908,0.3865,985,937,48,647,290,450800.0,1131.0,29,46,0,40,290,23.5,2048,573,182,142,393,161,7,1,1665,1596,69,2408,1528,983,315,47,53,36120.0,1475,4.02,4.14,27.44,69.05,4.87,39.66,13.79,24.5,3.08,3.47,0.2904
3447895,"Moorestown-Lenola CDP, New Jersey",place,34,47895,,2023,14523,45.8,11845,903,480,1080,5524,2.58,134167.0,79661.0,981,14273,0.5217,5901,5524,377,4514,1010,533400.0,1487.0,84,70,39,317,1010,31.6,9985,1203,582,515,3511,1832,689,380,7230,6853,354,11626,6770,4776,281,202,1372,128120.0,5398,6.87,4.9,64.22,81.72,6.39,50.5,31.39,23.7,2.98,20.27,0.3243
3448030,"Morganville CDP, New Jersey",place,34,48030,,2023,5544,46.0,3347,19,1383,424,2184,2.54,134911.0,74279.0,232,5538,0.4159,2206,2184,22,1915,269,575900.0,2677.0,44,0,0,37,269,27.5,3843,425,191,568,1033,928,167,134,3308,3249,59,4693,3236,1920,370,282,607,98460.0,2629,4.19,1.78,58.86,87.68,1.0,30.11,13.75,37.5,8.71,18.76,0.5674
3448210,"Morris Plains borough, New Jersey",place,34,48210,,2023,6214,42.2,4974,151,474,488,2524,2.46,149623.0,75940.0,185,6214,0.3864,2591,2524,67,1886,638,609700.0,2686.0,75,52,46,70,638,26.0,4673,465,222,290,1766,1172,115,160,3853,3682,171,5244,3634,2308,131,151,984,73700.0,2650,2.98,4.44,68.76,74.72,2.59,38.09,10.97,27.8,4.16,27.08,0.3467
3448300,"Morristown town, New Jersey",place,34,48300,,2023,20256,34.0,11779,1867,952,5930,8907,2.22,115409.0,66773.0,1839,19920,0.4446,9318,8907,411,3213,5694,552800.0,2171.0,424,338,510,891,5694,26.9,14781,2626,389,604,4899,2550,690,360,13115,12461,654,17297,12013,7589,1053,370,2029,243225.0,9984,9.23,4.99,57.5,36.07,4.41,37.99,15.65,24.4,3.08,16.89,0.5654
3448450,"Mountain Lake CDP, New Jersey",place,34,48450,,2023,566,56.1,504,0,6,52,247,2.29,99063.0,56639.0,35,566,0.3171,302,247,55,224,23,329900.0,1795.0,0,0,6,0,23,19.6,495,172,52,18,83,31,0,0,407,401,6,525,401,322,36,10,24,11570.0,377,6.18,1.47,23.03,90.69,18.21,26.09,0.0,30.7,2.49,5.99,0.1985
3448480,"Mountain Lakes borough, New Jersey",place,34,48480,,2023,4535,43.6,3613,0,601,163,1418,3.2,250001.0,102826.0,60,4535,0.3764,1451,1418,33,1377,41,915100.0,2941.0,0,0,0,24,41,51.0,2747,206,10,57,1210,636,322,150,2146,2101,45,3234,2039,1201,71,126,625,49355.0,1414,1.32,2.1,84.38,97.11,2.27,58.54,58.54,34.9,6.18,30.65,0.3464
3448510,"Mountainside borough, New Jersey",place,34,48510,,2023,6967,48.7,5245,77,859,948,2540,2.69,210100.0,86949.0,195,6852,0.4212,2616,2540,76,2206,334,755600.0,3501.0,25,0,37,197,334,51.0,5012,592,78,294,1466,1213,427,210,3328,3258,70,5564,3238,1707,295,384,798,95035.0,2440,2.85,2.1,66.16,86.85,2.91,77.54,58.98,38.9,11.86,24.64,0.3994
3448690,"Mount Arlington borough, New Jersey",place,34,48690,,2023,5901,45.7,4822,178,123,1107,2648,2.23,99511.0,50876.0,370,5886,0.3779,3019,2648,371,1899,749,393400.0,2309.0,14,26,126,200,749,29.5,4423,950,327,463,1423,592,105,40,3325,3227,98,5027,3132,2365,224,55,488,98425.0,2644,6.29,2.95,48.84,71.71,12.29,48.87,26.7,37.2,1.76,15.58,0.2957
3448750,"Mount Ephraim borough, New Jersey",place,34,48750,,2023,4648,38.8,3987,23,0,641,1918,2.41,95137.0,44704.0,412,4622,0.42,2006,1918,88,1274,644,223800.0,1509.0,88,0,16,100,644,23.8,3428,1316,204,308,584,192,14,1,2680,2514,166,3801,2420,1737,193,67,422,48125.0,1998,8.91,6.19,23.07,66.42,4.39,31.68,15.53,24.1,2.77,17.44,0.2452
3448840,"Mount Hermon CDP, New Jersey",place,34,48840,,2023,237,50.8,207,28,0,6,96,2.47,71250.0,40100.0,28,237,0.4701,96,96,0,80,16,396900.0,,0,0,0,0,16,,180,34,15,9,30,13,3,2,115,114,0,207,115,46,60,0,9,4345.0,106,11.81,0.0,26.67,83.33,0.0,0.0,0.0,41.0,0.0,7.83,0.2225
3448930,"Mount Hope CDP, New Jersey",place,34,48930,,2023,3082,60.5,2888,63,43,52,1611,1.91,87927.0,64619.0,99,3082,0.4572,1629,1611,18,1400,211,387800.0,1745.0,30,0,12,11,211,28.1,2575,548,237,110,917,458,26,37,1295,1218,77,2724,1206,759,27,31,339,21520.0,867,3.21,5.95,55.84,86.9,1.1,25.12,5.21,24.8,2.57,28.11,0.121
3449200,"Mount Royal CDP, New Jersey",place,34,49200,,2023,1077,41.2,950,0,0,110,441,2.44,,47304.0,0,1077,0.3674,441,441,0,441,0,417400.0,,0,0,0,0,0,,805,444,0,13,158,67,39,16,421,377,44,891,377,303,23,0,51,13960.0,326,0.0,10.45,34.78,100.0,0.0,,,42.8,0.0,13.53,0.2115
3449290,"Mount Tabor CDP, New Jersey",place,34,49290,,2023,1127,48.2,814,11,111,42,493,2.29,113594.0,61802.0,0,1127,0.379,502,493,9,469,24,415600.0,,0,0,0,0,24,,894,294,53,26,160,238,24,34,595,582,13,1034,571,444,48,0,79,11520.0,492,0.0,2.18,51.01,95.13,1.79,0.0,0.0,23.4,0.0,13.84,0.4671
3449440,"Mullica Hill CDP, New Jersey",place,34,49440,,2023,4561,41.1,3509,502,187,121,1589,2.84,133750.0,49694.0,357,4561,0.3476,1602,1589,13,1338,251,427500.0,617.0,0,47,6,14,251,24.2,3020,612,154,292,1046,282,59,183,2241,2123,118,3549,2112,1410,118,15,521,45075.0,1591,7.83,5.27,51.99,84.2,0.81,26.69,5.58,28.3,0.71,24.67,0.3936
3449560,"Mystic Island CDP, New Jersey",place,34,49560,,2023,7616,56.8,6660,190,22,605,3425,2.18,71917.0,44525.0,1218,7424,0.45,4995,3425,1570,3065,360,290000.0,1786.0,0,0,38,169,360,51.0,6263,2682,567,432,1008,473,28,21,3505,3359,146,6692,3253,2660,203,117,273,117010.0,2980,16.41,4.17,24.43,89.49,31.43,57.5,46.94,39.3,3.6,8.39,0.2284
3449680,"National Park borough, New Jersey",place,34,49680,,2023,3043,40.9,2697,97,46,179,1079,2.81,81507.0,38154.0,233,3015,0.4386,1140,1079,61,906,173,207400.0,1380.0,0,33,13,71,173,49.6,2162,832,198,208,271,88,5,6,1630,1521,107,2511,1496,1148,98,81,107,44150.0,1389,7.73,6.56,17.11,83.97,5.35,67.63,41.04,31.8,5.41,7.15,0.2098
3449740,"Navesink CDP, New Jersey",place,34,49740,,2023,1904,51.9,1856,22,0,4,765,2.49,145708.0,108045.0,42,1904,0.5349,765,765,0,765,0,695300.0,,0,0,0,0,0,,1381,152,17,25,662,101,31,0,1089,995,94,1627,977,705,10,197,56,42225.0,921,2.21,8.63,57.49,100.0,0.0,,,45.8,20.16,5.73,0.0496
3449920,"Neptune City borough, New Jersey",place,34,49920,,2023,4607,40.9,2952,849,19,718,2139,2.11,82872.0,45369.0,811,4467,0.4348,2281,2139,142,1369,770,383600.0,1525.0,23,0,80,217,770,23.0,3321,833,249,192,598,364,0,0,2849,2712,137,3908,2675,2153,254,20,147,64440.0,2528,18.16,4.81,28.97,64.0,6.23,41.56,28.18,25.5,0.75,5.5,0.5312
3450010,"Nesco CDP, New Jersey",place,34,50010,,2023,626,40.4,600,0,0,5,209,3.0,,35996.0,0,626,0.5084,209,209,0,142,67,378600.0,,0,0,0,0,67,,331,72,34,16,152,0,0,0,267,267,0,494,267,210,57,0,0,,267,0.0,0.0,45.92,67.94,0.0,0.0,0.0,,0.0,0.0,0.0813
3450040,"Neshanic CDP, New Jersey",place,34,50040,,2023,625,63.3,495,21,50,32,219,2.19,145592.0,72472.0,0,480,0.4454,228,219,9,219,0,516400.0,,0,0,0,0,0,,548,184,4,0,187,64,7,0,283,270,13,586,270,262,0,0,8,9150.0,262,0.0,4.59,47.08,100.0,3.95,,,34.9,0.0,2.96,0.3626
3450100,"Neshanic Station CDP, New Jersey",place,34,50100,,2023,5403,46.7,3633,676,422,518,1920,2.81,213682.0,76098.0,11,5403,0.3195,2029,1920,109,1436,484,636200.0,2124.0,86,0,0,70,484,21.1,3659,308,109,220,1475,928,129,264,3599,3300,299,4722,3272,2515,195,14,508,86825.0,2764,0.2,8.31,76.41,74.79,5.37,32.23,14.46,31.4,0.43,15.53,0.5169
3450130,"Netcong borough, New Jersey",place,34,50130,,2023,3543,43.6,2582,421,14,704,1821,1.94,92596.0,53868.0,298,3537,0.3695,1973,1821,152,963,858,344300.0,1396.0,43,30,82,301,858,33.1,2739,665,255,217,913,119,24,8,2135,2092,43,3092,1915,1375,146,0,379,45435.0,1536,8.43,2.01,38.85,52.88,7.7,53.15,35.08,29.6,0.0,19.79,0.4153
3451000,"Newark city, New Jersey",place,34,51000,,2023,307188,34.8,50749,143359,5731,114280,113748,2.59,48416.0,25509.0,72937,295715,0.4909,121604,113748,7856,27434,86314,337800.0,1330.0,7427,5699,8298,26109,86314,34.5,199926,65897,9621,11038,24446,7878,1325,1227,148640,132414,16147,239845,126689,63860,13991,23586,7740,3946845.0,118949,24.66,10.86,17.44,24.12,6.46,55.07,30.25,33.2,18.62,6.11,0.6162
3451210,"New Brunswick city, New Jersey",place,34,51210,,2023,55744,24.5,20790,7309,4798,28503,15905,3.02,60248.0,25693.0,15130,47913,0.5129,17071,15905,1166,3462,12443,316800.0,1790.0,1057,647,959,4048,12443,34.7,27371,6740,829,1103,3502,1873,779,415,28869,27003,1866,45211,25681,10701,3510,1177,2617,564035.0,23064,31.58,6.46,24.0,21.77,6.83,53.93,32.53,24.5,4.58,10.19,0.5749
3451360,"New Egypt CDP, New Jersey",place,34,51360,,2023,1949,42.6,1643,0,0,306,901,2.16,67633.0,35315.0,195,1949,0.3887,952,901,51,480,421,356200.0,1479.0,0,27,0,235,421,51.0,1493,522,86,116,249,110,21,0,1031,934,97,1695,934,909,25,0,0,31980.0,934,10.01,9.41,25.45,53.27,5.36,62.23,55.82,34.2,0.0,0.0,0.2647
3451390,"Newfield borough, New Jersey",place,34,51390,,2023,1811,43.0,1582,83,0,295,664,2.72,105000.0,45132.0,71,1808,0.3447,664,664,0,605,59,238600.0,1438.0,5,0,21,12,59,41.7,1272,404,107,87,318,137,2,6,1019,1009,10,1503,993,814,103,0,69,29800.0,924,3.93,0.98,36.4,91.11,0.0,64.41,20.34,32.3,0.0,6.95,0.2083
3451420,"Newfoundland CDP, New Jersey",place,34,51420,,2023,1281,49.8,1239,10,0,37,591,2.16,127674.0,57333.0,6,1280,0.2687,631,591,40,481,110,439600.0,1217.0,0,19,0,24,110,19.4,1025,398,0,55,268,68,14,0,726,726,0,1136,726,518,6,0,104,16470.0,622,0.47,0.0,34.15,81.39,6.34,39.09,21.82,26.5,0.0,14.33,0.0636
3451450,"New Gretna CDP, New Jersey",place,34,51450,,2023,249,39.3,232,3,2,4,77,3.23,93438.0,28638.0,27,249,0.3417,93,77,16,67,10,289700.0,,0,0,0,5,10,,159,45,0,4,43,7,8,0,100,91,9,180,91,79,5,0,2,2065.0,89,10.84,9.0,36.48,87.01,17.2,50.0,50.0,23.2,0.0,2.2,0.1314
3451660,"New Milford borough, New Jersey",place,34,51660,,2023,16882,39.5,9042,893,3467,3736,6157,2.71,113513.0,51201.0,773,16700,0.4066,6428,6157,271,3860,2297,554800.0,1722.0,152,167,294,484,2297,29.5,11746,2145,875,1090,3815,1411,290,119,9515,8907,608,13392,8606,5410,925,674,1201,219685.0,7405,4.63,6.39,47.97,62.69,4.22,47.76,21.07,29.7,7.83,13.96,0.6192
3451750,"Newport CDP, New Jersey",place,34,51750,,2023,551,60.8,520,6,8,23,267,2.06,64327.0,32114.0,111,551,0.3913,312,267,45,235,32,197500.0,1594.0,0,3,0,9,32,29.3,428,186,11,25,23,30,0,0,226,208,18,451,200,193,0,0,7,4915.0,193,20.15,7.96,12.38,88.01,14.42,37.5,28.12,25.5,0.0,3.5,0.1073
3451810,"New Providence borough, New Jersey",place,34,51810,,2023,13577,44.7,9549,207,2244,983,5201,2.58,162877.0,86023.0,285,13492,0.445,5500,5201,299,3932,1269,734300.0,1906.0,82,48,49,246,1269,22.6,9625,1346,454,554,3279,2263,495,377,6455,6239,216,10605,6098,3398,208,723,1664,151480.0,4434,2.11,3.35,66.64,75.6,5.44,33.49,19.39,34.2,11.86,27.29,0.4725
3451930,"Newton town, New Jersey",place,34,51930,,2023,8336,42.2,7054,645,59,1089,3439,2.28,73679.0,38866.0,1190,7923,0.4425,3794,3439,355,2015,1424,282300.0,1383.0,49,29,126,534,1424,34.7,6158,1822,315,743,1340,433,60,24,4306,3960,346,6988,3913,3167,245,10,320,93355.0,3593,15.02,8.04,30.16,58.59,9.36,51.83,37.5,26.0,0.26,8.18,0.2608
3451990,"Newtonville CDP, New Jersey",place,34,51990,,2023,915,29.3,457,265,14,185,327,2.8,108470.0,34307.0,63,915,0.1687,375,327,48,327,0,211000.0,,0,0,0,0,0,,685,145,65,125,231,0,0,0,561,530,31,719,530,456,28,0,46,15015.0,484,6.89,5.53,33.72,100.0,12.8,,,31.0,0.0,8.68,0.6256
3452020,"New Vernon CDP, New Jersey",place,34,52020,,2023,791,50.2,732,0,0,71,310,2.55,,108632.0,92,791,0.6064,310,310,0,185,125,1606500.0,3205.0,0,0,0,79,125,51.0,533,40,12,23,229,109,62,0,298,298,0,591,287,213,0,32,42,8920.0,245,11.63,0.0,75.05,59.68,0.0,63.2,63.2,36.4,11.15,14.63,0.1356
3452050,"New Village CDP, New Jersey",place,34,52050,,2023,366,51.8,304,0,0,60,171,2.14,108661.0,49054.0,84,366,0.3754,187,171,16,153,18,325000.0,1654.0,0,0,0,0,18,9.0,301,134,29,6,60,9,0,0,184,174,10,333,174,145,17,0,12,5360.0,162,22.95,5.43,22.92,89.47,8.56,0.0,0.0,33.1,0.0,6.9,0.2832
3452320,"North Arlington borough, New Jersey",place,34,52320,,2023,16368,39.6,10353,319,1619,5170,6646,2.46,101493.0,50650.0,613,16368,0.3701,6986,6646,340,3082,3564,464700.0,1706.0,336,148,241,545,3564,24.1,12232,3530,549,689,2924,1426,345,23,9566,8951,615,13620,8721,5679,601,1131,936,250925.0,7785,3.75,6.43,38.57,46.37,4.87,35.63,15.29,32.2,12.97,10.73,0.49
3452410,"North Beach Haven CDP, New Jersey",place,34,52410,,2023,2282,61.9,2081,0,57,39,1072,2.13,109353.0,80061.0,148,2282,0.5085,5739,1072,4667,932,140,1070900.0,1670.0,0,24,59,0,140,41.3,1907,445,35,84,637,373,71,37,1006,889,117,2093,852,499,17,37,251,16000.0,601,6.49,11.63,58.63,86.94,81.32,59.29,0.0,26.6,4.34,29.46,0.1675
3452620,"North Caldwell borough, New Jersey",place,34,52620,,2023,6622,46.2,5351,153,671,409,2220,2.98,203140.0,98718.0,118,6622,0.469,2353,2220,133,2132,88,906100.0,3250.0,0,18,25,0,88,37.5,4609,422,68,222,1406,1406,454,282,3613,3387,226,5141,3364,2076,139,154,995,66030.0,2369,1.78,6.26,76.98,96.04,5.65,48.86,0.0,27.9,4.58,29.58,0.3324
3452650,"North Cape May CDP, New Jersey",place,34,52650,,2023,3577,58.2,3373,89,30,78,1947,1.83,82198.0,49518.0,169,3577,0.3714,2997,1947,1050,1510,437,323900.0,1331.0,80,0,9,70,437,21.7,2905,969,152,178,582,160,64,42,1816,1632,103,3147,1690,1283,86,16,212,23345.0,1478,4.72,5.67,29.19,77.56,35.04,36.38,16.02,15.8,0.95,12.54,0.1096
3452950,"Northfield city, New Jersey",place,34,52950,,2023,8427,44.7,6570,254,780,948,3299,2.51,104042.0,56184.0,364,8267,0.4671,3447,3299,148,2897,402,275900.0,1554.0,0,16,18,148,402,39.1,6181,1227,308,683,1745,801,241,53,4703,4549,131,7143,4478,3638,170,56,327,91615.0,4151,4.4,2.79,45.95,87.81,4.29,45.27,36.82,22.1,1.25,7.3,0.37
3453040,"North Haledon borough, New Jersey",place,34,53040,,2023,8757,46.0,6330,291,501,1835,2998,2.75,131810.0,59155.0,160,8269,0.383,3080,2998,82,2797,201,517200.0,2435.0,63,54,0,12,201,32.3,6454,1732,223,275,1663,724,67,74,4636,4392,244,7362,4281,2922,342,213,661,117985.0,3620,1.93,5.26,39.17,93.3,2.66,64.18,5.97,32.6,4.98,15.44,0.4292
3453205,"North Middletown CDP, New Jersey",place,34,53205,,2023,3081,36.6,2271,240,9,746,1063,2.9,146650.0,57014.0,87,3081,0.4053,1201,1063,138,853,210,311500.0,2095.0,0,10,0,122,210,51.0,2061,625,313,93,454,91,0,43,1852,1763,89,2419,1739,1558,0,12,169,43365.0,1570,2.82,4.81,28.53,80.24,11.49,62.86,58.1,27.6,0.69,9.72,0.392
3453280,"North Plainfield borough, New Jersey",place,34,53280,,2023,22667,36.9,6229,4745,871,12174,7988,2.83,83529.0,35096.0,3180,22657,0.4053,8109,7988,121,4432,3556,350700.0,1651.0,159,346,273,1104,3556,34.5,14990,3789,1047,1140,2599,973,126,89,13495,12200,1295,18046,11992,8172,1328,605,953,347555.0,11039,14.04,9.6,25.26,55.48,1.49,52.92,31.05,31.5,5.05,7.95,0.5907
3453430,"Northvale borough, New Jersey",place,34,53430,,2023,4782,43.9,2378,55,1759,636,1678,2.85,117717.0,57360.0,178,4782,0.4541,1688,1678,10,1298,380,577300.0,1845.0,20,35,51,91,380,33.0,3259,723,82,174,1197,491,96,24,2486,2352,134,3906,2239,1518,136,220,285,55935.0,1954,3.72,5.39,55.48,77.35,0.59,51.84,23.95,28.6,9.83,12.73,0.5996
3453490,"North Wildwood city, New Jersey",place,34,53490,,2023,3620,63.0,3368,26,0,182,1901,1.9,85812.0,69828.0,358,3620,0.522,8427,1901,6526,1467,434,446400.0,1228.0,0,138,0,62,434,35.5,3092,1143,142,319,430,350,68,82,1458,1413,45,3420,1396,1060,128,23,110,48870.0,1286,9.89,3.09,30.08,77.17,77.44,46.08,14.29,38.0,1.65,7.88,0.1318
3453610,"Norwood borough, New Jersey",place,34,53610,,2023,5668,47.5,3444,67,1724,364,1981,2.77,164766.0,64002.0,184,5501,0.4173,2048,1981,67,1589,392,676400.0,2446.0,26,145,3,101,392,37.1,3975,738,202,160,1561,629,149,46,2887,2853,34,4534,2823,1718,278,127,600,74860.0,2223,3.34,1.18,60.0,80.21,3.27,70.15,25.77,33.7,4.5,21.25,0.534
3453790,"Oakhurst CDP, New Jersey",place,34,53790,,2023,3811,36.9,2973,239,50,184,1212,3.14,142727.0,51809.0,41,3756,0.365,1458,1212,246,1022,190,644400.0,3279.0,62,0,0,50,190,31.9,2449,501,186,217,728,340,112,21,1866,1764,102,2827,1716,1184,154,26,273,33940.0,1443,1.09,5.47,49.04,84.32,16.87,58.95,26.32,23.5,1.52,15.91,0.385
3453850,"Oakland borough, New Jersey",place,34,53850,,2023,12700,41.9,10689,159,434,1506,4395,2.85,162862.0,64120.0,395,12436,0.3885,4687,4395,292,4033,362,567200.0,1462.0,16,35,21,65,362,35.4,8932,1529,651,488,2933,1394,389,146,7189,6836,353,10366,6746,4808,319,222,1239,166125.0,5507,3.18,4.91,54.43,91.76,6.23,37.85,17.96,30.2,3.29,18.37,0.2762
3453880,"Oaklyn borough, New Jersey",place,34,53880,,2023,3934,39.0,3262,161,44,261,1776,2.22,81514.0,46638.0,276,3914,0.4016,1829,1776,53,1115,661,245000.0,1166.0,35,40,56,133,661,27.9,2826,634,162,252,796,319,62,21,2333,2273,60,3147,2211,1585,54,162,363,50420.0,1848,7.05,2.57,42.39,62.78,2.9,39.94,20.12,27.3,7.33,16.42,0.3063
3453910,"Oak Ridge CDP, New Jersey",place,34,53910,,2023,10860,45.8,8962,284,159,1162,4265,2.54,118718.0,54052.0,727,10787,0.4255,4349,4265,84,3798,467,417300.0,1320.0,0,11,77,97,467,29.1,7904,1965,400,504,2200,1004,28,179,6254,5921,333,8959,5593,4378,496,95,548,204690.0,5045,6.74,5.32,43.16,89.05,1.93,39.61,20.77,40.6,1.7,9.8,0.3066
3454060,"Oak Valley CDP, New Jersey",place,34,54060,,2023,4374,32.5,3319,735,50,231,1257,3.48,90563.0,32402.0,706,4374,0.3506,1291,1257,34,1082,175,226000.0,,0,0,0,108,175,51.0,2724,1072,118,346,418,75,0,9,2093,2019,74,3162,1959,1588,79,16,248,45215.0,1711,16.14,3.54,18.43,86.08,2.63,61.71,61.71,26.4,0.82,12.66,0.3931
3454315,"Ocean Acres CDP, New Jersey",place,34,54315,,2023,18689,42.7,16807,182,134,1645,6837,2.73,117739.0,49157.0,336,18681,0.3503,7225,6837,388,6487,350,359200.0,2240.0,0,17,19,152,350,51.0,13296,4223,961,1045,2831,1386,173,186,10694,10070,605,15396,9946,8000,830,0,958,284125.0,8988,1.8,5.66,34.42,94.88,5.37,53.71,43.43,31.6,0.0,9.63,0.1834
3454360,"Ocean City city, New Jersey",place,34,54360,,2023,11260,57.3,9748,251,35,1051,5619,1.99,101782.0,70660.0,887,11179,0.4791,20905,5619,15286,4070,1549,719100.0,1670.0,60,126,69,563,1549,37.5,8918,1780,302,610,2736,1488,519,136,5436,5270,166,9917,5212,3178,386,11,829,117990.0,4383,7.93,3.05,54.71,72.43,73.12,52.81,36.35,26.9,0.21,15.91,0.2413
3454450,"Ocean Gate borough, New Jersey",place,34,54450,,2023,1768,46.8,1607,19,42,9,754,2.34,75278.0,44655.0,66,1733,0.4707,1231,754,477,609,145,342100.0,1724.0,0,0,15,42,145,41.7,1273,506,58,122,301,105,7,9,824,797,27,1482,797,720,8,0,56,20160.0,741,3.81,3.28,33.15,80.77,38.75,39.31,28.97,27.2,0.0,7.03,0.1731
3454480,"Ocean Grove CDP, New Jersey",place,34,54480,,2023,2916,62.1,2567,19,65,266,1716,1.66,74410.0,84718.0,190,2897,0.5349,2831,1716,1115,1058,658,764200.0,1212.0,83,32,38,137,658,29.2,2724,237,92,130,971,608,177,49,1559,1473,86,2851,1473,769,51,203,352,34530.0,1121,6.56,5.52,66.26,61.66,39.39,44.07,20.82,30.8,13.78,23.9,0.2162
3454570,"Oceanport borough, New Jersey",place,34,54570,,2023,6130,48.3,5443,37,156,289,2490,2.45,156196.0,73874.0,180,6130,0.404,2666,2490,176,2328,162,685800.0,1310.0,23,0,0,44,162,27.9,4279,533,215,410,1367,707,66,69,3013,2864,149,4925,2864,1971,354,230,269,86135.0,2595,2.94,4.95,51.62,93.49,6.6,41.36,27.16,33.2,8.03,9.39,0.2087
3454600,"Ocean View CDP, New Jersey",place,34,54600,,2023,877,51.7,765,13,0,5,276,2.82,85000.0,54670.0,21,764,0.5212,294,276,18,246,30,371600.0,,0,0,0,0,30,,617,233,56,80,91,42,0,0,381,377,4,771,377,270,107,0,0,6055.0,377,2.75,1.05,21.56,89.13,6.12,0.0,0.0,16.1,0.0,0.0,0.2389
3454630,"Oceanville CDP, New Jersey",place,34,54630,,2023,721,56.2,721,0,0,0,346,2.08,163459.0,67127.0,0,721,0.2118,346,346,0,324,22,247600.0,,0,0,0,0,22,,615,104,0,159,111,42,0,12,477,462,15,615,462,360,88,0,14,8565.0,448,0.0,3.14,26.83,93.64,0.0,0.0,0.0,19.1,0.0,3.03,0.0
3454660,"Ogdensburg borough, New Jersey",place,34,54660,,2023,2231,38.7,1890,4,29,370,857,2.6,104946.0,48506.0,157,2231,0.3952,984,857,127,759,98,311900.0,1390.0,30,15,13,20,98,34.8,1606,480,157,116,347,107,18,0,1422,1298,124,1847,1266,1120,35,0,87,40315.0,1179,7.04,8.72,29.39,88.56,12.91,79.59,20.41,34.2,0.0,6.87,0.2547
3454690,"Old Bridge CDP, New Jersey",place,34,54690,,2023,28015,43.1,19796,1613,3494,4994,10573,2.63,106934.0,51132.0,1899,27722,0.4161,10751,10573,178,7805,2768,457800.0,1426.0,172,162,316,492,2768,28.6,20490,5779,1118,1795,4865,2139,336,92,15665,14494,1145,23575,14041,9813,1338,995,1628,419275.0,12413,6.85,7.31,36.27,73.82,1.66,41.26,17.77,33.8,7.09,11.59,0.45
3454870,"Old Tappan borough, New Jersey",place,34,54870,,2023,5896,44.8,3242,14,2398,390,1935,3.05,199250.0,80449.0,143,5877,0.4231,2027,1935,92,1738,197,910600.0,3241.0,0,0,13,5,197,20.9,4066,457,35,185,1804,749,221,351,2707,2638,69,4546,2612,1739,81,129,458,70375.0,2154,2.43,2.55,76.86,89.82,4.54,9.14,2.54,32.7,4.94,17.53,0.5278
3454900,"Oldwick CDP, New Jersey",place,34,54900,,2023,446,66.3,446,0,0,0,243,1.84,,64372.0,116,446,0.4949,243,243,0,208,35,780400.0,,0,0,0,0,35,,446,87,0,37,160,46,46,0,238,238,0,446,238,225,0,13,0,6165.0,238,26.01,0.0,56.5,85.6,0.0,0.0,0.0,25.9,5.46,0.0,0.0
3454960,"Olivet CDP, New Jersey",place,34,54960,,2023,1647,35.4,1572,0,0,119,514,3.2,122193.0,41476.0,164,1647,0.3134,514,514,0,503,11,299000.0,,0,0,0,11,11,,1031,383,23,106,114,149,23,6,847,779,68,1177,696,644,22,0,7,18310.0,689,9.96,8.03,28.32,97.86,0.0,100.0,100.0,26.6,0.0,1.01,0.0838
3454990,"Oradell borough, New Jersey",place,34,54990,,2023,8197,43.5,6093,138,1231,571,2687,3.02,214736.0,77497.0,289,8122,0.3839,2749,2687,62,2410,277,702400.0,2202.0,7,26,40,18,277,25.2,5478,603,123,423,2147,1122,469,201,4139,3998,141,6340,3961,1888,87,427,1479,89595.0,2482,3.56,3.41,71.91,89.69,2.26,32.85,6.5,36.1,10.78,37.34,0.4198
3455320,"Othello CDP, New Jersey",place,34,55320,,2023,100,69.0,92,4,4,0,58,1.72,85000.0,54787.0,8,100,0.4139,58,58,0,55,3,240400.0,,0,0,0,0,3,,97,20,12,3,23,11,2,0,34,32,2,97,31,26,0,1,4,1100.0,27,8.0,5.88,37.11,94.83,0.0,0.0,0.0,40.7,3.23,12.9,0.1504
3455500,"Oxford CDP, New Jersey",place,34,55500,,2023,1140,42.7,1041,27,10,168,417,2.64,77188.0,56575.0,91,1132,0.4815,434,417,17,354,63,175000.0,858.0,8,4,13,25,63,45.0,910,390,53,60,141,28,0,0,678,621,57,983,621,486,62,6,58,22260.0,563,8.04,8.41,18.57,84.89,3.92,79.37,39.68,39.5,0.97,9.34,0.1438
3455620,"Packanack Lake CDP, New Jersey",place,34,55620,,2023,6126,43.9,4918,100,334,550,1987,3.08,196343.0,75765.0,64,6126,0.3622,1987,1987,0,1904,83,594000.0,3501.0,15,0,0,11,83,23.1,4258,568,151,243,1684,832,215,79,3364,3249,115,4874,3169,2014,97,184,828,66500.0,2341,1.04,3.42,65.99,95.82,0.0,31.33,13.25,28.4,5.81,26.13,0.3442
3455710,"Palermo CDP, New Jersey",place,34,55710,,2023,2667,43.7,2572,0,9,63,1148,2.32,98000.0,48770.0,45,2667,0.3335,1259,1148,111,1126,22,393900.0,,6,0,0,0,22,,1985,562,78,187,623,180,82,26,1209,1153,10,2085,1180,991,25,0,164,23930.0,1016,1.69,0.83,45.89,98.08,8.82,27.27,0.0,23.6,0.0,13.9,0.0694
3455770,"Palisades Park borough, New Jersey",place,34,55770,,2023,20192,43.2,4987,629,11062,4828,7375,2.74,101295.0,47618.0,2017,20180,0.4575,7612,7375,237,2740,4635,704400.0,1976.0,404,210,605,1073,4635,31.3,15774,2948,438,974,6313,1573,478,106,12252,11587,665,17707,11358,6225,1413,2150,1125,328290.0,10233,10.0,5.43,53.7,37.15,3.11,49.45,23.15,32.1,18.93,9.9,0.5807
3455800,"Palmyra borough, New Jersey",place,34,55800,,2023,7447,42.7,4749,1148,299,673,3283,2.27,85014.0,44529.0,659,7446,0.3697,3406,3283,123,2285,998,216600.0,1680.0,87,14,93,297,998,31.4,5432,1636,441,584,1227,316,61,8,4554,4290,261,6338,4178,2953,349,131,594,90335.0,3584,8.85,5.73,29.68,69.6,3.61,49.2,29.76,25.2,3.14,14.22,0.5598
3455895,"Panther Valley CDP, New Jersey",place,34,55895,,2023,4622,49.8,3958,403,43,291,2103,2.19,128484.0,66275.0,144,4622,0.3523,2165,2103,62,1803,300,359800.0,2000.0,21,0,101,70,300,42.1,3596,464,344,329,1340,452,162,17,2630,2403,227,3819,2355,1730,67,44,470,74780.0,1885,3.12,8.63,54.81,85.73,2.86,64.0,23.33,39.7,1.87,19.96,0.255
3455950,"Paramus borough, New Jersey",place,34,55950,,2023,26500,49.1,15698,1128,6278,3497,8420,2.95,139707.0,55503.0,1384,25012,0.4234,8898,8420,478,6877,1543,736000.0,2845.0,43,110,224,431,1543,37.7,19307,3838,1224,1252,6121,2516,679,384,12911,11850,1033,22232,11630,7348,660,912,2500,279530.0,9130,5.53,8.0,50.24,81.67,5.37,52.37,27.93,30.6,7.84,21.5,0.5737
3456130,"Park Ridge borough, New Jersey",place,34,56130,,2023,9218,46.6,7750,164,200,1314,3256,2.76,165391.0,70853.0,223,9002,0.4037,3410,3256,154,2678,578,666200.0,1995.0,31,80,35,104,578,27.9,6593,1242,344,381,2198,1361,109,80,5290,5147,143,7813,5052,3199,230,185,1101,109055.0,3951,2.48,2.7,56.85,82.25,4.52,43.25,17.99,27.6,3.66,21.79,0.272
3456430,"Parsippany CDP, New Jersey",place,34,56430,,2023,21869,41.4,9400,860,9943,1894,9021,2.42,102152.0,55467.0,1282,21862,0.4306,9331,9021,310,4447,4574,540800.0,1732.0,302,132,340,778,4574,24.7,16648,2426,407,810,6035,3304,322,333,12625,11944,681,18595,11773,8132,1083,399,1912,264435.0,9861,5.86,5.39,60.03,49.3,3.32,33.93,17.01,26.8,3.39,16.24,0.5995
3456550,"Passaic city, New Jersey",place,34,56550,,2023,69651,30.9,19475,4896,3306,50870,20434,3.39,56780.0,24048.0,15968,69286,0.4786,21019,20434,585,4798,15636,406500.0,1392.0,1189,1093,1563,4630,15636,33.5,39920,13748,1419,1257,4506,1595,455,197,33791,29926,3830,50219,29438,14407,4865,3827,2409,699565.0,27029,23.05,11.33,16.92,23.48,2.78,54.2,29.61,25.9,13.0,8.18,0.3812
3457000,"Paterson city, New Jersey",place,34,57000,,2023,157660,33.3,24387,37961,7687,99019,49688,3.14,53766.0,23528.0,36881,156515,0.4748,52532,49688,2844,13027,36661,335400.0,1457.0,2991,2393,3042,11943,36661,35.2,98657,39827,4023,4663,9417,2058,488,335,75025,67263,7667,118719,65472,40868,11225,5241,3153,1442345.0,62319,23.56,10.22,12.47,26.22,5.41,55.56,32.58,23.1,8.0,4.82,0.5213
3457150,"Paulsboro borough, New Jersey",place,34,57150,,2023,6213,36.5,2571,2395,36,1171,2336,2.65,68750.0,34833.0,785,6196,0.4796,2727,2336,391,1545,791,169400.0,970.0,291,0,74,215,791,33.2,4271,1262,437,511,677,166,66,0,3083,2691,392,4938,2494,1998,241,35,161,55440.0,2333,12.67,12.71,21.28,66.14,14.34,73.32,27.18,23.8,1.4,6.46,0.6446
3457300,"Peapack and Gladstone borough, New Jersey",place,34,57300,,2023,2547,47.3,2263,91,81,190,984,2.41,184231.0,102494.0,56,2376,0.5228,1018,984,34,749,235,843400.0,1827.0,0,7,14,118,235,51.0,1782,230,59,91,623,392,145,76,1287,1268,19,2085,1268,701,93,33,302,24435.0,966,2.36,1.48,69.36,76.12,3.34,59.15,50.21,25.3,2.6,23.82,0.2027
3457360,"Pedricktown CDP, New Jersey",place,34,57360,,2023,380,35.9,317,0,0,67,161,2.36,72566.0,32059.0,75,380,0.3635,191,161,30,126,35,187000.0,1635.0,9,0,0,19,35,51.0,267,127,8,33,22,2,3,0,171,148,23,289,146,120,6,2,4,3485.0,142,19.74,13.45,10.11,78.26,15.71,80.0,54.29,24.5,1.37,2.74,0.273
3457480,"Pemberton borough, New Jersey",place,34,57480,,2023,1373,39.2,851,136,19,292,540,2.53,88333.0,38959.0,158,1370,0.3976,564,540,24,314,226,303200.0,1310.0,11,9,30,37,226,30.0,962,283,137,104,122,30,8,6,737,681,40,1136,631,428,88,8,87,16160.0,544,11.53,5.43,17.26,58.15,4.26,38.5,16.37,29.7,1.27,13.79,0.5606
3457540,"Pemberton Heights CDP, New Jersey",place,34,57540,,2023,2643,37.5,1073,1117,145,191,1245,2.12,70403.0,47622.0,228,2621,0.4687,1324,1245,79,626,619,232800.0,989.0,26,54,8,60,619,21.6,1938,645,175,266,338,138,16,0,1469,1398,0,2232,1394,1140,227,0,27,35570.0,1367,8.7,0.0,25.39,50.28,5.97,23.91,9.69,26.0,0.0,1.94,0.6483
3457600,"Pennington borough, New Jersey",place,34,57600,,2023,2798,49.0,2393,58,214,163,1168,2.31,171282.0,88350.0,125,2761,0.418,1268,1168,100,929,239,608200.0,1819.0,0,0,6,55,239,25.4,2082,255,21,130,709,494,227,102,1578,1539,39,2307,1490,959,58,41,346,29785.0,1144,4.53,2.47,73.58,79.54,7.89,25.52,23.01,26.0,2.75,23.22,0.2589
3457750,"Penns Grove borough, New Jersey",place,34,57750,,2023,4860,26.1,2006,1886,20,1519,1540,3.15,43889.0,18364.0,1736,4784,0.492,1838,1540,298,588,952,170100.0,1031.0,117,36,130,274,952,34.6,2504,768,233,207,229,116,20,0,1594,1324,270,3107,1298,1121,40,24,15,28060.0,1283,36.29,16.94,14.58,38.18,16.21,58.51,28.78,21.9,1.85,1.16,0.5813
3457840,"Pennsville CDP, New Jersey",place,34,57840,,2023,12238,40.7,10640,464,47,814,5033,2.43,75162.0,40773.0,1532,12238,0.4426,5576,5033,543,3891,1142,188100.0,1225.0,128,147,104,347,1142,36.1,8569,2873,621,1161,1113,550,109,25,6283,5594,678,9999,5372,4456,326,2,455,121755.0,4917,12.52,10.79,20.97,77.31,9.74,63.57,30.39,24.8,0.04,8.47,0.2382
3458200,"Perth Amboy city, New Jersey",place,34,58200,,2023,55278,36.3,17878,4234,936,44673,19019,2.88,58490.0,26848.0,10951,54778,0.4544,19684,19019,665,6348,12671,339200.0,1629.0,1417,874,1527,4147,12671,37.2,36367,10103,1984,2486,3855,1314,245,98,29603,25787,3776,43859,24494,14486,3350,935,990,583195.0,23504,19.99,12.76,15.16,33.38,3.38,62.86,32.73,24.8,3.82,4.04,0.2361
3458350,"Phillipsburg town, New Jersey",place,34,58350,,2023,15251,41.6,10457,2040,234,2479,6616,2.29,67782.0,36735.0,2630,15077,0.4779,7018,6616,402,3891,2725,180700.0,1118.0,231,176,73,677,2725,28.4,10886,3932,656,1131,1579,764,16,52,8486,7835,651,12542,7662,5868,850,118,217,212240.0,7445,17.44,7.67,22.15,58.81,5.73,42.46,24.84,28.5,1.54,2.83,0.4853
3458590,"Pine Beach borough, New Jersey",place,34,58590,,2023,2378,53.6,2119,60,38,183,962,2.45,121333.0,59589.0,73,2378,0.3889,1065,962,103,927,35,438300.0,1219.0,8,0,6,8,35,32.8,1807,290,140,229,670,186,52,13,1385,1336,49,2029,1322,1091,70,7,144,27880.0,1178,3.07,3.54,50.97,96.36,9.67,62.86,22.86,23.7,0.53,10.89,0.1992
3458650,"Pine Brook CDP, New Jersey",place,34,58650,,2023,6017,39.9,4074,126,1349,195,2240,2.69,146543.0,60079.0,332,5997,0.3176,2288,2240,48,1526,714,686300.0,2360.0,16,79,16,33,714,23.2,4295,339,143,412,1576,896,163,83,3406,3308,98,4878,3270,2263,76,0,853,64990.0,2417,5.54,2.88,63.28,68.12,2.1,20.17,4.62,26.9,0.0,26.09,0.4898
3458770,"Pine Hill borough, New Jersey",place,34,58770,,2023,10762,36.0,5664,2805,275,1351,4582,2.34,68725.0,41056.0,1656,10753,0.4974,4798,4582,216,2813,1769,182200.0,1174.0,193,146,128,476,1769,31.8,7424,2708,564,537,944,360,131,46,6043,5528,515,8663,5410,4226,320,47,433,157030.0,4977,15.4,8.52,19.95,61.39,4.5,53.31,26.91,31.6,0.87,8.0,0.6387
3458830,"Pine Lake Park CDP, New Jersey",place,34,58830,,2023,9251,36.8,6978,630,285,1739,2991,3.06,87998.0,36154.0,617,9178,0.3815,3149,2991,158,2538,453,377200.0,1785.0,31,6,0,255,453,51.0,6294,2204,431,751,1022,436,0,51,4864,4564,224,7234,4519,3583,323,106,497,149055.0,4022,6.72,4.61,23.98,84.85,5.02,64.46,56.29,37.1,2.35,11.0,0.3901
3458852,"Pine Ridge at Crestwood CDP, New Jersey",place,34,58852,,2023,2756,67.6,2607,42,48,55,1642,1.68,61563.0,40608.0,236,2756,0.3561,1791,1642,149,1537,105,133800.0,1698.0,44,0,11,5,105,30.9,2756,1251,147,229,175,33,17,21,854,812,42,2756,799,724,16,21,38,27255.0,761,8.56,4.92,8.93,93.61,8.32,57.14,4.76,35.8,2.63,4.76,0.1043
3458860,"Pines Lake CDP, New Jersey",place,34,58860,,2023,2989,49.4,2579,11,62,280,1129,2.55,177750.0,91237.0,122,2879,0.4106,1173,1129,44,1115,14,612800.0,,0,0,0,0,14,,2206,346,86,108,820,382,167,37,1569,1418,151,2425,1376,924,76,91,262,38680.0,1114,4.24,9.62,63.74,98.76,3.75,0.0,0.0,34.7,6.61,19.04,0.2463
3459070,"Pitman borough, New Jersey",place,34,59070,,2023,8834,40.9,8255,203,142,251,3591,2.41,96199.0,47054.0,397,8692,0.3648,3819,3591,228,2629,962,258400.0,1474.0,180,156,103,148,962,33.1,6552,1715,266,556,1901,743,132,60,5100,4789,311,7374,4663,3821,107,51,604,112190.0,4059,4.57,6.1,43.28,73.21,5.97,61.02,15.38,27.6,1.09,12.95,0.1252
3459190,"Plainfield city, New Jersey",place,34,59190,,2023,54515,33.0,5664,18224,479,30314,16252,3.29,80334.0,30414.0,9196,53637,0.4173,17149,16252,897,6891,9361,383300.0,1673.0,1068,937,876,2440,9361,33.4,34057,8800,1543,1673,5001,2034,273,449,29561,26753,2747,40546,26268,15946,1536,1175,1705,739340.0,24563,17.14,9.29,22.78,42.4,5.23,56.84,26.07,30.1,4.47,6.49,0.5682
3459285,"Plainsboro Center CDP, New Jersey",place,34,59285,,2023,2683,36.0,1213,183,1093,147,1512,1.77,117363.0,78795.0,21,2683,0.302,1555,1512,43,562,950,474300.0,1817.0,94,24,0,34,950,22.4,2239,94,9,122,864,693,57,331,1843,1774,69,2316,1726,842,0,180,643,33935.0,1083,0.78,3.74,86.87,37.17,2.77,16.0,3.58,31.3,10.43,37.25,0.622
3459385,"Pleasantdale CDP, New Jersey",place,34,59385,,2023,2293,42.8,1635,379,0,236,743,3.08,158661.0,78209.0,4,2293,0.5008,780,743,37,743,0,551600.0,,0,0,0,0,0,,1599,147,76,156,523,265,108,29,1149,1062,87,1762,1062,576,24,100,362,24190.0,700,0.17,7.57,57.85,100.0,4.74,,,34.6,9.42,34.09,0.4537
3459500,"Pleasant Plains CDP, New Jersey",place,34,59500,,2023,536,50.4,251,124,133,11,183,2.93,,69127.0,0,536,0.5251,183,183,0,166,17,576100.0,,0,0,0,0,17,,358,141,0,14,115,63,0,0,272,244,28,458,244,121,15,0,108,6080.0,136,0.0,10.29,49.72,90.71,0.0,0.0,0.0,44.7,0.0,44.26,0.6652
3459640,"Pleasantville city, New Jersey",place,34,59640,,2023,20604,35.0,3196,7135,409,10624,6772,3.0,52403.0,24931.0,4755,20411,0.4514,7356,6772,584,3020,3752,177700.0,1328.0,322,170,448,1112,3752,34.1,13745,4633,1126,547,1283,159,45,101,10490,9571,919,16345,9444,6393,1474,651,465,188065.0,8979,23.3,8.76,11.55,44.6,7.94,54.69,29.64,20.9,6.89,4.92,0.5898
3459730,"Pluckemin CDP, New Jersey",place,34,59730,,2023,490,46.3,478,1,10,1,197,2.47,51863.0,39045.0,233,489,0.4767,197,197,0,197,0,598200.0,,0,0,0,0,0,,289,2,0,0,123,130,12,22,164,155,9,322,155,111,0,0,27,2505.0,128,47.65,5.49,99.31,100.0,0.0,,,19.6,0.0,17.42,0.048
3459880,"Point Pleasant borough, New Jersey",place,34,59880,,2023,19158,44.9,17247,110,89,1963,7890,2.41,108713.0,58542.0,721,19013,0.3989,8522,7890,632,6345,1545,523400.0,1969.0,361,56,106,281,1545,31.7,14392,2966,1078,1052,4643,1957,259,115,11510,11158,324,15795,10915,8265,534,128,1316,290915.0,9599,3.79,2.81,48.46,80.42,7.42,52.04,18.19,30.3,1.17,12.06,0.179
3459910,"Point Pleasant Beach borough, New Jersey",place,34,59910,,2023,4826,47.2,4068,42,30,650,1897,2.5,131641.0,67863.0,540,4807,0.4431,2856,1897,959,1338,559,813500.0,1717.0,35,93,5,148,559,32.5,3460,484,186,168,1507,415,70,53,2851,2594,193,4277,2589,1375,256,158,286,76250.0,2303,11.23,6.77,59.1,70.53,33.58,50.27,26.48,33.1,6.1,11.05,0.2712
3460030,"Pomona CDP, New Jersey",place,34,60030,,2023,8141,40.2,3509,1305,1704,1111,2459,3.16,100382.0,38710.0,426,7737,0.3867,2532,2459,73,2039,420,244500.0,897.0,14,0,42,153,420,42.3,5363,1616,261,309,1325,385,84,64,4196,3898,298,6402,3768,2764,704,0,213,96015.0,3555,5.51,7.1,34.64,82.92,2.88,49.76,36.43,27.0,0.0,5.65,0.7261
3460090,"Pompton Lakes borough, New Jersey",place,34,60090,,2023,11010,39.4,8469,87,694,2077,4142,2.65,119038.0,52389.0,1061,10982,0.3571,4235,4142,93,3298,844,411100.0,1822.0,69,17,60,124,844,21.0,7739,2155,474,497,2029,877,185,110,6513,6258,255,8842,6162,4979,198,274,602,164055.0,5560,9.66,3.92,41.36,79.62,2.2,31.99,14.69,29.5,4.45,9.77,0.3687
3460120,"Pompton Plains CDP, New Jersey",place,34,60120,,2023,10766,53.3,9714,209,216,823,4699,2.25,113661.0,66163.0,739,10581,0.4681,4908,4699,209,3894,805,488200.0,3297.0,81,20,15,244,805,32.3,8150,1879,496,601,2064,1725,143,32,4997,4792,205,9260,4689,3328,220,199,729,112090.0,3960,6.98,4.1,48.64,82.87,4.26,44.72,30.31,28.3,4.24,15.55,0.1793
3460210,"Port Colden CDP, New Jersey",place,34,60210,,2023,357,44.0,300,57,0,0,147,2.43,54170.0,25218.0,122,357,0.0919,199,147,52,147,0,343900.0,,0,0,0,0,0,,300,16,0,0,110,0,0,0,126,126,0,300,126,110,16,0,0,,126,34.17,0.0,36.67,100.0,26.13,,,,0.0,0.0,0.2683
3460240,"Port Elizabeth CDP, New Jersey",place,34,60240,,2023,303,50.4,303,0,0,0,141,2.15,,51306.0,10,303,0.3776,141,141,0,83,58,236600.0,,48,0,0,0,58,,256,66,16,40,48,0,0,0,101,101,0,256,101,101,0,0,0,,101,3.3,0.0,18.75,58.87,0.0,82.76,0.0,,0.0,0.0,0.0
3460360,"Port Monmouth CDP, New Jersey",place,34,60360,,2023,3285,47.9,2786,150,52,390,1323,2.48,106677.0,53520.0,126,3285,0.4105,1349,1323,26,1021,302,423600.0,1169.0,12,0,123,123,302,47.7,2366,789,135,317,436,141,30,11,1926,1812,114,2843,1765,1210,0,238,276,56660.0,1489,3.84,5.92,26.12,77.17,1.93,85.43,40.73,38.1,13.48,15.64,0.2643
3460390,"Port Morris CDP, New Jersey",place,34,60390,,2023,1141,37.1,814,118,18,233,458,2.49,65070.0,33455.0,111,1141,0.4005,493,458,35,283,175,391400.0,1493.0,0,26,26,85,175,49.0,806,332,18,140,87,37,0,0,465,408,57,890,408,251,98,0,59,13145.0,349,9.73,12.26,15.38,61.79,7.1,78.29,48.57,37.7,0.0,14.46,0.4384
3460450,"Port Murray CDP, New Jersey",place,34,60450,,2023,97,68.4,26,0,0,62,58,1.67,,71553.0,0,97,0.1916,58,58,0,58,0,,,0,0,0,0,0,,97,0,0,35,0,0,0,0,67,67,0,97,67,67,0,0,0,,67,0.0,0.0,0.0,100.0,0.0,,,,0.0,0.0,0.5196
3460510,"Port Norris CDP, New Jersey",place,34,60510,,2023,1702,37.9,1241,460,0,29,662,2.55,42635.0,37405.0,245,1702,0.6054,727,662,65,372,290,120100.0,1715.0,0,0,0,139,290,51.0,1172,534,18,126,54,0,0,0,752,732,20,1360,732,527,149,0,40,23300.0,692,14.39,2.66,4.61,56.19,8.94,47.93,47.93,33.7,0.0,5.46,0.395
3460540,"Port Reading CDP, New Jersey",place,34,60540,,2023,3775,40.0,1474,444,376,1689,1175,3.21,142986.0,45257.0,69,3775,0.332,1225,1175,50,1095,80,414900.0,,0,0,21,12,80,24.8,2660,838,153,193,652,90,40,43,2194,2074,103,3046,2055,1546,191,144,122,60930.0,1933,1.83,4.69,31.02,93.19,4.08,41.25,15.0,31.5,7.01,5.94,0.6236
3460600,"Port Republic city, New Jersey",place,34,60600,,2023,1047,48.5,989,1,8,23,457,2.27,130417.0,71245.0,18,1041,0.4485,477,457,20,434,23,412500.0,2104.0,14,0,0,0,23,31.6,792,185,27,171,170,74,12,16,572,522,45,851,524,438,48,0,38,13545.0,486,1.73,7.87,34.34,94.97,4.19,60.87,0.0,27.9,0.0,7.25,0.1072
3460750,"Pottersville CDP, New Jersey",place,34,60750,,2023,314,45.8,283,23,0,0,112,2.34,166087.0,53687.0,0,277,0.3338,112,112,0,112,0,608700.0,,0,0,0,0,0,,225,43,0,36,79,44,0,23,173,173,0,261,173,94,23,15,33,,140,0.0,0.0,64.89,100.0,0.0,,,,8.67,19.08,0.1823
3460810,"Preakness CDP, New Jersey",place,34,60810,,2023,18538,41.1,13918,476,2108,2477,6732,2.71,133168.0,59930.0,678,18315,0.4495,6906,6732,174,4713,2019,603200.0,1946.0,207,68,140,557,2019,29.9,12739,2481,556,650,4246,2428,471,298,9986,9529,457,14797,9414,6786,728,639,1167,256385.0,8247,3.7,4.58,58.43,70.01,2.52,48.14,27.59,31.1,6.79,12.4,0.4049
3460840,"Presidential Lakes Estates CDP, New Jersey",place,34,60840,,2023,1927,53.7,1442,82,31,372,772,2.5,84038.0,36421.0,180,1927,0.322,772,772,0,704,68,221800.0,,0,0,0,0,68,,1486,250,171,271,77,76,0,0,1031,750,105,1610,926,797,30,0,99,31240.0,827,9.34,10.18,10.3,91.19,0.0,0.0,0.0,37.8,0.0,10.69,0.4007
3460900,"Princeton, New Jersey",place,34,60900,,2023,30451,27.5,19129,2029,6077,2464,9002,2.58,184113.0,86332.0,1591,23250,0.5336,9737,9002,735,5043,3959,1040400.0,2448.0,386,182,364,576,3959,26.6,16468,655,321,496,4771,4818,1351,2998,15677,14970,707,25493,14223,4739,306,955,4515,234295.0,9708,6.84,4.51,84.64,56.02,7.55,38.09,14.55,24.1,6.71,31.74,0.5546
3460960,"Princeton Junction CDP, New Jersey",place,34,60960,,2023,1842,50.3,1020,71,552,103,784,2.34,219375.0,90822.0,214,1842,0.396,884,784,100,625,159,669100.0,,17,15,13,0,159,26.5,1498,99,22,65,673,358,43,117,1133,1045,88,1543,1045,413,33,138,461,18250.0,584,11.62,7.77,79.51,79.72,11.31,28.3,0.0,31.2,13.21,44.11,0.5989
3460975,"Princeton Meadows CDP, New Jersey",place,34,60975,,2023,15382,35.2,3648,1324,9542,837,6214,2.48,124065.0,67897.0,397,15358,0.4194,6499,6214,285,2409,3805,636300.0,1937.0,368,233,171,405,3805,23.8,10602,623,302,676,3874,3112,305,802,8710,8241,469,12096,8054,4874,311,406,2380,185800.0,5674,2.58,5.38,76.33,38.77,4.39,30.93,10.64,32.7,5.04,29.55,0.5486
3461170,"Prospect Park borough, New Jersey",place,34,61170,,2023,6286,35.4,2708,960,227,4006,2045,3.07,48615.0,28671.0,1547,6224,0.5488,2176,2045,131,821,1224,391500.0,1794.0,25,104,79,650,1224,51.0,3828,1440,281,212,546,296,46,48,3070,2819,251,4803,2796,2095,451,26,81,59745.0,2715,24.86,8.18,24.45,40.15,6.02,70.1,53.1,22.0,0.93,2.9,0.3836
3461440,"Quinton CDP, New Jersey",place,34,61440,,2023,463,43.8,359,31,58,0,201,2.3,89375.0,42133.0,18,463,0.3328,219,201,18,156,45,140000.0,2219.0,1,0,0,18,45,29.3,318,58,29,70,73,70,0,0,272,272,0,358,272,230,0,0,24,5675.0,248,3.89,0.0,44.97,77.61,8.22,42.22,40.0,22.9,0.0,8.82,0.3786
3461530,"Rahway city, New Jersey",place,34,61530,,2023,29748,39.0,10450,9297,2118,8381,12155,2.44,90852.0,43613.0,2006,29573,0.3944,12811,12155,656,6493,5662,362300.0,1764.0,523,373,603,1292,5662,31.0,21131,5875,1321,1142,4706,2170,400,245,16040,14841,1187,24184,14535,8787,1645,1586,2142,401595.0,12393,6.78,7.4,35.59,53.42,5.12,49.29,22.82,32.4,10.91,14.74,0.6945
3461560,"Rainbow Lakes CDP, New Jersey",place,34,61560,,2023,1376,31.7,884,9,318,116,534,2.58,109083.0,49371.0,51,1376,0.3426,534,534,0,347,187,531700.0,2079.0,0,0,7,45,187,27.2,871,118,65,36,358,174,15,0,985,945,40,1101,945,659,85,20,181,17595.0,764,3.71,4.06,62.8,64.98,0.0,27.81,24.06,23.0,2.12,19.15,0.5267
3461632,"Ramapo College of New Jersey CDP, New Jersey",place,34,61632,,2023,2163,20.2,1278,313,233,519,0,,,5129.0,0,0,,0,0,0,0,0,,,0,0,0,0,0,,29,0,0,3,0,8,0,0,1122,967,155,2163,826,432,7,7,68,13790.0,758,,13.81,27.59,,,,,18.2,0.85,8.23,0.5608
3461650,"Ramblewood CDP, New Jersey",place,34,61650,,2023,6542,42.0,5318,478,262,197,2567,2.49,110130.0,55934.0,215,6374,0.4061,2641,2567,74,1860,707,376900.0,1963.0,102,49,53,123,707,25.4,4412,848,236,367,1352,457,196,27,3584,3378,196,5374,3379,2404,303,160,500,72520.0,2879,3.37,5.47,46.06,72.46,2.8,46.25,17.4,25.2,4.74,14.8,0.3313
3461680,"Ramsey borough, New Jersey",place,34,61680,,2023,14722,41.1,11301,55,1005,1653,5248,2.79,164767.0,75792.0,444,14722,0.4314,5267,5248,19,4395,853,665700.0,2009.0,120,62,98,167,853,31.3,9690,1067,278,699,3990,2042,522,163,7535,7306,216,11707,7134,4581,177,598,1561,187530.0,5573,3.02,2.87,69.32,83.75,0.36,52.4,19.58,33.6,8.38,21.88,0.3935
3461725,"Ramtown CDP, New Jersey",place,34,61725,,2023,6410,38.1,5080,106,64,1251,2221,2.89,138967.0,51951.0,113,6410,0.3226,2310,2221,89,2132,89,452500.0,,0,0,0,42,89,,4257,876,281,358,1243,563,29,30,3588,3520,68,5052,3515,2735,234,42,462,111905.0,3053,1.76,1.9,43.81,95.99,3.85,47.19,47.19,36.7,1.19,13.14,0.3335
3461980,"Raritan borough, New Jersey",place,34,61980,,2023,8192,43.1,4325,318,1577,1798,3209,2.54,103699.0,56989.0,571,8152,0.4379,3257,3209,48,1714,1495,449200.0,1927.0,190,88,77,305,1495,28.0,6070,1375,407,609,1423,748,83,159,5406,5112,294,7108,4592,3514,241,84,648,86145.0,3944,7.0,5.44,39.75,53.41,1.47,44.15,20.4,21.8,1.83,14.11,0.6345
3462430,"Red Bank borough, New Jersey",place,34,62430,,2023,12864,39.7,8193,914,177,3987,5902,2.15,101738.0,65849.0,1127,12681,0.4967,6184,5902,282,2957,2945,477000.0,1985.0,169,136,335,684,2945,28.8,9572,1432,263,738,2745,1577,315,339,7320,7090,230,10482,7030,4521,473,336,948,187825.0,6082,8.89,3.14,51.98,50.1,4.56,44.96,23.23,30.9,4.78,13.49,0.4931
3462585,"Regency at Monroe CDP, New Jersey",place,34,62585,,2023,2241,73.3,1915,12,289,25,1353,1.66,95724.0,69909.0,199,2241,0.4521,1353,1353,0,1287,66,657500.0,,0,0,23,0,66,,2241,457,62,135,736,382,231,31,527,469,58,2241,438,339,15,58,26,18545.0,412,8.88,11.01,61.58,95.12,0.0,34.85,0.0,45.0,13.24,5.94,0.253
3462605,"Renaissance at Monroe CDP, New Jersey",place,34,62605,,2023,643,74.0,643,0,0,0,338,1.9,99615.0,63163.0,43,643,0.2834,338,338,0,338,0,475800.0,,0,0,0,0,0,,643,78,71,0,223,149,22,0,125,125,0,643,125,86,0,0,39,2915.0,86,6.69,0.0,61.28,100.0,0.0,,,33.9,0.0,31.2,0.0
3462790,"Richland CDP, New Jersey",place,34,62790,,2023,859,55.0,663,80,0,108,287,2.96,152525.0,45664.0,32,859,0.3492,341,287,54,287,0,235600.0,,0,0,0,0,0,,725,270,27,21,132,0,0,0,521,474,47,749,474,254,116,0,104,8840.0,370,3.73,9.02,18.21,100.0,15.84,,,23.9,0.0,21.94,0.3798
3462820,"Richwood CDP, New Jersey",place,34,62820,,2023,3453,39.0,3253,0,0,139,954,3.6,206685.0,66325.0,145,3453,0.3394,1101,954,147,911,43,566000.0,,14,0,0,0,43,,2227,311,52,77,879,396,98,130,1721,1644,77,2676,1644,1162,86,0,368,32505.0,1276,4.2,4.47,67.49,95.49,13.35,32.56,0.0,25.5,0.0,22.38,0.1109
3462910,"Ridgefield borough, New Jersey",place,34,62910,,2023,11439,40.3,4980,279,3013,4025,4082,2.8,115676.0,49450.0,578,11439,0.3954,4192,4082,110,1910,2172,609700.0,1935.0,87,177,208,532,2172,28.4,8401,1751,397,752,2692,1010,148,119,6374,6023,351,9701,5920,3782,770,662,542,160720.0,5378,5.05,5.51,47.24,46.79,2.62,46.22,24.49,29.9,11.18,9.16,0.6167
3462940,"Ridgefield Park village, New Jersey",place,34,62940,,2023,13167,38.0,6541,899,1042,6518,5113,2.57,98184.0,44084.0,1685,12941,0.409,5389,5113,276,2930,2183,459400.0,1633.0,166,55,182,644,2183,30.3,9300,2321,466,639,2222,893,115,73,7774,6977,797,10357,6897,4308,721,771,682,168720.0,6215,13.02,10.25,35.52,57.3,5.12,47.96,29.5,27.1,11.18,9.89,0.4972
3463000,"Ridgewood village, New Jersey",place,34,63000,,2023,26076,41.1,18228,590,4278,2660,8816,2.94,217250.0,98259.0,942,25726,0.4511,9166,8816,350,7394,1422,882700.0,2340.0,122,6,129,328,1422,26.6,16767,1072,267,768,7245,4316,1142,813,13236,12776,457,19743,12528,6274,550,1528,3587,318020.0,8941,3.66,3.45,80.61,83.87,3.82,41.14,23.07,35.6,12.2,28.63,0.4735
3463120,"Ringoes CDP, New Jersey",place,34,63120,,2023,868,49.9,821,0,7,103,333,2.61,100720.0,49618.0,0,868,0.3368,354,333,21,268,65,412500.0,2013.0,0,0,0,0,65,26.9,550,235,32,38,116,25,8,7,418,391,27,758,391,297,10,0,84,8895.0,307,0.0,6.46,28.36,80.48,5.93,0.0,0.0,29.0,0.0,21.48,0.0912
3463150,"Ringwood borough, New Jersey",place,34,63150,,2023,11600,43.6,9850,114,272,1212,4154,2.77,142529.0,64077.0,281,11565,0.3939,4241,4154,87,3966,188,434800.0,1934.0,11,15,32,50,188,37.3,8442,1994,526,410,2874,1204,153,17,6727,6347,380,9676,6201,4696,376,115,939,177520.0,5262,2.43,5.65,50.32,95.47,2.05,57.45,26.6,33.7,1.85,15.14,0.2674
3463180,"Rio Grande CDP, New Jersey",place,34,63180,,2023,3285,51.6,2376,262,23,397,1623,2.0,97590.0,49391.0,326,3285,0.4419,1854,1623,231,1232,391,311900.0,1486.0,0,58,0,90,391,28.5,2666,702,392,127,308,350,88,0,1445,1254,191,2768,1190,854,59,4,97,18365.0,1093,9.92,13.22,27.98,75.91,12.46,37.85,23.02,16.8,0.34,8.15,0.4558
3463300,"Riverdale borough, New Jersey",place,34,63300,,2023,4084,50.2,3284,70,157,629,1988,2.05,96667.0,55102.0,414,4084,0.4022,2038,1988,50,1419,569,384500.0,2351.0,40,15,15,219,569,31.9,3095,820,184,236,948,370,120,39,2321,2290,31,3524,2256,1840,58,50,308,58005.0,1948,10.14,1.34,47.72,71.38,2.45,50.79,38.49,29.8,2.22,13.65,0.3279
3463360,"River Edge borough, New Jersey",place,34,63360,,2023,12024,42.2,7285,569,3415,1049,4377,2.74,155827.0,74705.0,381,12024,0.4284,4479,4377,102,3320,1057,637500.0,1811.0,152,57,52,282,1057,30.5,8348,576,432,369,3770,1383,453,302,6824,6506,318,9725,6333,3759,491,668,1276,175640.0,5057,3.17,4.66,70.77,75.85,2.28,51.37,26.68,34.7,10.55,20.15,0.5424
3463660,"Riverton borough, New Jersey",place,34,63660,,2023,2771,40.2,2283,149,50,288,1014,2.63,126818.0,54174.0,74,2667,0.3363,1049,1014,35,787,227,354900.0,1409.0,33,7,5,34,227,26.9,1962,406,174,106,582,240,41,102,1562,1509,53,2221,1468,1112,57,41,244,34165.0,1224,2.77,3.39,49.18,77.61,3.34,34.8,14.98,27.9,2.79,16.62,0.3072
3463810,"Roadstown CDP, New Jersey",place,34,63810,,2023,172,47.5,95,0,0,76,46,3.74,143333.0,41173.0,7,172,0.2816,55,46,9,46,0,200000.0,,0,0,0,0,0,,118,52,3,3,31,3,0,0,61,61,0,118,61,56,0,0,5,,56,4.07,0.0,28.81,100.0,16.36,,,,0.0,8.2,0.4997
3463858,"Robbinsville Center CDP, New Jersey",place,34,63858,,2023,3808,44.0,1952,29,1448,278,1567,2.43,131202.0,58281.0,337,3808,0.4543,1582,1567,15,1165,402,515400.0,1693.0,0,0,46,284,402,51.0,2547,311,34,259,927,703,93,18,2045,1895,150,2918,1869,1039,111,124,513,56525.0,1356,8.85,7.33,68.35,74.35,0.95,82.09,70.65,41.7,6.63,27.45,0.5873
3463900,"Robertsville CDP, New Jersey",place,34,63900,,2023,11859,41.4,9040,209,1701,999,4007,2.96,204421.0,78121.0,431,11859,0.4216,4053,4007,46,3774,233,645100.0,2605.0,0,0,5,73,233,27.8,8017,1079,209,377,3115,1297,522,201,6270,6070,200,9108,5977,3450,102,634,1747,176425.0,4230,3.63,3.19,64.05,94.19,1.13,33.48,31.33,41.7,10.61,29.23,0.3909
3464050,"Rockaway borough, New Jersey",place,34,64050,,2023,6589,45.2,4866,49,514,1309,2660,2.47,100028.0,54185.0,412,6589,0.4674,2732,2660,72,1537,1123,427800.0,1496.0,41,77,13,324,1123,24.2,5017,1002,341,396,1424,486,17,101,4114,3765,349,5603,3669,2729,235,40,579,80230.0,3090,6.25,8.48,40.42,57.78,2.64,40.52,28.85,26.0,1.09,15.78,0.409
3464170,"Rockleigh borough, New Jersey",place,34,64170,,2023,519,69.6,444,13,30,33,83,2.94,166875.0,57787.0,36,287,0.5368,89,83,6,63,20,2000001.0,,0,0,0,0,20,14.5,458,161,4,4,85,63,24,0,116,116,0,486,114,71,5,3,33,2465.0,81,12.54,0.0,37.55,75.9,6.74,0.0,0.0,30.4,2.63,28.95,0.2601
3464320,"Rocky Hill borough, New Jersey",place,34,64320,,2023,814,42.8,696,7,33,69,319,2.51,127344.0,77165.0,35,814,0.4597,319,319,0,242,77,608200.0,1660.0,3,0,6,9,77,21.1,548,65,11,24,202,86,57,52,460,432,28,660,429,270,28,5,117,7925.0,312,4.3,6.09,72.45,75.86,0.0,23.38,11.69,25.4,1.17,27.27,0.26
3464350,"Roebling CDP, New Jersey",place,34,64350,,2023,3591,38.7,2577,383,453,232,1452,2.47,83083.0,46059.0,258,3586,0.3923,1508,1452,56,1275,177,185500.0,1835.0,25,12,0,0,177,27.7,2404,764,135,189,542,70,34,15,1959,1870,83,2671,1830,1479,97,33,207,42930.0,1623,7.19,4.24,27.5,87.81,3.71,20.9,0.0,26.5,1.8,11.31,0.4535
3464410,"Roosevelt borough, New Jersey",place,34,64410,,2023,1059,38.8,865,7,14,364,361,2.93,112614.0,45830.0,8,1059,0.3579,376,361,15,298,63,354600.0,,4,0,36,3,63,42.5,656,116,97,90,167,108,11,14,488,472,16,738,463,359,5,6,91,14560.0,372,0.76,3.28,45.73,82.55,3.99,68.25,4.76,39.1,1.3,19.65,0.2145
3464590,"Roseland borough, New Jersey",place,34,64590,,2023,6211,47.0,4695,30,763,450,2445,2.54,160644.0,71813.0,143,6211,0.3848,2470,2445,25,1989,456,640600.0,3293.0,19,55,41,112,456,31.4,4688,779,261,208,1535,1246,179,141,3424,3245,179,5006,3245,2259,113,248,608,83610.0,2637,2.3,5.23,66.15,81.35,1.01,49.78,24.56,31.7,7.64,18.74,0.4082
3464620,"Roselle borough, New Jersey",place,34,64620,,2023,22455,39.8,4145,10238,269,8098,8206,2.73,82967.0,40437.0,2318,22373,0.4225,8430,8206,224,4247,3959,336500.0,1499.0,192,197,785,768,3959,31.0,15724,4781,887,1058,2522,1280,210,93,13279,12255,1024,18832,11700,7849,714,1431,969,341540.0,10731,10.36,7.71,26.11,51.75,2.66,49.05,19.4,31.8,12.23,8.28,0.6279
3464650,"Roselle Park borough, New Jersey",place,34,64650,,2023,13965,38.6,5949,1575,1860,5087,5236,2.67,104418.0,48486.0,708,13952,0.3823,5373,5236,137,3122,2114,405800.0,1585.0,90,222,115,265,2114,26.0,10443,2493,557,713,2415,1363,225,71,8861,8437,424,11611,8215,6357,417,455,785,197235.0,7430,5.07,4.79,39.01,59.63,2.55,32.73,12.54,26.5,5.54,9.56,0.6554
3464740,"Rosenhayn CDP, New Jersey",place,34,64740,,2023,1066,47.5,710,95,12,192,413,2.49,,39687.0,38,1066,0.44,424,413,11,383,30,210400.0,,0,0,0,0,30,,772,356,35,39,113,56,8,0,425,420,5,906,374,302,40,3,17,8995.0,357,3.56,1.18,22.93,92.74,2.59,0.0,0.0,25.2,0.8,4.55,0.5159
3464860,"Ross Corner CDP, New Jersey",place,34,64860,,2023,28,53.4,28,0,0,0,9,3.11,,42543.0,0,28,,9,9,0,9,0,,,0,0,0,0,0,,18,18,0,0,0,0,0,0,28,28,0,28,28,10,0,0,18,,10,0.0,0.0,0.0,100.0,0.0,,,,0.0,64.29,0.0
3464865,"Rossmoor CDP, New Jersey",place,34,64865,,2023,3136,73.8,2742,101,179,108,2301,1.36,54367.0,54051.0,274,3136,0.4241,2473,2301,172,2079,222,184800.0,1568.0,53,16,0,120,222,51.0,3111,1090,188,241,600,335,24,182,705,640,65,3111,625,519,0,11,71,16745.0,554,8.74,9.22,36.68,90.35,6.96,85.14,54.05,30.2,1.76,11.36,0.23
3465130,"Rumson borough, New Jersey",place,34,65130,,2023,7265,43.1,6881,6,50,273,2352,3.08,250001.0,133763.0,229,7215,0.4947,2459,2352,107,2193,159,1609400.0,2351.0,8,12,11,24,159,28.9,4604,294,129,191,2143,995,318,122,3508,3340,168,5628,3279,1529,69,519,926,102470.0,2353,3.17,4.79,77.72,93.24,4.35,34.59,15.09,43.5,15.83,28.24,0.1015
3465160,"Runnemede borough, New Jersey",place,34,65160,,2023,8310,36.1,6496,496,226,1049,3125,2.65,100366.0,41912.0,794,8277,0.3955,3437,3125,312,2229,896,217500.0,1383.0,56,77,66,160,896,27.2,5746,2014,394,419,1118,294,0,23,4793,4459,334,6947,4271,3249,366,62,433,100005.0,3838,9.59,6.97,24.97,71.33,9.08,40.07,17.86,26.1,1.45,10.14,0.3687
3465249,"Rutgers University-Busch Campus CDP, New Jersey",place,34,65249,,2023,5747,19.9,4205,254,1020,593,69,3.22,118750.0,11780.0,37,208,0.4073,103,69,34,0,69,,2031.0,6,5,4,4,69,26.4,517,9,1,22,217,143,26,71,2510,2387,123,5664,2002,433,46,78,231,34920.0,1771,17.79,4.9,88.39,0.0,33.01,27.54,5.8,19.7,3.9,11.54,0.4205
3465260,"Rutgers University-Livingston Campus CDP, New Jersey",place,34,65260,,2023,3041,19.8,2437,119,385,229,0,,,8554.0,0,0,,0,0,0,0,0,,,0,0,0,0,0,,60,0,0,0,42,2,11,0,1336,1283,53,3041,1039,229,23,15,127,11315.0,912,,3.97,91.67,,,,,12.4,1.44,12.22,0.3346
3465280,"Rutherford borough, New Jersey",place,34,65280,,2023,18748,40.7,12181,612,2768,4059,6955,2.63,136069.0,60912.0,883,18300,0.4042,7163,6955,208,4386,2569,580800.0,1859.0,111,99,171,421,2569,23.3,13121,2189,517,695,4675,2339,331,373,10698,10319,379,15707,10182,5619,258,1819,2059,281055.0,8123,4.83,3.54,58.82,63.06,2.9,31.22,16.39,34.6,17.86,20.22,0.5081
3465400,"Saddle River borough, New Jersey",place,34,65400,,2023,3358,52.1,2553,177,392,222,1372,2.42,236985.0,156614.0,160,3313,0.5801,1495,1372,123,1174,198,2000001.0,1709.0,0,44,9,54,198,38.9,2582,315,66,76,930,520,397,124,1806,1633,173,2919,1617,1156,28,26,397,30950.0,1220,4.83,9.58,76.34,85.57,8.23,54.04,27.27,25.4,1.61,24.55,0.4012
3465490,"Salem city, New Jersey",place,34,65490,,2023,5315,36.1,1829,3023,25,465,2216,2.39,40650.0,24371.0,1653,5296,0.4797,2889,2216,673,768,1448,69300.0,992.0,144,78,122,532,1448,35.9,3409,1308,296,237,306,96,15,17,2236,2000,236,3995,1985,1207,398,84,252,48460.0,1733,31.21,10.55,12.73,34.66,23.3,60.5,36.74,28.0,4.23,12.7,0.5504
3465790,"Sayreville borough, New Jersey",place,34,65790,,2023,45237,39.6,23877,5965,7648,9587,16853,2.68,98629.0,44908.0,2718,45215,0.3903,17435,16853,582,10554,6299,407600.0,1641.0,634,475,603,1064,6299,28.0,32147,9212,1690,2414,8092,3212,365,171,25450,24129,1301,36534,23537,16572,2387,1289,2438,674925.0,21099,6.01,5.11,36.83,62.62,3.34,44.07,16.89,32.0,5.48,10.36,0.6305
3466240,"Sea Bright borough, New Jersey",place,34,66240,,2023,1657,52.9,1571,0,20,42,918,1.81,127738.0,111877.0,134,1657,0.4987,1135,918,217,673,245,815400.0,1910.0,58,7,6,31,245,25.8,1429,126,45,126,628,174,115,32,1023,979,44,1497,903,541,21,130,138,28750.0,765,8.09,4.3,66.41,73.31,19.12,41.63,12.65,37.6,14.4,15.28,0.1003
3466300,"Seabrook Farms CDP, New Jersey",place,34,66300,,2023,1469,28.6,502,593,0,505,588,2.5,43815.0,20672.0,499,1469,0.5251,619,588,31,106,482,255300.0,1046.0,81,45,0,123,482,32.6,861,471,59,0,81,0,0,0,664,591,73,1097,591,367,142,0,15,16980.0,576,33.97,10.99,9.41,18.03,5.01,51.66,25.52,29.5,0.0,2.54,0.6021
3466330,"Sea Girt borough, New Jersey",place,34,66330,,2023,1978,56.1,1946,1,0,40,810,2.44,206000.0,149843.0,57,1977,0.5368,1188,810,378,705,105,2000001.0,3501.0,14,0,0,14,105,19.6,1519,106,40,103,708,309,143,25,856,815,41,1716,811,520,21,29,217,18260.0,594,2.88,4.79,78.01,87.04,31.82,26.67,13.33,30.7,3.58,26.76,0.0317
3466390,"Sea Isle City city, New Jersey",place,34,66390,,2023,2079,65.2,2011,3,0,40,1125,1.84,98860.0,84171.0,98,2079,0.5036,6719,1125,5594,1055,70,1019500.0,,13,0,16,10,70,40.3,1890,427,209,110,489,294,91,23,773,746,27,1967,746,552,22,10,132,18645.0,614,4.71,3.49,47.46,93.78,83.26,55.71,14.29,30.4,1.34,17.69,0.064
3466450,"Seaside Heights borough, New Jersey",place,34,66450,,2023,1992,50.2,1628,0,26,328,1075,1.85,58988.0,39295.0,685,1992,0.5238,2807,1075,1732,432,643,376700.0,1429.0,37,5,17,345,643,51.0,1509,481,82,64,339,107,22,20,895,833,62,1775,826,584,23,33,63,24015.0,763,34.39,6.93,32.34,40.19,61.7,62.83,53.65,31.5,4.0,7.63,0.3048
3466480,"Seaside Park borough, New Jersey",place,34,66480,,2023,1804,62.2,1660,44,65,26,938,1.92,83333.0,74866.0,235,1804,0.5683,2730,938,1792,689,249,873700.0,1402.0,38,21,5,62,249,33.7,1546,311,63,171,459,317,60,40,765,727,38,1677,711,575,8,21,89,18370.0,622,13.03,4.97,56.66,73.45,65.64,50.6,24.9,29.5,2.95,12.52,0.1512
3466540,"Seaville CDP, New Jersey",place,34,66540,,2023,2678,39.7,2636,0,31,0,962,2.78,148095.0,54283.0,60,2678,0.3151,1296,962,334,907,55,437300.0,1943.0,0,0,0,12,55,25.7,1748,405,81,70,536,290,142,0,1512,1462,41,2073,1430,1232,70,0,128,33420.0,1302,2.24,2.71,55.38,94.28,25.77,21.82,21.82,25.7,0.0,8.95,0.031
3466570,"Secaucus town, New Jersey",place,34,66570,,2023,21437,38.6,8716,1359,7397,4147,8525,2.44,134746.0,65620.0,1262,21066,0.416,9109,8525,584,4200,4325,557800.0,2197.0,170,205,312,718,4325,24.6,15993,2552,581,758,5492,3465,565,502,11842,11119,723,17454,11005,5484,791,1868,2530,272385.0,8475,5.99,6.11,62.68,49.27,6.41,32.49,16.6,32.1,16.97,22.99,0.6742
3466615,"Seeley CDP, New Jersey",place,34,66615,,2023,63,71.0,63,0,0,0,33,1.91,93854.0,48333.0,0,63,0.0796,68,33,35,33,0,345800.0,,0,0,0,0,0,,63,11,11,0,22,10,0,0,0,0,0,63,0,0,0,0,0,,0,0.0,,50.79,100.0,51.47,,,,,,0.0
3466720,"Sewaren CDP, New Jersey",place,34,66720,,2023,3196,45.6,1589,489,341,786,1258,2.53,106926.0,50571.0,82,3196,0.3618,1302,1258,44,892,366,414900.0,1382.0,10,56,0,25,366,23.5,2490,818,209,191,470,224,26,24,1853,1736,117,2782,1683,1123,90,193,277,48045.0,1406,2.57,6.31,29.88,70.91,3.38,24.86,6.83,34.2,11.47,16.46,0.6575
3466750,"Sewell CDP, New Jersey",place,34,66750,,2023,3065,52.4,2894,61,81,0,1255,2.44,135141.0,56128.0,209,3065,0.3156,1255,1255,0,1244,11,303900.0,,0,0,0,0,11,,2512,647,98,289,655,244,101,0,1933,1924,9,2824,1910,1519,76,16,299,45785.0,1611,6.82,0.47,39.81,99.12,0.0,0.0,0.0,28.4,0.84,15.65,0.1074
3466840,"Shark River Hills CDP, New Jersey",place,34,66840,,2023,3035,50.6,2766,0,33,170,1263,2.4,133193.0,58087.0,99,3035,0.3461,1334,1263,71,1252,11,482800.0,,0,0,0,0,11,,2336,553,129,174,754,286,127,30,1648,1609,39,2542,1588,1258,68,37,216,39655.0,1372,3.26,2.37,51.24,99.13,5.32,0.0,0.0,28.9,2.33,13.6,0.1662
3466970,"Sheppards Mill CDP, New Jersey",place,34,66970,,2023,71,41.7,68,0,0,0,30,2.37,110500.0,61985.0,0,71,0.3722,30,30,0,21,9,187500.0,,0,1,0,0,9,,46,22,2,0,2,2,0,0,43,43,0,56,43,43,0,0,0,1460.0,43,0.0,0.0,8.7,70.0,0.0,11.11,0.0,34.0,0.0,0.0,0.0827
3467020,"Shiloh borough, New Jersey",place,34,67020,,2023,283,50.4,200,3,63,61,113,2.5,86250.0,37918.0,10,283,0.3249,126,113,13,104,9,198300.0,880.0,0,0,0,0,9,22.5,201,79,8,26,40,3,0,0,154,138,16,229,133,109,20,0,1,3615.0,132,3.53,10.39,21.39,92.04,10.32,0.0,0.0,27.4,0.0,0.75,0.4044
3467110,"Ship Bottom borough, New Jersey",place,34,67110,,2023,1009,63.2,958,0,18,35,504,2.0,111250.0,82708.0,35,1009,0.4866,2114,504,1610,458,46,910000.0,1422.0,0,4,2,10,46,18.3,900,144,48,15,327,176,37,13,435,424,11,942,420,290,24,21,68,10945.0,352,3.47,2.53,61.44,90.87,76.16,34.78,21.74,31.1,5.0,16.19,0.097
3467320,"Short Hills CDP, New Jersey",place,34,67320,,2023,14398,40.9,7653,290,5525,587,4495,3.2,250001.0,160003.0,506,14398,0.44,4508,4495,13,3937,558,1621200.0,3259.0,10,18,61,47,558,20.7,8834,264,67,297,2654,3027,1489,779,6761,6471,290,10429,6426,2209,162,1569,2354,181790.0,4072,3.51,4.29,89.98,87.59,0.29,24.37,8.42,44.6,24.42,36.63,0.5682
3467350,"Shrewsbury borough, New Jersey",place,34,67350,,2023,4162,42.0,3562,178,159,77,1492,2.68,144500.0,71092.0,144,4038,0.4836,1526,1492,34,1255,237,735900.0,3300.0,0,0,0,194,237,51.0,2853,385,203,132,1017,633,84,121,1844,1752,92,3250,1734,1181,9,131,389,42120.0,1345,3.57,4.99,65.02,84.12,2.23,81.86,81.86,31.3,7.55,22.43,0.2639
3467470,"Sicklerville CDP, New Jersey",place,34,67470,,2023,44500,36.6,21081,16271,1653,3939,15551,2.86,102881.0,41008.0,4167,44355,0.3816,16406,15551,855,12719,2832,256600.0,1561.0,142,112,446,977,2832,42.0,29438,7524,2124,2728,6259,2833,731,226,24655,22950,1705,34674,22389,16516,1908,845,2818,642780.0,19571,9.39,6.92,34.14,81.79,5.21,59.22,34.5,32.8,3.77,12.59,0.6327
3467583,"Silver Lake CDP (Cumberland County), New Jersey",place,34,67583,,2023,1447,45.0,1294,15,31,107,637,2.27,88217.0,41379.0,32,1447,0.3177,637,637,0,552,85,304800.0,,0,0,0,26,85,,1132,443,24,152,176,66,0,0,750,750,0,1181,750,696,0,0,46,19195.0,704,2.21,0.0,21.38,86.66,0.0,30.59,30.59,27.3,0.0,6.13,0.1943
3467590,"Silver Lake CDP (Essex County), New Jersey",place,34,67590,,2023,4034,41.2,2247,208,472,2251,1410,2.86,86615.0,30496.0,419,4025,0.3781,1620,1410,210,857,553,483700.0,1501.0,0,19,51,75,553,21.4,2610,919,117,302,416,146,99,26,2010,1953,57,3552,1754,1033,191,296,112,62625.0,1642,10.41,2.84,26.32,60.78,12.96,26.22,13.56,38.1,16.88,6.39,0.362
3467650,"Silver Lake CDP (Warren County), New Jersey",place,34,67650,,2023,319,56.4,312,0,3,3,160,1.98,103750.0,48207.0,44,319,0.4402,167,160,7,146,14,263300.0,,10,0,0,0,14,,251,22,23,15,49,26,8,0,165,152,13,270,148,106,25,3,11,3635.0,137,13.79,7.88,33.07,91.25,4.19,71.43,0.0,26.5,2.03,7.43,0.0432
3467665,"Silver Ridge CDP, New Jersey",place,34,67665,,2023,1176,74.1,1099,0,0,28,832,1.41,35056.0,85277.0,153,1176,0.7358,848,832,16,791,41,213100.0,,19,0,0,0,41,,1176,498,135,108,91,41,0,0,285,272,13,1176,272,258,0,0,14,8920.0,258,13.01,4.56,11.22,95.07,1.89,46.34,0.0,34.6,0.0,5.15,0.1261
3467770,"Singac CDP, New Jersey",place,34,67770,,2023,3987,47.6,2690,18,137,1338,1830,2.18,116136.0,59373.0,98,3987,0.3522,1881,1830,51,1487,343,416200.0,2141.0,21,30,0,112,343,27.0,3039,864,229,231,932,199,30,70,2505,2420,85,3403,2398,1689,44,32,481,47155.0,1917,2.46,3.39,40.51,81.26,2.71,47.52,32.65,24.6,1.33,20.06,0.431
3467820,"Six Mile Run CDP, New Jersey",place,34,67820,,2023,3185,37.5,1009,893,859,382,1281,2.49,141181.0,65433.0,18,3185,0.3624,1386,1281,105,826,455,495200.0,1972.0,33,0,0,49,455,24.4,2504,321,95,49,834,641,91,106,1999,1967,32,2777,1967,1283,28,89,427,57575.0,1540,0.57,1.6,66.77,64.48,7.58,18.02,10.77,37.4,4.52,21.71,0.7339
3467860,"Skillman CDP, New Jersey",place,34,67860,,2023,285,54.3,196,57,0,4,135,2.11,,72294.0,11,285,0.4493,169,135,34,105,30,582500.0,,0,0,0,19,30,,216,47,4,0,52,79,0,0,202,202,0,263,202,104,12,0,86,4020.0,116,3.86,0.0,60.65,77.78,20.12,63.33,63.33,34.7,0.0,42.57,0.4868
3468190,"Smithville CDP, New Jersey",place,34,68190,,2023,9260,47.1,5946,1312,265,1107,4621,2.0,72875.0,47451.0,747,9243,0.4382,4814,4621,193,3524,1097,270600.0,1477.0,54,131,0,474,1097,38.1,7461,1975,276,634,1650,919,166,83,4808,4576,232,7988,4529,3564,447,48,425,104380.0,4104,8.08,4.83,37.77,76.26,4.01,60.07,43.21,25.4,1.06,9.38,0.5525
3468340,"Somerdale borough, New Jersey",place,34,68340,,2023,5535,40.5,3054,1643,163,515,2252,2.46,79101.0,43990.0,855,5515,0.4973,2273,2252,21,1753,499,221600.0,1141.0,20,9,0,220,499,36.7,4061,1153,492,247,514,310,16,24,3049,2780,269,4606,2765,2102,208,97,327,57290.0,2438,15.5,8.82,21.28,77.84,0.92,49.9,44.09,23.5,3.51,11.83,0.5979
3468370,"Somerset CDP, New Jersey",place,34,68370,,2023,23851,40.9,8677,7628,5107,2871,9760,2.4,113603.0,57140.0,1426,23447,0.3942,10036,9760,276,7130,2630,408600.0,2050.0,253,289,91,789,2630,33.0,17383,2562,782,1584,5837,3421,298,626,13984,13411,529,19654,13331,9296,726,887,2273,376975.0,11058,6.08,3.78,58.57,73.05,2.75,54.07,30.0,34.1,6.65,17.05,0.705
3468430,"Somers Point city, New Jersey",place,34,68430,,2023,10461,43.5,7694,950,470,1643,4720,2.21,68542.0,39692.0,1174,10461,0.4293,5730,4720,1010,2413,2307,277500.0,1308.0,297,114,119,570,2307,30.0,7658,2168,332,727,1352,787,127,72,5937,5332,567,8689,5173,3997,235,62,458,108770.0,4715,11.22,9.55,30.53,51.12,17.63,47.68,24.71,23.1,1.2,8.85,0.4241
3468460,"Somerville borough, New Jersey",place,34,68460,,2023,12958,35.5,7837,1388,1466,2919,5604,2.26,103869.0,54478.0,790,12793,0.3858,5726,5604,122,2496,3108,403600.0,1748.0,320,153,140,592,3108,25.8,9629,1813,492,367,3301,1358,298,195,8112,7759,322,11015,7609,4895,604,219,1209,164585.0,6400,6.18,3.97,53.51,44.54,2.13,38.77,19.05,25.7,2.88,15.89,0.5592
3468550,"South Amboy city, New Jersey",place,34,68550,,2023,9714,42.3,6340,1037,474,1994,4140,2.33,110125.0,48151.0,725,9659,0.3741,4361,4140,221,2285,1855,365000.0,1644.0,198,60,80,268,1855,22.7,7384,1976,377,591,1248,783,153,28,5802,5466,336,8169,5390,3675,616,477,555,160630.0,4835,7.51,5.79,29.96,55.19,5.07,32.67,14.45,33.2,8.85,10.3,0.5181
3468730,"South Bound Brook borough, New Jersey",place,34,68730,,2023,4833,35.4,2250,661,145,1840,1829,2.63,102019.0,37783.0,794,4833,0.3644,1870,1829,41,1039,790,345300.0,1822.0,16,154,42,310,790,39.2,3340,858,343,374,615,151,2,33,2894,2622,272,3791,2520,1868,282,46,226,60335.0,2294,16.43,9.4,23.98,56.81,2.19,66.08,39.24,26.3,1.83,8.97,0.6187
3468850,"South Dennis CDP, New Jersey",place,34,68850,,2023,1579,38.8,1467,1,1,38,641,2.45,137083.0,49630.0,36,1579,0.2897,682,641,41,587,54,352800.0,,0,0,0,15,54,,1141,344,92,50,342,106,13,31,835,835,0,1254,806,686,79,2,21,20745.0,785,2.28,0.0,43.12,91.58,6.01,27.78,27.78,26.4,0.25,2.61,0.1363
3469390,"South Plainfield borough, New Jersey",place,34,69390,,2023,24231,41.7,13316,2655,3879,4517,8280,2.89,126063.0,49533.0,852,23988,0.348,8443,8280,163,7051,1229,443900.0,1928.0,224,76,81,171,1229,27.9,17530,4161,1251,1331,4330,2486,254,292,13686,12696,990,19707,12402,9376,988,259,1521,305150.0,10881,3.55,7.23,42.0,85.16,1.93,44.91,13.91,28.0,2.09,12.26,0.6256
3469420,"South River borough, New Jersey",place,34,69420,,2023,16007,36.5,9298,1886,681,4267,5570,2.87,101853.0,42195.0,1803,15962,0.4152,5789,5570,219,3659,1911,382500.0,1599.0,161,122,24,636,1911,31.3,10915,2876,781,836,2147,1033,176,43,8732,7887,773,12364,7807,5654,854,145,514,239915.0,7293,11.3,8.85,31.14,65.69,3.78,49.35,33.28,32.9,1.86,6.58,0.5758
3469480,"South Seaville CDP, New Jersey",place,34,69480,,2023,550,53.3,532,18,0,10,242,2.27,123409.0,65609.0,89,550,0.495,349,242,107,183,59,309300.0,,0,0,0,18,59,,385,104,3,0,50,55,27,33,313,266,47,515,250,221,29,0,0,7180.0,250,16.18,15.02,42.86,75.62,30.66,30.51,30.51,28.7,0.0,0.0,0.063
3469510,"South Toms River borough, New Jersey",place,34,69510,,2023,3701,33.4,1658,740,56,1526,1066,3.47,101466.0,31741.0,196,3701,0.2835,1112,1066,46,877,189,269200.0,2019.0,11,39,25,45,189,37.6,2260,894,163,204,312,50,7,0,2039,1864,161,2885,1838,1412,203,0,77,48600.0,1761,5.3,7.9,16.33,82.27,4.14,63.49,23.81,27.6,0.0,4.19,0.5891
3469810,"Spotswood borough, New Jersey",place,34,69810,,2023,8112,45.4,6412,117,620,994,3255,2.49,101388.0,47692.0,279,8112,0.4136,3297,3255,42,2745,510,359000.0,1097.0,50,37,48,152,510,34.1,6040,1751,372,533,1364,612,78,22,4287,3877,410,6742,3800,2893,244,94,498,101340.0,3302,3.44,9.56,34.37,84.33,1.27,56.27,29.8,30.7,2.47,13.11,0.3541
3469900,"Springdale CDP, New Jersey",place,34,69900,,2023,15672,47.1,11050,924,2359,771,5518,2.8,179531.0,77065.0,978,15477,0.4317,5780,5518,262,4690,828,454200.0,1193.0,155,66,32,217,828,32.7,11098,1103,379,603,3479,2612,1272,567,8113,7616,464,12421,7455,4387,239,381,2046,159890.0,5409,6.32,5.72,71.45,84.99,4.53,56.76,26.21,29.6,5.11,27.44,0.4743
3470018,"Springfield CDP, New Jersey",place,34,70018,,2023,1338,42.0,423,141,589,249,460,2.89,177045.0,83756.0,8,1338,0.3058,492,460,32,364,96,580900.0,2224.0,0,14,0,17,96,24.1,1077,65,54,85,655,50,3,6,974,963,11,1099,963,850,15,27,70,23230.0,893,0.6,1.13,66.3,79.13,6.5,32.29,17.71,26.0,2.8,7.27,0.6605
3470110,"Spring Lake borough, New Jersey",place,34,70110,,2023,2782,61.4,2654,3,1,35,1301,2.13,146976.0,119203.0,85,2782,0.5087,1991,1301,690,1148,153,2000001.0,2194.0,21,12,13,13,153,33.6,2369,162,38,100,896,664,226,139,1007,979,28,2519,979,625,0,53,263,24975.0,716,3.06,2.78,81.26,88.24,34.66,38.56,8.5,34.9,5.41,26.86,0.0897
3470140,"Spring Lake Heights borough, New Jersey",place,34,70140,,2023,4866,41.0,4480,0,77,280,2358,2.06,102829.0,68853.0,205,4866,0.4539,2743,2358,385,1418,940,648500.0,1817.0,123,42,78,228,940,31.3,3656,447,194,324,1369,467,181,75,2938,2798,140,4139,2798,1927,78,146,520,62990.0,2278,4.21,4.77,57.22,60.14,14.04,50.11,24.26,27.7,5.22,18.58,0.1488
3470380,"Stanhope borough, New Jersey",place,34,70380,,2023,3551,40.6,2963,109,13,418,1320,2.68,134583.0,50430.0,90,3536,0.3157,1359,1320,39,1118,202,326000.0,1796.0,8,0,17,80,202,32.5,2399,571,238,240,734,198,0,5,2112,2014,87,2802,2015,1516,160,37,260,63515.0,1755,2.55,4.12,39.06,84.7,2.87,51.98,39.6,36.2,1.84,12.9,0.2889
3470800,"Stewartsville CDP, New Jersey",place,34,70800,,2023,661,42.9,589,0,0,82,262,2.52,155588.0,65100.0,84,661,0.4025,262,262,0,227,35,439500.0,,0,0,0,0,35,,467,149,34,17,117,24,9,12,362,354,8,548,339,257,33,0,49,11470.0,290,12.71,2.21,34.69,86.64,0.0,0.0,0.0,39.6,0.0,14.45,0.1906
3470920,"Stirling CDP, New Jersey",place,34,70920,,2023,2868,36.0,2042,0,370,452,888,3.2,158043.0,63362.0,131,2868,0.4448,888,888,0,655,233,671800.0,1710.0,48,10,0,0,233,20.3,1902,259,90,259,660,453,0,45,1583,1500,83,2171,1466,1012,26,104,231,28075.0,1235,4.57,5.24,60.88,73.76,0.0,24.89,0.0,22.7,7.09,15.76,0.4516
3470980,"Stockton borough, New Jersey",place,34,70980,,2023,421,54.9,405,0,1,15,220,1.91,105263.0,65580.0,34,421,0.4249,235,220,15,151,69,414500.0,1647.0,2,0,3,9,69,21.0,343,86,20,17,93,56,18,12,246,228,18,381,228,181,7,2,36,6005.0,192,8.08,7.32,52.19,68.64,6.38,20.29,13.04,31.3,0.88,15.79,0.0733
3470984,"Stockton University CDP, New Jersey",place,34,70984,,2023,2801,20.3,1804,366,299,282,3,1.67,,6477.0,0,5,,3,3,0,3,0,,,0,0,0,0,0,,103,5,5,15,62,4,3,0,1421,1229,181,2801,895,426,21,100,107,14255.0,788,0.0,12.74,66.99,100.0,0.0,,,18.1,11.17,11.96,0.5466
3470987,"Stonebridge CDP, New Jersey",place,34,70987,,2023,1932,73.3,1849,29,26,17,1270,1.52,119732.0,86731.0,30,1932,0.2929,1270,1270,0,1248,22,608400.0,,0,0,0,0,22,,1932,294,53,68,733,414,114,36,355,329,26,1932,329,206,0,21,92,9435.0,237,1.55,7.32,67.13,98.27,0.0,0.0,0.0,39.8,6.38,27.96,0.0836
3471010,"Stone Harbor borough, New Jersey",place,34,71010,,2023,853,65.5,832,1,6,6,478,1.77,128235.0,136197.0,43,853,0.5778,3175,478,2697,404,74,1898800.0,1588.0,0,7,15,8,74,19.3,736,108,15,31,296,150,34,32,357,345,12,818,329,193,20,6,78,5735.0,251,5.04,3.36,69.57,84.52,84.94,40.54,10.81,22.8,1.82,23.71,0.0485
3471220,"Stratford borough, New Jersey",place,34,71220,,2023,6965,36.2,5022,560,221,910,2544,2.7,100735.0,45289.0,698,6868,0.4456,2574,2544,30,1846,698,238200.0,1172.0,79,8,0,260,698,30.8,5008,1431,306,449,1140,412,46,29,3961,3789,172,5699,3625,2668,259,205,412,98210.0,3213,10.16,4.34,32.49,72.56,1.17,49.71,37.25,30.6,5.66,11.37,0.4556
3471250,"Strathmere CDP, New Jersey",place,34,71250,,2023,134,53.9,134,0,0,0,75,1.79,106840.0,73042.0,0,134,0.1864,492,75,417,75,0,934000.0,,0,0,0,0,0,,134,0,0,0,20,53,9,0,89,56,33,134,56,47,0,0,9,,47,0.0,37.08,61.19,100.0,84.76,,,,0.0,16.07,0.0
3471280,"Strathmore CDP, New Jersey",place,34,71280,,2023,6593,42.8,5583,161,367,381,2479,2.65,155048.0,64028.0,182,6572,0.3508,2522,2479,43,2186,293,503600.0,1497.0,22,42,38,32,293,24.8,4770,685,171,313,1936,878,214,86,3864,3656,208,5387,3611,2478,136,355,538,118195.0,3073,2.77,5.38,65.28,88.18,1.7,45.73,10.92,38.5,9.83,14.9,0.2759
3471370,"Succasunna CDP, New Jersey",place,34,71370,,2023,9866,45.1,7852,241,480,1101,3325,2.91,164555.0,62704.0,359,9653,0.3509,3405,3325,80,3121,204,483300.0,2299.0,18,20,0,24,204,20.9,7246,1692,352,586,2255,1060,181,70,5675,5450,225,8157,5341,4213,137,50,878,135470.0,4463,3.72,3.96,49.21,93.86,2.35,30.39,11.76,30.4,0.94,16.44,0.3512
3471430,"Summit city, New Jersey",place,34,71430,,2023,22512,40.6,15615,1660,1817,2710,8130,2.75,199107.0,110417.0,871,22407,0.5148,8603,8130,473,5836,2294,969900.0,2308.0,119,124,186,352,2294,23.8,15062,1338,368,488,5252,3913,1226,563,12165,11638,527,17537,11214,5283,423,2071,2248,311970.0,8966,3.89,4.33,72.73,71.78,5.5,34.05,15.34,34.8,18.47,20.05,0.4924
3471628,"Sunset Lake CDP, New Jersey",place,34,71628,,2023,1341,30.7,340,612,355,36,313,4.27,53663.0,21345.0,601,1336,0.4554,313,313,0,199,114,539200.0,,0,100,0,0,114,,819,470,49,7,51,55,0,99,658,638,20,894,537,406,0,99,18,5205.0,519,44.99,3.04,25.03,63.58,0.0,87.72,0.0,10.0,18.44,3.35,0.6566
3471640,"Surf City borough, New Jersey",place,34,71640,,2023,1225,63.8,1195,0,19,11,638,1.92,118333.0,106130.0,61,1225,0.5473,2555,638,1917,587,51,967900.0,1750.0,5,0,0,18,51,32.0,1099,139,53,74,380,231,69,30,477,450,27,1167,439,261,5,5,153,10980.0,286,4.98,5.66,64.6,92.01,75.03,45.1,35.29,38.4,1.14,34.85,0.0481
3471670,"Sussex borough, New Jersey",place,34,71670,,2023,2004,43.8,1737,15,41,245,979,2.02,72601.0,49853.0,212,1997,0.5041,1023,979,44,358,621,258400.0,1422.0,61,27,90,114,621,29.2,1432,493,79,67,255,69,31,6,1127,1112,15,1727,1101,945,77,13,47,49050.0,1054,10.62,1.33,25.21,36.57,4.3,47.02,18.36,46.5,1.18,4.27,0.2333
3471850,"Swedesboro borough, New Jersey",place,34,71850,,2023,2720,34.3,1611,441,24,739,910,2.99,91000.0,36630.0,184,2720,0.4089,984,910,74,572,338,247500.0,1461.0,65,5,54,44,338,30.1,1692,548,84,146,290,132,35,0,1496,1431,65,1843,1429,1087,153,0,84,33215.0,1345,6.76,4.34,27.01,62.86,7.52,49.7,13.02,24.7,0.0,5.88,0.549
3471880,"Sweetwater CDP, New Jersey",place,34,71880,,2023,805,43.0,805,0,0,0,265,3.04,104191.0,38367.0,0,805,0.2129,265,265,0,248,17,521500.0,,0,0,0,0,17,,440,56,33,33,99,130,0,0,362,332,30,641,308,281,0,0,27,9145.0,281,0.0,8.29,52.05,93.58,0.0,0.0,0.0,32.5,0.0,8.77,0.0
3472240,"Tavistock borough, New Jersey",place,34,72240,,2023,12,75.3,12,0,0,0,5,2.4,,507108.0,0,12,0.1562,5,5,0,4,1,,,0,0,0,0,1,,10,0,0,0,10,0,0,0,10,10,0,10,10,2,8,0,0,,10,0.0,0.0,100.0,80.0,0.0,0.0,0.0,,0.0,0.0,0.0
3472420,"Tenafly borough, New Jersey",place,34,72420,,2023,15252,42.1,9211,189,4787,1146,5222,2.9,208088.0,105188.0,560,15193,0.4788,5415,5222,193,3768,1454,974300.0,3143.0,90,47,60,255,1454,24.1,9946,639,116,478,3612,2632,1260,372,7572,7034,532,11153,6956,3951,410,906,1646,220715.0,5310,3.69,7.03,79.19,72.16,3.56,31.09,17.54,41.6,13.02,23.66,0.531
3472435,"Ten Mile Run CDP, New Jersey",place,34,72435,,2023,2288,41.7,457,141,1513,129,654,3.5,158491.0,55547.0,0,2288,0.3758,654,654,0,529,125,652400.0,,20,0,0,0,125,22.5,1518,32,72,18,625,345,73,71,1339,1282,57,1776,1186,577,55,33,521,23240.0,665,0.0,4.26,73.39,80.89,0.0,16.0,0.0,34.9,2.78,43.93,0.5158
3472480,"Teterboro borough, New Jersey",place,34,72480,,2023,120,39.4,77,2,1,80,35,3.23,,21976.0,69,117,0.542,35,35,0,0,35,,1911.0,2,0,0,22,35,51.0,79,28,2,5,14,3,0,0,43,41,2,93,41,19,14,5,3,1250.0,38,58.97,4.65,21.52,0.0,0.0,68.57,62.86,32.9,12.2,7.32,0.1435
3472580,"The College of New Jersey CDP, New Jersey",place,34,72580,,2023,4103,19.8,2869,296,552,711,228,2.79,8493.0,6328.0,584,635,0.5957,530,228,302,0,228,,1671.0,0,0,0,173,228,51.0,79,0,0,19,36,24,0,0,1664,1401,263,4103,1177,497,33,23,121,15910.0,1056,91.97,15.81,75.95,0.0,56.98,75.88,75.88,15.1,1.95,10.28,0.4577
3472635,"The Hills CDP, New Jersey",place,34,72635,,2023,10732,46.9,6058,153,3447,737,5012,2.14,142750.0,90760.0,362,10732,0.4444,5126,5012,114,4180,832,570100.0,2240.0,34,22,49,175,832,26.1,8324,518,309,467,3038,2297,343,591,6406,6163,243,9130,6027,3941,178,192,1649,153095.0,4378,3.37,3.79,75.31,83.4,2.22,33.65,21.03,35.0,3.19,27.36,0.5733
3472726,"The Ponds CDP, New Jersey",place,34,72726,,2023,995,72.7,995,0,0,0,776,1.28,70825.0,56720.0,15,995,0.32,822,776,46,503,273,338800.0,1781.0,0,0,0,61,273,28.2,995,446,44,74,225,72,34,0,390,390,0,995,358,277,14,49,18,,340,1.51,0.0,33.27,64.82,5.6,22.34,22.34,,13.69,5.03,0.0
3472810,"Thorofare CDP, New Jersey",place,34,72810,,2023,2419,56.1,2149,96,0,123,1211,2.0,87344.0,48375.0,145,2419,0.4056,1237,1211,26,884,327,272700.0,1868.0,11,0,76,112,327,43.9,1937,638,204,225,301,105,49,40,1165,1159,6,2134,1159,932,66,55,65,38710.0,1094,5.99,0.52,25.55,73.0,2.1,60.86,34.25,35.4,4.75,5.61,0.2066
3472870,"Three Bridges CDP, New Jersey",place,34,72870,,2023,564,35.4,181,20,0,271,169,3.34,,30974.0,23,564,0.4334,179,169,10,72,97,525900.0,,0,0,83,14,97,,317,15,25,3,61,9,22,0,295,283,12,427,283,269,0,0,14,5800.0,269,4.08,4.07,29.02,42.6,5.59,100.0,14.43,21.6,0.0,4.95,0.6649
3473020,"Tinton Falls borough, New Jersey",place,34,73020,,2023,19252,47.1,14862,1221,1058,1795,8762,2.16,113844.0,71823.0,1649,19090,0.4881,9095,8762,333,7130,1632,458300.0,2103.0,7,120,89,699,1632,43.7,14293,2579,766,1400,4715,2013,412,522,10475,9740,730,16392,9482,6606,565,548,1563,254590.0,7919,8.64,6.97,53.61,81.37,3.66,56.07,42.83,32.1,5.78,16.48,0.3883
3473050,"Titusville CDP, New Jersey",place,34,73050,,2023,594,64.1,548,0,0,24,248,2.4,175855.0,67424.0,31,594,0.3342,313,248,65,230,18,344700.0,,0,0,0,0,18,,531,180,24,19,102,93,31,17,304,304,0,594,287,191,15,0,81,4745.0,206,5.22,0.0,45.76,92.74,20.77,0.0,0.0,23.0,0.0,28.22,0.1473
3473110,"Toms River CDP, New Jersey",place,34,73110,,2023,93915,41.6,74977,4796,3633,11057,35347,2.62,95759.0,48487.0,5816,92592,0.4448,39153,35347,3806,28781,6566,377800.0,1678.0,664,610,432,1510,6566,31.0,66070,19895,4509,5086,15242,6112,1244,657,48084,45589,2324,75323,44781,34246,3656,194,5695,1186380.0,39086,6.28,4.83,35.2,81.42,9.72,48.98,23.0,30.4,0.43,12.72,0.3447
3473140,"Totowa borough, New Jersey",place,34,73140,,2023,10919,43.1,7331,749,464,2576,3892,2.75,114177.0,48899.0,413,10781,0.4047,4002,3892,110,2962,930,507700.0,1703.0,305,14,21,67,930,30.0,7698,2007,372,474,2129,588,72,130,5791,5519,263,8673,5380,3924,524,125,793,125315.0,4587,3.83,4.54,37.92,76.1,2.75,43.76,7.2,27.3,2.32,14.74,0.4871
3473170,"Towaco CDP, New Jersey",place,34,73170,,2023,5627,46.4,4402,134,813,383,2024,2.75,197696.0,90740.0,89,5573,0.4808,2052,2024,28,1921,103,690900.0,2726.0,0,11,22,5,103,38.0,3924,626,57,108,1721,824,272,49,2943,2858,85,4488,2804,1935,65,161,631,72760.0,2173,1.6,2.89,73.04,94.91,1.36,36.89,4.85,33.5,5.74,22.5,0.3619
3474000,"Trenton city, New Jersey",place,34,74000,,2023,89966,35.4,16920,38677,498,39849,32104,2.7,47102.0,28026.0,21441,86928,0.5557,35871,32104,3767,11537,20567,122500.0,1224.0,1770,1285,1975,6459,20567,34.9,59049,19533,3530,2785,6960,2209,339,330,40501,36262,4239,67523,34972,20048,6532,2537,2149,877075.0,32823,24.67,10.47,16.66,35.94,10.5,55.86,31.4,26.7,7.25,6.14,0.5836
3474150,"Troy Hills CDP, New Jersey",place,34,74150,,2023,5183,46.7,2361,73,2515,177,1604,3.1,180618.0,60387.0,206,4934,0.3349,1657,1604,53,1471,133,634600.0,3250.0,17,11,0,9,133,20.4,3602,519,167,312,1031,990,46,179,2718,2641,77,4161,2595,1698,109,130,560,61650.0,2035,4.18,2.83,62.35,91.71,3.2,27.82,6.77,30.3,5.01,21.58,0.5557
3474180,"Tuckahoe CDP, New Jersey",place,34,74180,,2023,200,40.6,200,0,0,0,83,2.41,134514.0,51500.0,0,200,0.1843,91,83,8,83,0,313000.0,,0,0,0,0,0,,148,34,0,0,73,10,0,18,119,104,15,164,104,104,0,0,0,2855.0,104,0.0,12.61,68.24,100.0,8.79,,,27.5,0.0,0.0,0.0
3474210,"Tuckerton borough, New Jersey",place,34,74210,,2023,3616,54.0,3061,123,48,207,1691,2.1,78934.0,47691.0,244,3523,0.4114,1870,1691,179,1156,535,297200.0,1741.0,17,95,159,111,535,40.6,2860,708,219,227,710,221,19,13,1823,1671,152,3149,1632,1225,114,2,263,46055.0,1369,6.93,8.34,33.67,68.36,9.57,71.4,20.75,33.6,0.12,16.12,0.2788
3474270,"Turnersville CDP, New Jersey",place,34,74270,,2023,3071,42.0,2680,47,119,109,1110,2.76,156176.0,59835.0,34,3071,0.3513,1138,1110,28,1035,75,352600.0,,17,12,0,0,75,,2020,387,131,225,767,172,69,24,1824,1752,72,2505,1731,1210,114,65,261,46305.0,1470,1.11,3.95,51.09,93.24,2.46,38.67,0.0,31.5,3.76,15.08,0.2354
3474330,"Twin Rivers CDP, New Jersey",place,34,74330,,2023,8315,36.2,4222,993,647,3162,2984,2.79,98831.0,41373.0,251,8315,0.3641,3202,2984,218,2093,891,273900.0,1583.0,99,29,92,139,891,25.4,5515,1378,283,452,1388,506,0,16,5085,4905,180,6548,4706,3004,351,91,804,110380.0,3902,3.02,3.54,34.63,70.14,6.81,40.29,15.6,28.3,1.93,17.08,0.5773
3474478,"Union CDP, New Jersey",place,34,74478,,2023,3284,47.0,387,1658,340,681,1143,2.87,127411.0,47711.0,314,3275,0.3681,1182,1143,39,782,361,451500.0,1695.0,0,12,0,138,361,28.7,2731,409,89,113,685,216,52,0,2325,1951,374,2996,1938,1449,191,136,70,57145.0,1868,9.59,16.09,34.9,68.42,3.3,41.55,38.23,30.6,7.02,3.61,0.6775
3474540,"Union Beach borough, New Jersey",place,34,74540,,2023,5722,43.7,4609,105,156,929,2068,2.76,128400.0,54400.0,95,5722,0.345,2253,2068,185,1826,242,452900.0,1957.0,26,0,0,85,242,33.0,4245,1208,358,325,838,510,37,41,3771,3653,118,4738,3603,2793,370,215,177,107800.0,3426,1.66,3.13,33.59,88.3,8.21,45.87,35.12,31.5,5.97,4.91,0.3238
3474630,"Union City city, New Jersey",place,34,74630,,2023,66375,37.8,17135,3150,2639,54144,25782,2.56,65369.0,34036.0,14020,65818,0.4855,27442,25782,1660,5271,20511,446800.0,1489.0,1412,1475,1788,5843,20511,32.2,45368,12854,2014,2031,8846,2980,647,403,36713,33540,3128,53739,32460,10408,3248,11488,2316,991610.0,30144,21.3,8.52,28.38,20.44,6.05,51.28,28.49,32.9,35.39,7.13,0.2641
3474930,"Upper Greenwood Lake CDP, New Jersey",place,34,74930,,2023,3621,41.7,3263,27,36,396,1372,2.61,124297.0,64728.0,117,3610,0.4141,1495,1372,123,1219,153,331400.0,2120.0,32,0,0,56,153,51.0,2675,832,116,124,740,174,88,35,2309,2218,91,3010,2208,1597,187,60,364,98625.0,1844,3.24,3.94,38.77,88.85,8.23,57.52,36.6,53.5,2.72,16.49,0.1758
3475020,"Upper Montclair CDP, New Jersey",place,34,75020,,2023,12279,41.3,9321,603,539,800,3921,3.09,250001.0,115312.0,214,12105,0.4393,4212,3921,291,3396,525,968200.0,2290.0,32,15,94,73,525,26.0,7754,156,71,135,2766,2362,909,594,6228,5900,328,8945,5811,1952,113,1315,2287,153175.0,3524,1.77,5.27,85.52,86.61,6.91,40.76,13.9,43.5,22.63,39.36,0.4152
3475120,"Upper Pohatcong CDP, New Jersey",place,34,75120,,2023,1851,38.2,1458,66,21,301,725,2.55,101338.0,40449.0,159,1851,0.3071,725,725,0,641,84,238400.0,1556.0,14,0,14,13,84,32.0,1353,396,87,182,172,103,10,6,1059,1031,28,1554,1017,896,0,8,85,30815.0,932,8.59,2.64,21.51,88.41,0.0,48.81,15.48,33.1,0.79,8.36,0.3517
3475140,"Upper Saddle River borough, New Jersey",place,34,75140,,2023,8354,41.7,6229,124,1404,446,2623,3.18,246719.0,105062.0,364,8353,0.4652,2715,2623,92,2372,251,1101800.0,3501.0,10,0,59,80,251,42.3,5458,469,131,276,2391,885,679,102,4220,3887,333,6565,3822,1980,217,332,1206,91420.0,2616,4.36,7.89,74.33,90.43,3.39,59.36,31.87,34.9,8.69,31.55,0.4127
3475145,"Upper Stewartsville CDP, New Jersey",place,34,75145,,2023,256,37.7,256,0,0,0,89,2.88,,56445.0,0,256,0.4442,89,89,0,80,9,409100.0,,0,0,0,0,9,,180,9,0,15,68,50,0,0,123,108,15,217,108,76,0,0,32,,76,0.0,12.2,65.56,89.89,0.0,0.0,0.0,,0.0,29.63,0.0
3475590,"Vauxhall CDP, New Jersey",place,34,75590,,2023,5875,42.6,551,4304,168,627,1842,3.11,106962.0,36400.0,440,5730,0.3731,1891,1842,49,1024,818,354300.0,1853.0,12,68,228,139,818,37.4,3965,868,342,364,874,244,43,63,2959,2777,182,4507,2758,1902,201,292,151,76430.0,2607,7.68,6.15,30.87,55.59,2.59,54.65,16.99,29.3,10.59,5.47,0.4423
3475620,"Ventnor City city, New Jersey",place,34,75620,,2023,9220,56.1,6834,544,823,1311,4537,2.03,74619.0,55386.0,951,9209,0.5293,7813,4537,3276,2822,1715,345300.0,1477.0,73,115,244,362,1715,33.7,7467,2022,633,476,1634,819,262,109,4638,4283,355,8244,4191,2857,371,352,490,90110.0,3701,10.33,7.65,37.82,62.2,41.93,46.3,21.11,24.3,8.4,11.69,0.4189
3475745,"Vernon Center CDP, New Jersey",place,34,75745,,2023,1490,43.0,1219,42,22,236,986,1.5,74853.0,55189.0,100,1490,0.4042,1257,986,271,715,271,160300.0,1492.0,34,12,50,17,271,27.0,1204,233,240,101,240,104,14,10,1179,1163,16,1447,1163,913,57,0,184,42790.0,979,6.71,1.36,30.56,72.52,21.56,41.7,6.27,43.7,0.0,15.82,0.3046
3475750,"Vernon Valley CDP, New Jersey",place,34,75750,,2023,983,58.2,947,0,0,48,426,2.31,123707.0,49641.0,25,983,0.3305,426,426,0,426,0,321600.0,,0,0,0,0,0,,818,244,66,72,166,96,0,0,516,459,57,907,451,293,35,15,76,13740.0,375,2.54,11.05,32.03,100.0,0.0,,,36.6,3.33,16.85,0.0695
3475890,"Victory Gardens borough, New Jersey",place,34,75890,,2023,1891,39.7,473,185,21,1506,715,2.64,52235.0,24154.0,595,1891,0.382,735,715,20,207,508,224800.0,1430.0,44,33,47,201,508,40.6,1288,443,54,28,117,32,12,3,1087,996,91,1554,970,650,156,0,53,23080.0,917,31.46,8.37,12.73,28.95,2.72,63.98,39.57,25.2,0.0,5.46,0.2935
3475920,"Victory Lakes CDP, New Jersey",place,34,75920,,2023,1403,45.5,1314,73,1,50,608,2.3,97273.0,42334.0,165,1385,0.3278,656,608,48,563,45,228000.0,,0,0,0,21,45,,937,230,71,144,195,66,0,0,783,718,65,1158,718,610,84,0,13,22165.0,705,11.91,8.3,27.85,92.6,7.32,46.67,46.67,31.4,0.0,1.81,0.1189
3475950,"Vienna CDP, New Jersey",place,34,75950,,2023,940,43.0,585,0,112,250,279,3.37,124893.0,81521.0,11,940,0.4957,279,279,0,279,0,436300.0,,0,0,0,0,0,,673,125,19,0,200,84,0,0,523,523,0,808,523,346,124,0,53,15670.0,470,1.17,0.0,42.2,100.0,0.0,,,33.3,0.0,10.13,0.5278
3476010,"Villas CDP, New Jersey",place,34,76010,,2023,9897,44.6,9106,0,4,534,4603,2.15,74203.0,40039.0,1659,9897,0.4544,6392,4603,1789,4038,565,290000.0,1418.0,0,0,37,242,565,46.2,7286,2672,1103,581,1317,397,66,0,4499,4087,412,7967,3984,3039,520,12,174,75815.0,3810,16.76,9.16,24.43,87.73,27.99,49.38,42.83,19.9,0.3,4.37,0.1505
3476040,"Vincentown CDP, New Jersey",place,34,76040,,2023,490,39.6,373,10,7,21,210,2.28,99716.0,51790.0,79,483,0.3124,261,210,51,167,43,245500.0,3070.0,0,0,0,25,43,51.0,370,102,18,28,81,66,0,12,304,274,9,395,290,280,0,0,5,10310.0,285,16.36,2.96,42.97,79.52,19.54,58.14,58.14,36.2,0.0,1.72,0.4181
3476070,"Vineland city, New Jersey",place,34,76070,,2023,60692,38.8,31727,7895,872,27393,21945,2.7,65854.0,33082.0,8346,59957,0.4503,23093,21945,1148,15076,6869,218200.0,1207.0,576,312,556,2029,6869,31.1,40530,10479,2333,3635,6190,2299,634,364,28633,26169,2430,47310,25102,20353,2617,203,1274,572000.0,23828,13.92,8.49,23.41,68.7,4.97,50.56,29.54,24.0,0.81,5.08,0.5059
3476107,"Vista Center CDP, New Jersey",place,34,76107,,2023,2235,65.7,2159,29,47,215,1047,2.09,131194.0,63742.0,61,2189,0.3509,1058,1047,11,1019,28,576600.0,,0,0,0,28,28,,1931,285,101,144,643,450,15,0,898,879,19,1996,850,716,0,0,100,18115.0,750,2.79,2.12,57.38,97.33,1.04,100.0,100.0,24.2,0.0,11.76,0.057
3476250,"Voorhees CDP, New Jersey",place,34,76250,,2023,1775,32.6,181,756,334,552,490,3.62,66927.0,29400.0,323,1775,0.4449,510,490,20,195,295,361300.0,1489.0,94,18,0,76,295,32.2,1083,140,81,56,153,89,5,22,925,774,151,1412,724,379,85,35,103,20210.0,621,18.2,16.32,24.84,39.8,3.92,63.73,25.76,32.5,4.83,14.23,0.6761
3476400,"Waldwick borough, New Jersey",place,34,76400,,2023,10090,39.5,8018,91,755,1714,3434,2.94,155526.0,62707.0,221,10081,0.3755,3486,3434,52,3019,415,576200.0,3189.0,14,27,0,208,415,51.0,6985,1357,350,373,2585,1040,213,153,5530,5383,147,7763,5143,3486,153,386,928,116445.0,4215,2.19,2.66,57.14,87.91,1.49,60.0,50.12,27.6,7.51,18.04,0.334
3476490,"Wallington borough, New Jersey",place,34,76490,,2023,11825,39.0,8705,523,430,2332,4905,2.41,82422.0,42446.0,1424,11770,0.4509,5153,4905,248,1900,3005,493700.0,1568.0,256,113,221,683,3005,28.0,8647,2483,286,897,2213,775,165,40,6335,5766,569,9653,5538,4229,333,382,262,158095.0,5276,12.1,8.98,36.93,38.74,4.81,42.36,22.73,30.0,6.9,4.73,0.4159
3476700,"Wanamassa CDP, New Jersey",place,34,76700,,2023,4344,43.4,4143,1,77,206,1623,2.67,167712.0,60522.0,284,4344,0.358,1708,1623,85,1438,185,526400.0,1836.0,0,0,0,62,185,23.8,3029,405,193,156,1166,534,195,122,2648,2573,75,3389,2392,1634,15,34,631,48350.0,1761,6.54,2.83,66.59,88.6,4.98,33.51,33.51,27.5,1.42,26.38,0.0878
3476730,"Wanaque borough, New Jersey",place,34,76730,,2023,11162,47.3,8557,303,497,1747,4350,2.48,112326.0,49885.0,640,10872,0.3459,4425,4350,75,3415,935,366400.0,1885.0,55,50,137,155,935,29.1,8535,2598,472,619,2412,716,139,155,6446,6182,264,9550,5980,4775,424,75,403,174550.0,5577,5.89,4.1,40.09,78.51,1.69,42.46,16.58,31.3,1.25,6.74,0.3851
3476820,"Waretown CDP, New Jersey",place,34,76820,,2023,1894,41.4,1758,59,0,0,727,2.61,118450.0,46828.0,77,1894,0.2992,852,727,125,610,117,498600.0,,0,0,0,0,117,,1267,354,40,75,359,68,0,0,956,856,100,1510,715,602,36,14,35,31355.0,680,4.07,10.46,33.7,83.91,14.67,0.0,0.0,46.1,1.96,4.9,0.1375
3477270,"Washington borough, New Jersey",place,34,77270,,2023,7287,39.1,5558,327,130,1127,3047,2.38,79280.0,39722.0,839,7287,0.4352,3124,3047,77,1711,1336,260200.0,1374.0,106,77,58,450,1336,31.9,4891,1639,526,529,1075,309,0,58,3981,3802,179,5772,3626,2811,172,84,474,115135.0,3152,11.51,4.5,29.48,56.15,2.46,51.72,33.68,36.5,2.32,13.07,0.392
3477330,"Washington Crossing CDP, New Jersey",place,34,77330,,2023,487,36.0,487,0,0,13,168,2.9,155060.0,43399.0,16,487,0.2721,168,168,0,168,0,381300.0,,0,0,0,0,0,,309,81,0,36,42,27,0,0,317,317,0,397,317,256,14,0,47,7075.0,270,3.29,0.0,22.33,100.0,0.0,,,26.2,0.0,14.83,-0.0007
3477600,"Watchung borough, New Jersey",place,34,77600,,2023,6429,46.4,5065,86,737,571,2327,2.68,166536.0,85269.0,130,6202,0.4581,2429,2327,102,2034,293,833300.0,2571.0,39,28,44,54,293,34.9,4692,606,228,309,1751,752,353,89,3396,3123,273,5148,3044,1915,33,210,845,70420.0,2199,2.1,8.04,62.77,87.41,4.2,56.31,18.43,32.0,6.9,27.76,0.3581
3477750,"Watsessing CDP, New Jersey",place,34,77750,,2023,7944,37.8,3495,2591,465,1861,3617,2.17,94301.0,56531.0,593,7874,0.4571,3737,3617,120,1162,2455,418500.0,1997.0,114,187,46,673,2455,27.7,6027,1197,271,265,2148,790,275,43,5653,5275,378,6980,5166,2796,295,853,1030,134870.0,4136,7.53,6.69,54.02,32.13,3.21,41.55,27.41,32.6,16.51,19.94,0.6418
3478110,"Wenonah borough, New Jersey",place,34,78110,,2023,2248,40.7,2042,1,22,31,810,2.77,130473.0,66725.0,46,2222,0.4259,868,810,58,733,77,341300.0,1156.0,0,11,6,5,77,22.6,1509,277,53,166,465,237,71,63,1201,1143,58,1789,1142,860,57,5,190,26765.0,952,2.07,4.83,55.4,90.49,6.68,28.57,6.49,28.1,0.44,16.64,0.1746
3478350,"West Belmar CDP, New Jersey",place,34,78350,,2023,2682,44.1,2363,72,7,264,1133,2.37,113083.0,56271.0,26,2682,0.2788,1251,1133,118,997,136,490000.0,1661.0,39,0,0,15,136,23.6,2130,499,74,337,605,270,57,0,1535,1509,18,2267,1488,1111,41,19,298,33915.0,1190,0.97,1.17,43.76,88.0,9.43,39.71,11.03,28.5,1.28,20.03,0.2133
3478410,"West Berlin CDP, New Jersey",place,34,78410,,2023,2533,51.3,1605,178,372,367,1060,2.39,75000.0,37883.0,151,2533,0.35,1060,1060,0,840,220,224800.0,1321.0,0,0,47,24,220,26.3,2114,676,46,82,438,56,0,0,1644,1623,21,2277,1382,1215,60,0,62,44380.0,1320,5.96,1.28,23.37,79.25,0.0,32.27,10.91,33.6,0.0,4.49,0.551
3478530,"West Cape May borough, New Jersey",place,34,78530,,2023,934,59.4,817,30,0,88,444,2.1,79375.0,53959.0,44,934,0.4574,1032,444,588,373,71,698300.0,1352.0,12,14,3,16,71,34.0,743,134,37,79,193,115,32,20,461,452,9,799,443,206,51,4,96,4745.0,347,4.71,1.95,48.45,84.01,56.98,63.38,22.54,13.7,0.9,21.67,0.2249
3479040,"Westfield town, New Jersey",place,34,79040,,2023,30760,41.0,23928,745,2698,2631,10676,2.86,212700.0,104216.0,630,30568,0.4759,11093,10676,417,8568,2108,930500.0,2211.0,167,83,50,355,2108,26.4,20161,1806,437,753,7961,5155,1720,622,15392,14857,535,22920,14766,7342,226,1818,5013,352960.0,9753,2.06,3.48,76.67,80.25,3.76,31.07,16.84,36.2,12.31,33.95,0.3793
3479100,"West Freehold CDP, New Jersey",place,34,79100,,2023,14233,40.6,11687,402,507,2296,5392,2.61,120570.0,56796.0,589,14114,0.4213,5485,5392,93,4656,736,507600.0,2107.0,42,58,16,355,736,48.8,9669,1606,440,865,3293,1574,164,142,7569,7277,292,11179,7225,4682,362,295,1729,164640.0,5496,4.17,3.86,53.5,86.35,1.7,63.99,48.23,30.0,4.08,23.93,0.2977
3479310,"West Long Branch borough, New Jersey",place,34,79310,,2023,8576,30.4,7177,471,91,598,2771,2.6,123661.0,53217.0,198,7198,0.4485,3030,2771,259,1982,789,631300.0,1936.0,88,11,40,342,789,41.5,5042,964,320,378,1460,666,128,59,4452,4152,300,7082,3913,2608,145,125,811,90470.0,3102,2.75,6.74,45.87,71.53,8.55,60.96,43.35,29.2,3.19,20.73,0.2917
3479520,"Westmont CDP, New Jersey",place,34,79520,,2023,13870,40.9,12098,533,313,434,6334,2.19,111589.0,56504.0,899,13863,0.4136,6826,6334,492,4112,2222,374300.0,1728.0,283,143,77,451,2222,29.4,10104,1475,487,723,3532,1501,506,404,8000,7208,781,11163,7073,4447,186,528,1765,140645.0,5308,6.48,9.76,58.82,64.92,7.21,42.93,20.3,26.5,7.47,24.95,0.2362
3479610,"West New York town, New Jersey",place,34,79610,,2023,51683,37.3,16626,1616,3937,39448,20645,2.5,67139.0,38488.0,10947,51180,0.5005,22165,20645,1520,4508,16137,410200.0,1607.0,1495,890,1222,4892,16137,32.0,37249,8861,1237,1684,7386,3832,783,493,29853,27526,2327,42470,27010,7612,2117,10678,3578,832805.0,23432,21.39,7.79,33.54,21.84,6.86,52.67,30.32,35.5,39.53,13.25,0.3072
3479715,"Weston CDP, New Jersey",place,34,79715,,2023,2111,71.9,1396,103,542,0,1203,1.75,86595.0,68532.0,19,2111,0.4065,1250,1203,47,1185,18,547200.0,,0,0,0,18,18,,2090,335,114,154,526,475,244,55,616,582,34,2111,582,453,0,21,108,19195.0,474,0.9,5.52,62.2,98.5,3.76,100.0,100.0,40.5,3.61,18.56,0.4944
3479810,"West Park CDP, New Jersey",place,34,79810,,2023,1521,42.6,868,114,1,377,675,2.25,73397.0,45758.0,272,1521,0.5191,712,675,37,455,220,224000.0,1282.0,0,0,10,139,220,51.0,1024,394,88,97,143,95,0,0,830,789,41,1199,776,678,57,0,32,17470.0,744,17.88,4.94,23.24,67.41,5.2,67.73,63.18,23.5,0.0,4.12,0.6073
3480120,"Westville borough, New Jersey",place,34,80120,,2023,4285,42.8,2955,735,162,418,1906,2.24,78333.0,39174.0,729,4285,0.4406,2099,1906,193,1160,746,183500.0,1096.0,56,19,53,370,746,51.0,3222,1126,246,429,489,80,80,0,2479,2328,151,3491,2263,1559,285,157,182,60395.0,2081,17.01,6.09,20.14,60.86,9.19,66.76,49.6,29.0,6.94,8.04,0.4841
3480210,"West Wildwood borough, New Jersey",place,34,80210,,2023,564,63.3,453,17,0,19,275,2.0,64750.0,41010.0,20,564,0.3698,867,275,592,250,25,364900.0,1400.0,0,0,0,6,25,19.6,464,164,27,37,58,21,5,3,196,174,22,478,174,136,6,3,21,3010.0,153,3.55,11.22,18.75,90.91,68.28,24.0,24.0,19.7,1.72,12.07,0.3528
3480270,"Westwood borough, New Jersey",place,34,80270,,2023,11221,41.7,7699,358,932,2156,4195,2.66,169026.0,64396.0,483,11140,0.3552,4444,4195,249,2771,1424,587700.0,2351.0,156,35,125,317,1424,29.0,7897,1062,216,577,2667,1419,224,95,6832,6656,176,9204,6572,4025,579,313,1158,156120.0,5414,4.34,2.58,55.78,66.05,5.6,44.45,22.26,28.8,4.76,17.62,0.4844
3480390,"Wharton borough, New Jersey",place,34,80390,,2023,7254,39.4,4624,3,58,3707,2923,2.48,92548.0,47966.0,1362,7254,0.4514,2923,2923,0,1565,1358,348100.0,1886.0,19,63,320,253,1358,29.9,5381,1861,413,274,1167,321,17,72,4190,4050,140,5909,3909,2908,501,63,315,110035.0,3594,18.78,3.34,29.31,53.54,0.0,48.23,18.63,30.6,1.61,8.06,0.3325
3480540,"Whippany CDP, New Jersey",place,34,80540,,2023,8862,49.4,6445,20,1142,776,3655,2.39,153725.0,77553.0,318,8760,0.4194,3691,3655,36,3247,408,612500.0,2619.0,45,19,74,76,408,35.0,6489,1399,232,503,1887,1044,337,311,4837,4636,201,7512,4608,3244,203,147,1009,92900.0,3599,3.63,4.16,55.15,88.84,0.98,52.45,18.63,25.8,3.19,21.9,0.4468
3480630,"White Horse CDP, New Jersey",place,34,80630,,2023,10040,42.6,7556,605,343,1947,3916,2.56,100896.0,47449.0,347,10040,0.3996,4058,3916,142,3412,504,274300.0,1627.0,85,0,61,84,504,30.9,7550,2900,523,510,1658,620,51,9,5475,5184,231,8843,5218,4230,389,107,477,133465.0,4741,3.46,4.22,30.97,87.13,3.5,45.63,16.67,28.2,2.05,9.14,0.3912
3480720,"White House Station CDP, New Jersey",place,34,80720,,2023,3758,49.1,3241,7,277,215,1688,2.23,85000.0,59975.0,142,3758,0.4444,1726,1688,38,1463,225,426200.0,1667.0,30,18,0,40,225,32.0,2923,781,213,160,887,534,105,69,1797,1686,111,3261,1562,1330,59,0,159,40475.0,1403,3.78,6.18,54.57,86.67,2.2,39.11,17.78,28.8,0.0,10.18,0.2475
3480750,"White Meadow Lake CDP, New Jersey",place,34,80750,,2023,8706,40.6,7183,150,374,1215,2848,3.05,150042.0,62002.0,146,8706,0.3718,2881,2848,33,2586,262,441000.0,2623.0,109,0,17,16,262,31.3,5783,992,321,419,2029,1122,109,69,4934,4655,279,6701,4624,3135,209,28,1240,96400.0,3384,1.68,5.65,57.57,90.8,1.15,54.2,6.11,28.5,0.61,26.82,0.2977
3480840,"Whitesboro CDP, New Jersey",place,34,80840,,2023,2946,38.7,1738,726,29,807,1187,2.48,94145.0,38820.0,324,2946,0.4548,1410,1187,223,1068,119,242100.0,,0,0,0,119,119,,2026,803,47,227,345,17,17,0,1434,1272,162,2226,1272,794,205,106,126,19620.0,1146,11.0,11.3,18.71,89.97,15.82,100.0,100.0,17.1,8.33,9.91,0.5161
3481042,"Whittingham CDP, New Jersey",place,34,81042,,2023,2516,75.7,2311,16,134,29,1587,1.59,75764.0,57566.0,161,2516,0.3898,1719,1587,132,1552,35,386600.0,,0,0,0,0,35,,2516,639,141,71,594,406,76,31,380,371,9,2516,371,202,9,29,119,10460.0,252,6.4,2.37,44.0,97.79,7.68,0.0,0.0,41.5,7.82,32.08,0.1533
3481170,"Wildwood city, New Jersey",place,34,81170,,2023,5140,47.7,3783,386,8,1631,2609,1.96,51996.0,40173.0,930,5127,0.4876,6619,2609,4010,974,1635,361200.0,1255.0,184,27,283,497,1635,40.6,3832,1546,242,271,357,190,20,10,2652,2406,244,4342,2336,1190,210,49,187,46140.0,2149,18.14,9.2,15.06,37.33,60.58,60.61,30.4,21.5,2.1,8.01,0.352
3481200,"Wildwood Crest borough, New Jersey",place,34,81200,,2023,3094,61.0,2813,25,14,21,1904,1.63,82143.0,58623.0,264,3094,0.4347,5654,1904,3750,1511,393,526600.0,950.0,74,112,22,44,393,34.6,2750,752,128,206,856,228,129,33,1550,1385,165,2894,1358,691,261,25,207,22465.0,1151,8.53,10.65,45.31,79.36,66.32,64.12,11.2,19.5,1.84,15.24,0.1733
3481365,"William Paterson University of New Jersey CDP, New Jersey",place,34,81365,,2023,1240,19.8,542,449,95,264,0,,,6662.0,0,0,,0,0,0,0,0,,,0,0,0,0,0,,23,0,0,6,6,11,0,0,647,585,62,1240,500,122,93,22,17,11880.0,483,,9.58,73.91,,,,,24.6,4.4,3.4,0.6266
3481380,"Williamstown CDP, New Jersey",place,34,81380,,2023,14855,40.6,11555,1423,130,1109,5854,2.51,87021.0,42041.0,1068,14694,0.4124,6082,5854,228,4659,1195,255000.0,1262.0,19,49,67,394,1195,28.9,10537,3049,1072,1157,2136,600,155,9,8150,7669,459,12143,7571,6135,582,144,663,241535.0,6908,7.27,5.63,27.52,79.59,3.75,44.27,32.97,35.0,1.9,8.76,0.3801
3481620,"Windsor CDP, New Jersey",place,34,81620,,2023,381,64.1,253,14,38,90,152,2.41,,38811.0,0,381,0.358,152,152,0,63,89,479500.0,,56,0,0,0,89,,284,76,14,0,12,40,0,51,161,161,0,350,161,100,23,14,24,2230.0,137,0.0,0.0,36.27,41.45,0.0,62.92,0.0,16.3,8.7,14.91,0.492
3481890,"Woodbine borough, New Jersey",place,34,81890,,2023,2083,44.3,1014,518,4,532,789,2.29,45179.0,26167.0,549,2081,0.4315,1141,789,352,464,325,199800.0,885.0,129,4,22,54,325,32.3,1540,506,64,137,97,43,5,3,861,799,62,1703,771,671,44,9,8,16870.0,763,26.38,7.2,9.61,58.81,30.85,64.31,16.62,22.1,1.17,1.04,0.636
3481950,"Woodbridge CDP, New Jersey",place,34,81950,,2023,20086,38.9,9383,2428,4127,5627,7733,2.59,99718.0,44442.0,1461,19977,0.36,8132,7733,399,4093,3640,361200.0,2077.0,133,352,156,822,3640,27.0,14364,3270,835,1561,2916,1626,245,138,11214,10531,683,16228,10373,6891,691,952,1188,288325.0,9185,7.31,6.09,34.29,52.93,4.91,40.19,22.58,31.4,9.18,11.45,0.6465
3482120,"Woodbury city, New Jersey",place,34,82120,,2023,9992,39.4,5280,2465,157,1709,4053,2.45,74769.0,37841.0,1386,9985,0.4231,4591,4053,538,2637,1416,207900.0,957.0,76,182,36,409,1416,32.7,6832,1866,447,572,1190,541,137,90,5551,5147,404,8362,4686,3241,418,266,542,102915.0,4144,13.88,7.28,28.66,65.06,11.72,49.65,28.88,24.8,5.68,11.57,0.6304
3482180,"Woodbury Heights borough, New Jersey",place,34,82180,,2023,3116,42.8,2749,39,47,224,1081,2.87,130101.0,50810.0,163,3116,0.3689,1116,1081,35,1024,57,260000.0,1353.0,4,12,0,8,57,31.9,2255,684,201,236,483,192,26,22,1702,1669,33,2554,1627,1344,89,30,109,37885.0,1518,5.23,1.94,32.06,94.73,3.14,42.11,14.04,25.0,1.84,6.7,0.2161
3482300,"Woodcliff Lake borough, New Jersey",place,34,82300,,2023,6097,45.2,4613,71,549,485,2123,2.83,211233.0,79675.0,126,6037,0.3724,2221,2123,98,1882,241,901800.0,2629.0,23,51,0,111,241,51.0,4269,331,77,112,1987,871,358,90,3023,2714,309,4855,2694,1619,113,169,645,62530.0,2049,2.09,10.22,77.44,88.65,4.41,76.76,46.06,30.5,6.27,23.94,0.413
3482423,"Woodland Park borough, New Jersey",place,34,82423,,2023,13284,44.3,8818,757,776,4250,5383,2.47,85638.0,45442.0,810,13200,0.4172,5527,5383,144,3294,2089,475400.0,1773.0,119,197,161,577,2089,32.2,9358,2635,656,560,2418,751,246,26,7050,6625,425,11028,6431,4806,629,152,672,130775.0,5759,6.14,6.03,36.77,61.19,2.61,50.45,27.62,22.7,2.36,10.45,0.4503
3482450,"Woodlynne borough, New Jersey",place,34,82450,,2023,2899,33.4,749,790,202,1334,853,3.4,71635.0,27039.0,456,2871,0.3954,1073,853,220,452,401,129900.0,1595.0,16,93,22,65,401,30.5,1737,606,57,92,213,74,22,0,1418,1275,143,2044,1266,947,132,82,50,26375.0,1216,15.88,10.08,17.79,52.99,20.5,48.88,16.21,21.7,6.48,3.95,0.6424
3482570,"Wood-Ridge borough, New Jersey",place,34,82570,,2023,10094,39.7,5852,459,2183,1900,3821,2.64,131412.0,66404.0,654,10093,0.43,3888,3821,67,2469,1352,532900.0,1886.0,62,62,148,221,1352,22.3,7316,1219,301,774,2223,1259,231,202,6097,5813,284,8378,5786,3765,64,983,745,164430.0,5041,6.48,4.66,53.51,64.62,1.72,36.46,16.35,32.6,16.99,12.88,0.5796
3482720,"Woodstown borough, New Jersey",place,34,82720,,2023,3690,42.2,2972,111,0,497,1352,2.72,101855.0,43753.0,277,3674,0.3893,1604,1352,252,843,509,231700.0,1223.0,62,21,34,51,509,26.7,2384,523,209,162,663,216,82,43,1880,1777,103,2855,1739,1292,99,0,300,39095.0,1439,7.54,5.48,42.11,62.35,15.71,33.01,10.02,27.2,0.0,17.25,0.3323
3482960,"Wrightstown borough, New Jersey",place,34,82960,,2023,522,32.1,271,189,17,63,214,2.44,52222.0,34091.0,80,522,0.4709,244,214,30,95,119,224000.0,1114.0,0,5,3,34,119,25.5,320,75,39,24,47,13,0,5,239,225,9,408,225,171,13,0,18,5660.0,207,15.33,3.77,20.31,44.39,12.3,35.29,28.57,27.3,0.0,8.0,0.5838
3483170,"Yardville CDP, New Jersey",place,34,83170,,2023,6266,46.5,4873,285,147,597,2655,2.36,100776.0,46726.0,820,6265,0.389,2782,2655,127,2029,626,326400.0,1614.0,76,0,0,313,626,51.0,4644,1232,295,520,1188,265,30,0,3164,2837,327,5270,2761,2308,33,40,284,78565.0,2477,13.09,10.34,31.93,76.42,4.57,62.14,50.0,31.7,1.45,10.29,0.3835
3483245,"Yorketown CDP, New Jersey",place,34,83245,,2023,7265,37.3,6570,204,139,731,2205,3.24,163375.0,57541.0,311,7159,0.3762,2234,2205,29,2127,78,575700.0,2607.0,42,0,0,13,78,32.6,4720,840,457,326,1441,711,108,112,3919,3798,121,5563,3734,2325,360,254,688,133170.0,3046,4.34,3.09,50.25,96.46,1.3,70.51,16.67,43.7,6.8,18.43,0.1709
3483290,"Zarephath CDP, New Jersey",place,34,83290,,2023,38,,0,19,19,0,0,,,,0,0,,44,0,44,0,0,,,0,0,0,0,0,,0,0,0,0,0,0,0,0,19,19,0,38,19,0,0,0,0,,19,,0.0,,,100.0,,,,0.0,0.0,0.5
