geoid,NAME,geo_type,state_fips,place_fips,zcta,acs_year,pop_total,age_median,race_white,race_black,race_asian,race_hispanic,households,avg_household_size,income_median_hh,income_per_capita,poverty_count,poverty_universe,gini_index,housing_units_total,housing_occupied,housing_vacant,housing_owner_occ,housing_renter_occ,home_value_median,gross_rent_median,rent_burden_30_34pct,rent_burden_35_39pct,rent_burden_40_49pct,rent_burden_50plus_pct,rent_burden_universe,gross_rent_pct_income,edu_total_25plus,edu_hs_grad,edu_some_college,edu_associates,edu_bachelors,edu_masters,edu_professional,edu_doctorate,labor_force,employed,unemployed,labor_force_universe,commute_total,commute_car_alone,commute_carpool,commute_transit,commute_wfh,travel_time_aggregate,travel_time_universe,poverty_rate,unemployment_rate_acs,pct_bachelors_plus,homeownership_rate,vacancy_rate,rent_burden_30plus_pct,rent_burden_severe_pct,avg_commute_minutes,pct_transit_commute,pct_wfh,diversity_index
07001,ZCTA5 07001,zcta,,,07001,2023,17143,39.3,6147,4764,3419,3631,5629,2.49,95935.0,38824.0,1197,14051,0.4135,5693,5629,64,2799,2830,351200.0,1839.0,70,123,513,374,2830,26.9,12997,3618,719,1000,2379,1279,124,39,8060,7654,406,14324,7527,5374,516,775,667,232995.0,6860,8.52,5.04,29.4,49.72,1.12,38.16,13.22,34.0,10.3,8.86,0.7096
07002,ZCTA5 07002,zcta,,,07002,2023,70468,38.6,36296,8237,7261,22065,28325,2.48,81285.0,41472.0,10107,70350,0.4567,30161,28325,1836,10604,17721,446100.0,1593.0,1740,854,1587,3878,17721,29.0,49773,12859,2078,3360,13987,4424,926,417,36506,34325,2044,56003,33853,16746,2546,7084,4512,999195.0,29341,14.37,5.6,39.69,37.44,6.09,45.48,21.88,34.1,20.93,13.33,0.6124
07003,ZCTA5 07003,zcta,,,07003,2023,52921,38.1,25034,9435,5212,14936,21075,2.48,98805.0,50433.0,4593,52166,0.4316,21692,21075,617,10985,10090,447600.0,1775.0,942,701,512,2556,10090,29.4,37787,8070,1928,2473,11926,4758,1040,657,31801,29853,1948,43883,28912,16172,2477,3835,5231,795195.0,23681,8.8,6.13,48.64,52.12,2.84,46.69,25.33,33.6,13.26,18.09,0.6551
07004,ZCTA5 07004,zcta,,,07004,2023,7712,49.8,6660,91,207,782,3003,2.57,113750.0,58846.0,774,7712,0.4414,3054,3003,51,2382,621,651800.0,2576.0,84,23,214,186,621,44.6,5824,1328,224,272,1845,907,233,13,3877,3395,482,6161,3242,2581,96,112,400,68670.0,2842,10.04,12.43,51.48,79.32,1.67,81.64,29.95,24.2,3.45,12.34,0.2431
07005,ZCTA5 07005,zcta,,,07005,2023,15240,42.0,11548,642,1146,1834,5745,2.61,126411.0,63569.0,780,15050,0.4506,6115,5745,370,4076,1669,565900.0,1779.0,108,80,67,492,1669,28.8,10589,2122,487,566,3494,1722,513,157,8464,8042,422,12295,7942,5779,355,132,1507,167845.0,6435,5.18,4.99,55.59,70.95,6.05,44.76,29.48,26.1,1.66,18.98,0.4039
07006,ZCTA5 07006,zcta,,,07006,2023,26417,42.8,20376,780,2181,2824,9934,2.58,148645.0,74832.0,896,25672,0.4599,10183,9934,249,7303,2631,667300.0,1973.0,195,180,368,475,2631,30.0,18662,2449,722,1291,6397,4151,968,602,14942,14276,666,21172,14109,9849,567,674,2707,315230.0,11402,3.49,4.46,64.93,73.52,2.45,46.29,18.05,27.6,4.78,19.19,0.3859
07008,ZCTA5 07008,zcta,,,07008,2023,25220,39.3,6865,4366,6163,8577,8332,3.02,87712.0,36319.0,2514,25123,0.4245,8717,8332,385,4607,3725,370100.0,2012.0,582,150,224,462,3725,26.6,16844,4753,1388,1175,3417,1025,148,75,13131,11983,1148,20368,11687,7987,1159,907,1071,341870.0,10616,10.01,8.74,27.7,55.29,4.42,38.07,12.4,32.2,7.76,9.16,0.7206
07009,ZCTA5 07009,zcta,,,07009,2023,13317,45.3,10667,593,1048,1042,4974,2.54,153654.0,66707.0,421,12574,0.4155,5107,4974,133,4149,825,600800.0,1693.0,73,49,16,143,825,26.7,9724,1659,761,475,3432,1506,494,250,6855,6236,619,10845,6193,3611,374,729,1374,166375.0,4819,3.35,9.03,58.43,83.41,2.6,34.06,17.33,34.5,11.77,22.19,0.3441
07010,ZCTA5 07010,zcta,,,07010,2023,25580,41.0,13881,845,3402,8293,10615,2.41,94960.0,51220.0,2873,25455,0.4913,11223,10615,608,5291,5324,577200.0,1783.0,207,470,535,1244,5324,29.3,18897,3800,590,1344,4861,2176,520,458,13669,13008,661,21545,12705,5855,1321,2232,2233,364195.0,10472,11.29,4.84,42.41,49.84,5.42,46.13,23.37,34.8,17.57,17.58,0.5816
07011,ZCTA5 07011,zcta,,,07011,2023,38817,39.9,17561,2306,1548,21711,13688,2.81,73589.0,33799.0,4010,38580,0.4385,14198,13688,510,6184,7504,403200.0,1613.0,496,391,788,2447,7504,35.1,27867,9191,1519,1681,4973,1081,97,127,21859,20521,1338,31786,19777,13838,1847,1628,1415,495310.0,18362,10.39,6.12,22.53,45.18,3.59,54.93,32.61,27.0,8.23,7.15,0.4774
07012,ZCTA5 07012,zcta,,,07012,2023,15153,38.4,9434,974,1621,3951,5545,2.73,100341.0,48582.0,532,15150,0.4342,5641,5545,96,3063,2482,459300.0,1695.0,175,202,207,540,2482,28.3,10092,2135,677,858,2567,1377,380,97,7938,7563,375,11243,7470,4196,797,1100,1195,200085.0,6275,3.51,4.72,43.81,55.24,1.7,45.29,21.76,31.9,14.73,16.0,0.5288
07013,ZCTA5 07013,zcta,,,07013,2023,29419,46.4,18702,726,3013,7523,11660,2.52,119291.0,55912.0,1560,29376,0.4173,12005,11660,345,8544,3116,462700.0,1696.0,189,80,168,1028,3116,29.9,23147,6332,1226,1204,6493,2249,718,133,16805,15630,1175,25472,15357,11207,663,1364,1877,399535.0,13480,5.31,6.99,41.44,73.28,2.87,47.02,32.99,29.6,8.88,12.22,0.5194
07014,ZCTA5 07014,zcta,,,07014,2023,4867,39.0,2968,113,607,1651,1790,2.72,138222.0,57217.0,484,4867,0.3971,2006,1790,216,1309,481,413400.0,1912.0,31,0,0,140,481,18.8,3480,798,161,283,1094,452,298,13,2976,2481,495,3956,2411,1620,130,275,186,68785.0,2225,9.94,16.63,53.36,73.13,10.77,35.55,29.11,30.9,11.41,7.71,0.497
07016,ZCTA5 07016,zcta,,,07016,2023,23841,42.9,20482,554,725,1770,9410,2.5,148629.0,78461.0,633,23559,0.4531,9619,9410,209,7377,2033,635800.0,2116.0,438,52,235,306,2033,30.6,17001,2872,690,700,6417,3330,949,323,12980,12525,438,19201,12357,7229,474,1533,2805,338450.0,9552,2.69,3.37,64.81,78.4,2.17,50.71,15.05,35.4,12.41,22.7,0.255
07017,ZCTA5 07017,zcta,,,07017,2023,40809,36.2,1624,31627,939,4942,16018,2.5,61552.0,31793.0,6953,40067,0.4305,16770,16018,752,5020,10998,316700.0,1346.0,1016,783,1102,2402,10998,30.3,29000,9584,2286,1985,4650,1199,258,221,21321,19005,2266,32443,18334,11160,730,3640,1546,635840.0,16788,17.35,10.63,21.82,31.34,4.48,48.22,21.84,37.9,19.85,8.43,0.3826
07018,ZCTA5 07018,zcta,,,07018,2023,28261,38.4,753,23781,714,1877,12098,2.32,59039.0,34301.0,5035,27863,0.4905,13107,12098,1009,2694,9404,314100.0,1410.0,924,507,1017,2258,9404,31.1,19756,5449,2133,1715,3461,991,286,104,15413,13893,1520,22770,13309,6768,1047,2719,1030,395850.0,12279,18.07,9.86,24.51,22.27,7.7,50.04,24.01,32.2,20.43,7.74,0.2862
07020,ZCTA5 07020,zcta,,,07020,2023,14544,39.9,5948,651,6125,1801,7009,2.07,137847.0,96592.0,906,14506,0.4887,7601,7009,592,2876,4133,723400.0,2645.0,520,210,144,846,4133,27.2,11804,1020,296,409,4817,2767,898,257,9314,8860,454,12598,8774,3089,363,2604,2227,275160.0,6547,6.25,4.87,74.03,41.03,7.79,41.62,20.47,42.0,29.68,25.38,0.6381
07021,ZCTA5 07021,zcta,,,07021,2023,2320,43.8,1875,43,106,302,724,3.2,250001.0,122383.0,9,2320,0.452,792,724,68,701,23,976300.0,3501.0,0,0,0,10,23,37.5,1467,107,22,31,614,409,136,36,1052,1011,41,1637,1008,576,7,78,328,21710.0,680,0.39,3.9,81.46,96.82,8.59,43.48,43.48,31.9,7.74,32.54,0.3275
07022,ZCTA5 07022,zcta,,,07022,2023,14920,39.0,7446,156,730,9380,5580,2.67,64152.0,38915.0,2638,14919,0.5013,5724,5580,144,1944,3636,512100.0,1597.0,265,242,283,1099,3636,32.7,10763,2474,644,560,1677,468,107,291,8643,7931,712,12640,7736,3967,1281,1253,543,222625.0,7193,17.68,8.24,23.63,34.84,2.52,51.95,30.23,31.0,16.2,7.02,0.3532
07023,ZCTA5 07023,zcta,,,07023,2023,7714,42.4,5748,328,643,876,2776,2.76,176667.0,71378.0,105,7656,0.351,2783,2776,7,2400,376,610600.0,2368.0,0,31,0,177,376,39.0,5348,574,148,229,2378,1166,108,156,4284,4163,121,6038,4152,2429,157,486,1025,133875.0,3127,1.37,2.82,71.2,86.46,0.25,55.32,47.07,42.8,11.71,24.69,0.4231
07024,ZCTA5 07024,zcta,,,07024,2023,39785,47.2,16144,1094,17565,4911,18515,2.15,105594.0,65793.0,3328,39719,0.4748,19748,18515,1233,10647,7868,422200.0,2257.0,647,452,717,2001,7868,30.5,30995,4244,1043,1537,10926,5674,2119,1365,21312,20230,1061,33661,19791,9297,1459,4105,3887,551935.0,15904,8.38,4.98,64.8,57.5,6.24,48.51,25.43,34.7,20.74,19.64,0.6244
07026,ZCTA5 07026,zcta,,,07026,2023,32502,39.0,19015,1955,1282,14767,11541,2.81,75701.0,36260.0,4589,32262,0.459,12234,11541,693,5237,6304,454300.0,1612.0,661,454,462,1618,6304,30.9,22999,7815,1198,1857,3533,1448,237,363,17807,16807,989,26874,16578,11428,1466,1129,1120,430195.0,15458,14.22,5.55,24.27,45.38,5.66,50.68,25.67,27.8,6.81,6.76,0.4461
07027,ZCTA5 07027,zcta,,,07027,2023,4688,42.7,3369,0,155,987,2054,2.28,100948.0,62335.0,432,4688,0.4835,2093,2054,39,1125,929,509800.0,1603.0,53,103,94,69,929,26.7,3540,907,171,303,1020,286,157,87,2751,2587,164,3998,2532,1739,125,197,368,63995.0,2164,9.22,5.96,43.79,54.77,1.86,34.34,7.43,29.6,7.78,14.53,0.4381
07028,ZCTA5 07028,zcta,,,07028,2023,8002,41.2,6041,325,468,1045,2564,3.11,246500.0,96244.0,80,8002,0.3773,2629,2564,65,2383,181,725600.0,2395.0,16,0,0,54,181,27.7,5004,496,61,111,2003,1388,369,377,4066,3819,247,5912,3723,1321,164,1035,1075,101795.0,2648,1.0,6.07,82.67,92.94,2.47,38.67,29.83,38.4,27.8,28.87,0.4079
07029,ZCTA5 07029,zcta,,,07029,2023,22128,34.2,6967,1398,4631,10123,9820,2.25,80495.0,46127.0,3338,22036,0.4381,10485,9820,665,1909,7911,433100.0,2036.0,1075,317,844,1361,7911,28.8,16839,3750,369,1164,3723,3082,613,452,13450,12437,823,18502,12355,3862,1131,3427,2242,368235.0,10113,15.15,6.12,46.74,19.44,6.34,45.47,17.2,36.4,27.74,18.15,0.6438
07030,ZCTA5 07030,zcta,,,07030,2023,58340,31.9,40307,2609,7753,8041,27654,2.04,176943.0,108075.0,4036,56563,0.4625,29985,27654,2331,9421,18233,872100.0,2819.0,1527,952,677,2276,18233,23.5,43809,2637,541,835,21958,10647,2448,1343,40971,39562,1409,49950,38796,6538,535,14601,13276,952645.0,25520,7.14,3.44,83.08,34.07,7.77,29.79,12.48,37.3,37.64,34.22,0.484
07031,ZCTA5 07031,zcta,,,07031,2023,16368,39.6,10353,319,1619,5170,6646,2.46,101493.0,50650.0,613,16368,0.3701,6986,6646,340,3082,3564,464700.0,1706.0,336,148,241,545,3564,24.1,12232,3530,549,689,2924,1426,345,23,9566,8951,615,13620,8721,5679,601,1131,936,250925.0,7785,3.75,6.43,38.57,46.37,4.87,35.63,15.29,32.2,12.97,10.73,0.49
07032,ZCTA5 07032,zcta,,,07032,2023,40570,39.2,18557,2342,1471,20665,14756,2.62,83212.0,37169.0,4811,38622,0.4072,15340,14756,584,6706,8050,431700.0,1649.0,532,737,565,2052,8050,30.6,29348,8651,1224,1568,5884,2000,455,295,22344,21103,1147,33359,20827,13345,2173,2763,1102,660720.0,19725,12.46,5.13,29.42,45.45,3.81,48.27,25.49,33.5,13.27,5.29,0.5267
07033,ZCTA5 07033,zcta,,,07033,2023,8339,38.6,5382,572,55,2288,2880,2.89,126295.0,55278.0,496,8329,0.4928,3058,2880,178,2097,783,521100.0,2119.0,20,26,17,347,783,36.1,5591,1461,326,617,1318,578,18,0,4779,4441,338,6336,4375,3635,302,36,216,104095.0,4159,5.96,7.07,34.23,72.81,5.82,52.36,44.32,25.0,0.82,4.94,0.5034
07034,ZCTA5 07034,zcta,,,07034,2023,10406,40.3,5370,315,3764,970,4352,2.39,101500.0,54688.0,277,10406,0.3855,4459,4352,107,2645,1707,402500.0,1426.0,98,36,64,192,1707,19.0,7566,1645,266,612,2617,1050,147,45,6047,5901,146,8585,5700,4257,307,187,833,107790.0,4867,2.66,2.41,51.0,60.78,2.4,22.85,11.25,22.1,3.28,14.61,0.5933
07035,ZCTA5 07035,zcta,,,07035,2023,11085,47.1,8300,374,662,1669,4190,2.48,117929.0,57052.0,352,10429,0.4117,4353,4190,163,3273,917,422700.0,1824.0,0,40,101,172,917,26.0,8491,2179,361,538,2622,947,170,63,6635,5916,719,9636,5831,4343,306,292,729,150220.0,5102,3.38,10.84,44.78,78.11,3.74,34.13,18.76,29.4,5.01,12.5,0.412
07036,ZCTA5 07036,zcta,,,07036,2023,45101,40.0,17860,12310,1566,15711,16059,2.79,89942.0,40100.0,3978,44679,0.4122,16911,16059,852,9556,6503,385100.0,1622.0,402,602,765,1239,6503,29.1,32133,9722,1995,3242,5119,2000,262,66,25937,23753,2171,36804,22978,16100,2685,1609,1408,671275.0,21570,8.9,8.37,23.18,59.51,5.04,46.26,19.05,31.1,7.0,6.13,0.6461
07039,ZCTA5 07039,zcta,,,07039,2023,31128,44.3,17893,1244,9985,1601,10425,2.95,218416.0,95183.0,673,30868,0.4352,10684,10425,259,8988,1437,746100.0,2953.0,19,116,25,420,1437,26.3,21158,2150,677,633,7316,5125,1943,1062,15760,15113,647,24313,14864,7614,667,1796,4549,382215.0,10315,2.18,4.11,73.0,86.22,2.42,40.36,29.23,37.1,12.08,30.6,0.5624
07040,ZCTA5 07040,zcta,,,07040,2023,25406,38.7,13868,7905,869,2206,8659,2.93,167428.0,76193.0,903,25238,0.4502,8981,8659,322,6658,2001,684600.0,2184.0,166,106,88,618,2001,29.9,16624,1294,353,592,6233,3650,915,745,14121,13110,1002,19116,12991,6179,160,2664,3462,371335.0,9529,3.58,7.1,69.44,76.89,3.59,48.88,30.88,39.0,20.51,26.65,0.5965
07041,ZCTA5 07041,zcta,,,07041,2023,7610,39.0,3917,310,2014,907,2579,2.94,220923.0,90456.0,294,7600,0.4402,2843,2579,264,1756,823,935900.0,1969.0,89,41,97,191,823,30.7,5006,369,63,107,1787,1548,352,385,4186,3924,262,5692,3891,1639,116,961,1115,115475.0,2776,3.87,6.26,81.34,68.09,9.29,50.79,23.21,41.6,24.7,28.66,0.6492
07042,ZCTA5 07042,zcta,,,07042,2023,27173,38.8,14079,6677,1637,3540,11067,2.44,127083.0,84959.0,2305,27048,0.5367,11682,11067,615,5570,5497,733100.0,2017.0,292,411,302,1567,5497,29.2,18866,1999,478,1049,6302,4280,1308,764,15506,14898,608,21239,14625,7044,796,1917,4285,345140.0,10340,8.52,3.92,67.07,50.33,5.26,46.79,28.51,33.4,13.11,29.3,0.6506
07043,ZCTA5 07043,zcta,,,07043,2023,13502,40.8,10199,737,690,1070,4179,3.08,250001.0,109688.0,214,12887,0.4341,4499,4179,320,3601,578,948300.0,2287.0,32,15,94,73,578,23.5,8413,240,74,181,3006,2518,975,606,6878,6458,420,10088,6320,2288,129,1315,2440,176995.0,3880,1.66,6.11,84.45,86.17,7.11,37.02,12.63,45.6,20.81,38.61,0.4175
07044,ZCTA5 07044,zcta,,,07044,2023,14441,42.9,12591,185,515,1095,5840,2.47,159044.0,82020.0,726,14441,0.4624,5997,5840,157,4543,1297,595000.0,2125.0,153,60,67,276,1297,28.2,10253,1590,272,502,3898,2220,676,160,7527,7243,284,11277,7194,4392,267,840,1582,185855.0,5612,5.03,3.77,67.82,77.79,2.62,42.87,21.28,33.1,11.68,21.99,0.2326
07045,ZCTA5 07045,zcta,,,07045,2023,10206,48.6,6664,76,2683,592,3613,2.8,179279.0,79003.0,295,10201,0.4213,3707,3613,94,3533,80,647200.0,3501.0,0,0,0,25,80,25.9,7568,1350,173,204,2776,1810,439,90,5493,5265,228,8490,5109,3293,277,289,1149,136900.0,3960,2.89,4.15,67.59,97.79,2.54,31.25,31.25,34.6,5.66,22.49,0.5011
07046,ZCTA5 07046,zcta,,,07046,2023,4535,43.6,3613,0,601,163,1418,3.2,250001.0,102826.0,60,4535,0.3764,1451,1418,33,1377,41,915100.0,2941.0,0,0,0,24,41,51.0,2747,206,10,57,1210,636,322,150,2146,2101,45,3234,2039,1201,71,126,625,49355.0,1414,1.32,2.1,84.38,97.11,2.27,58.54,58.54,34.9,6.18,30.65,0.3464
07047,ZCTA5 07047,zcta,,,07047,2023,61202,40.8,21322,2573,4080,42000,23784,2.55,75505.0,37709.0,7836,60571,0.4674,25024,23784,1240,9828,13956,466800.0,1702.0,1175,1275,1250,3639,13956,32.4,43817,9848,2398,2847,8149,4593,761,498,32485,30616,1860,49470,29993,14817,2697,7264,2755,908545.0,27238,12.94,5.73,31.95,41.32,4.96,52.59,26.07,33.4,24.22,9.19,0.4015
07050,ZCTA5 07050,zcta,,,07050,2023,33856,35.1,3427,20092,787,10055,12548,2.67,53109.0,28488.0,7068,33519,0.4913,13412,12548,864,2972,9576,336200.0,1427.0,735,718,995,2605,9576,33.6,21858,6421,992,1137,3092,1277,231,18,17130,15154,1958,26017,14615,7930,1293,2788,891,424200.0,13724,21.09,11.43,21.13,23.69,6.44,52.77,27.2,30.9,19.08,6.1,0.5488
07052,ZCTA5 07052,zcta,,,07052,2023,48323,41.7,21950,12960,2564,10515,17463,2.72,131456.0,63622.0,3433,47564,0.4749,18300,17463,837,12267,5196,527200.0,1791.0,360,348,498,1443,5196,32.3,34209,5407,1265,2167,10290,5482,1461,908,27119,25540,1494,39243,25251,13960,1092,3894,5027,738015.0,20224,7.22,5.51,53.03,70.25,4.57,50.98,27.77,36.5,15.42,19.91,0.6716
07054,ZCTA5 07054,zcta,,,07054,2023,30139,41.3,14061,1093,12760,2427,12134,2.46,107955.0,56514.0,1668,29883,0.4197,12497,12134,363,6050,6084,569000.0,1725.0,348,188,366,974,6084,24.0,22320,3254,635,1323,8072,4562,379,520,17744,16714,1030,25536,16476,11160,1399,564,2855,364175.0,13621,5.58,5.8,60.63,49.86,2.9,30.83,16.01,26.7,3.42,17.33,0.5953
07055,ZCTA5 07055,zcta,,,07055,2023,69651,30.9,19475,4896,3306,50870,20434,3.39,56780.0,24048.0,15968,69286,0.4786,21019,20434,585,4798,15636,406500.0,1392.0,1189,1093,1563,4630,15636,33.5,39920,13748,1419,1257,4506,1595,455,197,33791,29926,3830,50219,29438,14407,4865,3827,2409,699565.0,27029,23.05,11.33,16.92,23.48,2.78,54.2,29.61,25.9,13.0,8.18,0.3812
07057,ZCTA5 07057,zcta,,,07057,2023,11825,39.0,8705,523,430,2332,4905,2.41,82422.0,42446.0,1424,11770,0.4509,5153,4905,248,1900,3005,493700.0,1568.0,256,113,221,683,3005,28.0,8647,2483,286,897,2213,775,165,40,6335,5766,569,9653,5538,4229,333,382,262,158095.0,5276,12.1,8.98,36.93,38.74,4.81,42.36,22.73,30.0,6.9,4.73,0.4159
07058,ZCTA5 07058,zcta,,,07058,2023,5933,40.0,3983,126,1385,195,2213,2.68,147207.0,60595.0,332,5913,0.3146,2261,2213,48,1499,714,686300.0,2360.0,16,79,16,33,714,23.2,4242,339,126,412,1544,909,163,83,3353,3255,98,4827,3227,2236,59,0,854,64300.0,2373,5.61,2.92,63.63,67.74,2.12,20.17,4.62,27.1,0.0,26.46,0.4933
07059,ZCTA5 07059,zcta,,,07059,2023,16433,44.8,11188,525,3027,1114,5632,2.9,201579.0,101797.0,417,16387,0.4783,5924,5632,292,4996,636,899200.0,2099.0,59,0,55,113,636,23.9,11128,1654,436,374,3742,2286,1118,428,9032,8773,259,13121,8629,5034,483,313,2696,211635.0,5933,2.54,2.87,68.06,88.71,4.93,35.69,17.77,35.7,3.63,31.24,0.4969
07060,ZCTA5 07060,zcta,,,07060,2023,47560,33.9,8232,10943,1007,28968,15350,3.06,72882.0,31089.0,8347,46950,0.4379,16154,15350,804,5821,9529,369400.0,1629.0,893,922,797,2685,9529,33.5,30250,7602,1635,1727,4305,1700,265,347,26603,23968,2603,36384,23437,14590,2016,840,1382,660105.0,22055,17.78,9.78,21.87,37.92,4.98,55.59,28.18,29.9,3.58,5.9,0.5457
07062,ZCTA5 07062,zcta,,,07062,2023,15018,36.2,2069,6838,134,5970,4802,3.12,92711.0,35874.0,2037,14915,0.3778,4960,4802,158,2984,1818,374200.0,1794.0,166,255,120,469,1818,33.5,9830,2491,422,556,1983,768,99,174,8378,7548,801,11468,7538,5112,352,386,738,208630.0,6800,13.66,9.56,30.76,62.14,3.19,55.56,25.8,30.7,5.12,9.79,0.6156
07063,ZCTA5 07063,zcta,,,07063,2023,14533,32.9,1584,5125,209,7550,4063,3.45,89840.0,29763.0,1978,14358,0.3521,4119,4063,56,2493,1570,363000.0,1742.0,168,106,232,390,1570,33.4,8925,2479,533,530,1287,539,35,17,8018,7388,630,10683,7236,4384,479,554,538,216655.0,6698,13.78,7.86,21.04,61.36,1.36,57.07,24.84,32.3,7.66,7.44,0.5937
07064,ZCTA5 07064,zcta,,,07064,2023,3742,40.0,1465,444,376,1665,1160,3.22,143194.0,45204.0,69,3742,0.3333,1210,1160,50,1080,80,415500.0,,0,0,21,12,80,24.8,2641,828,153,193,652,90,40,43,2175,2055,103,3018,2036,1527,191,144,122,59790.0,1914,1.84,4.74,31.24,93.1,4.13,41.25,15.0,31.2,7.07,5.99,0.6246
07065,ZCTA5 07065,zcta,,,07065,2023,29748,39.0,10450,9297,2118,8381,12155,2.44,90852.0,43613.0,2006,29573,0.3944,12811,12155,656,6493,5662,362300.0,1764.0,523,373,603,1292,5662,31.0,21131,5875,1321,1142,4706,2170,400,245,16040,14841,1187,24184,14535,8787,1645,1586,2142,401595.0,12393,6.78,7.4,35.59,53.42,5.12,49.29,22.82,32.4,10.91,14.74,0.6945
07066,ZCTA5 07066,zcta,,,07066,2023,15410,43.2,13199,341,602,1454,5949,2.57,122610.0,55008.0,438,15238,0.3674,6084,5949,135,4527,1422,570400.0,1793.0,91,52,86,283,1422,26.3,11219,2818,970,776,3202,1522,280,207,8228,7794,434,12450,7540,5457,352,342,1175,189200.0,6365,2.87,5.27,46.45,76.1,2.22,36.01,19.9,29.7,4.54,15.58,0.2555
07067,ZCTA5 07067,zcta,,,07067,2023,18294,43.3,11989,802,2590,3037,6193,2.95,134301.0,51419.0,1067,18210,0.3904,6243,6193,50,5465,728,473200.0,1964.0,43,76,0,260,728,33.2,13345,2841,804,816,4004,1564,501,143,9831,9407,424,15006,9170,6946,537,236,1266,261985.0,7904,5.86,4.31,46.55,88.24,0.8,52.06,35.71,33.1,2.57,13.81,0.521
07068,ZCTA5 07068,zcta,,,07068,2023,6211,47.0,4695,30,763,450,2445,2.54,160644.0,71813.0,143,6211,0.3848,2470,2445,25,1989,456,640600.0,3293.0,19,55,41,112,456,31.4,4688,779,261,208,1535,1246,179,141,3424,3245,179,5006,3245,2259,113,248,608,83610.0,2637,2.3,5.23,66.15,81.35,1.01,49.78,24.56,31.7,7.64,18.74,0.4082
07069,ZCTA5 07069,zcta,,,07069,2023,6545,46.8,5153,86,765,571,2369,2.68,166693.0,85000.0,158,6318,0.4592,2471,2369,102,2076,293,838000.0,2571.0,39,28,44,54,293,34.9,4798,635,228,309,1792,766,353,89,3441,3168,273,5260,3089,1960,33,210,845,71915.0,2244,2.5,7.93,62.53,87.63,4.13,56.31,18.43,32.0,6.8,27.36,0.3587
07070,ZCTA5 07070,zcta,,,07070,2023,18748,40.7,12181,612,2768,4059,6955,2.63,136069.0,60912.0,883,18300,0.4042,7163,6955,208,4386,2569,580800.0,1859.0,111,99,171,421,2569,23.3,13121,2189,517,695,4675,2339,331,373,10698,10319,379,15707,10182,5619,258,1819,2059,281055.0,8123,4.83,3.54,58.82,63.06,2.9,31.22,16.39,34.6,17.86,20.22,0.5081
07071,ZCTA5 07071,zcta,,,07071,2023,22343,40.3,14890,752,1171,6720,9363,2.38,109021.0,54789.0,1487,22171,0.438,9839,9363,476,5608,3755,496000.0,1719.0,141,159,317,952,3755,28.1,16380,4061,686,1425,4368,1689,256,318,13512,12645,867,18687,12459,8281,965,1295,1281,331235.0,11178,6.71,6.42,40.48,59.9,4.84,41.78,25.35,29.6,10.39,10.28,0.4615
07072,ZCTA5 07072,zcta,,,07072,2023,6343,44.0,4603,0,552,1258,2639,2.4,94854.0,49947.0,667,6338,0.4112,2733,2639,94,1610,1029,523800.0,1503.0,0,35,155,282,1029,29.2,4546,1586,232,573,733,695,20,24,3802,3595,207,5507,3576,2128,286,640,179,96735.0,3397,10.52,5.44,32.38,61.01,3.44,45.87,27.41,28.5,17.9,5.01,0.4265
07073,ZCTA5 07073,zcta,,,07073,2023,10154,36.5,5679,436,2068,2581,4177,2.43,91789.0,48209.0,750,10124,0.422,4325,4177,148,1493,2684,453500.0,1867.0,186,123,264,571,2684,26.6,7405,1458,387,438,2431,703,112,87,5939,5654,285,8499,5508,3357,104,752,850,154705.0,4658,7.41,4.8,45.01,35.74,3.42,42.62,21.27,33.2,13.65,15.43,0.5793
07074,ZCTA5 07074,zcta,,,07074,2023,3106,38.4,1933,0,426,1711,937,3.31,108359.0,34592.0,117,2908,0.3865,985,937,48,647,290,450800.0,1131.0,29,46,0,40,290,23.5,2048,573,182,142,393,161,7,1,1665,1596,69,2408,1528,983,315,47,53,36120.0,1475,4.02,4.14,27.44,69.05,4.87,39.66,13.79,24.5,3.08,3.47,0.2904
07075,ZCTA5 07075,zcta,,,07075,2023,10094,39.7,5852,459,2183,1900,3821,2.64,131412.0,66404.0,654,10093,0.43,3888,3821,67,2469,1352,532900.0,1886.0,62,62,148,221,1352,22.3,7316,1219,301,774,2223,1259,231,202,6097,5813,284,8378,5786,3765,64,983,745,164430.0,5041,6.48,4.66,53.51,64.62,1.72,36.46,16.35,32.6,16.99,12.88,0.5796
07076,ZCTA5 07076,zcta,,,07076,2023,24667,42.7,16654,1543,2701,3073,8751,2.8,173564.0,77006.0,694,24556,0.4272,9037,8751,286,7094,1657,696900.0,1816.0,69,0,228,452,1657,29.4,16753,2401,489,1042,6084,3564,765,482,12886,12321,565,18969,12162,7531,535,1148,2870,326870.0,9292,2.83,4.38,65.03,81.07,3.16,45.2,27.28,35.2,9.44,23.6,0.5127
07077,ZCTA5 07077,zcta,,,07077,2023,3196,45.6,1589,489,341,786,1258,2.53,106926.0,50571.0,82,3196,0.3618,1302,1258,44,892,366,414900.0,1382.0,10,56,0,25,366,23.5,2490,818,209,191,470,224,26,24,1853,1736,117,2782,1683,1123,90,193,277,48045.0,1406,2.57,6.31,29.88,70.91,3.38,24.86,6.83,34.2,11.47,16.46,0.6575
07078,ZCTA5 07078,zcta,,,07078,2023,14183,41.0,7506,290,5457,587,4420,3.21,250001.0,161476.0,473,14183,0.4371,4433,4420,13,3908,512,1627300.0,3363.0,10,0,61,42,512,20.3,8721,246,67,297,2602,2984,1489,779,6646,6389,257,10271,6344,2173,162,1569,2308,181340.0,4036,3.33,3.87,90.06,88.42,0.29,22.07,8.2,44.9,24.73,36.38,0.5698
07079,ZCTA5 07079,zcta,,,07079,2023,18369,36.8,11041,3950,1094,1553,5953,2.68,184769.0,83427.0,1020,16048,0.4969,6131,5953,178,3903,2050,808100.0,2067.0,230,131,54,568,2050,30.5,11033,807,265,408,4108,2721,1089,479,9747,9309,438,14798,9061,3335,268,2246,2554,247435.0,6507,6.36,4.49,76.11,65.56,2.9,47.95,27.71,38.0,24.79,28.19,0.5818
07080,ZCTA5 07080,zcta,,,07080,2023,24215,41.7,13316,2655,3879,4517,8270,2.89,126161.0,49559.0,836,23972,0.3474,8433,8270,163,7041,1229,444100.0,1928.0,224,76,81,171,1229,27.9,17514,4161,1251,1331,4330,2470,254,292,13686,12696,990,19691,12402,9376,988,259,1521,305150.0,10881,3.49,7.23,41.94,85.14,1.93,44.91,13.91,28.0,2.09,12.26,0.6251
07081,ZCTA5 07081,zcta,,,07081,2023,16984,42.4,10400,1894,1854,3198,6615,2.56,146059.0,65501.0,931,16984,0.3976,6844,6615,229,4122,2493,590600.0,2135.0,120,171,143,418,2493,26.4,12040,1441,572,488,4789,2051,525,394,10746,10237,509,13757,10135,6362,644,638,2067,229865.0,8068,5.48,4.74,64.44,62.31,3.35,34.18,16.77,28.5,6.3,20.39,0.5652
07082,ZCTA5 07082,zcta,,,07082,2023,5688,47.6,4443,134,833,383,2079,2.71,194464.0,91031.0,89,5634,0.4833,2107,2079,28,1976,103,686800.0,2726.0,0,11,22,5,103,38.0,3999,643,57,98,1741,852,272,49,3021,2894,127,4556,2840,1978,65,161,624,73945.0,2216,1.58,4.2,72.87,95.05,1.33,36.89,4.85,33.4,5.67,21.97,0.3633
07083,ZCTA5 07083,zcta,,,07083,2023,57036,41.6,17797,20678,6027,10288,19916,2.78,118106.0,49013.0,3454,55342,0.3899,20792,19916,876,14825,5091,425600.0,1938.0,368,455,422,1150,5091,29.5,41216,8769,2383,2780,11257,4246,845,535,33876,31768,2108,48168,31150,21677,2476,2275,3357,851300.0,27793,6.24,6.22,40.96,74.44,4.21,47.04,22.59,30.6,7.3,10.78,0.7275
07086,ZCTA5 07086,zcta,,,07086,2023,16946,37.9,8887,790,2737,6109,8176,2.07,122653.0,84202.0,1077,16891,0.4672,9399,8176,1223,2467,5709,875300.0,2422.0,431,572,460,902,5709,26.7,13814,1666,345,511,5100,2799,722,506,11396,10888,508,14479,10531,3462,232,3603,2476,293925.0,8055,6.38,4.46,66.07,30.17,13.01,41.43,15.8,36.5,34.21,23.51,0.5668
07087,ZCTA5 07087,zcta,,,07087,2023,66375,37.8,17135,3150,2639,54144,25782,2.56,65369.0,34036.0,14020,65818,0.4855,27442,25782,1660,5271,20511,446800.0,1489.0,1412,1475,1788,5843,20511,32.2,45368,12854,2014,2031,8846,2980,647,403,36713,33540,3128,53739,32460,10408,3248,11488,2316,991610.0,30144,21.3,8.52,28.38,20.44,6.05,51.28,28.49,32.9,35.39,7.13,0.2641
07088,ZCTA5 07088,zcta,,,07088,2023,3083,41.9,261,2144,41,590,1140,2.7,92041.0,39548.0,208,3083,0.4022,1140,1140,0,618,522,343700.0,2046.0,12,68,191,81,522,40.6,2184,597,190,96,518,149,19,14,1631,1547,84,2581,1538,971,156,189,81,42765.0,1457,6.75,5.15,32.05,54.21,0.0,67.43,15.52,29.4,12.29,5.27,0.4724
07090,ZCTA5 07090,zcta,,,07090,2023,30760,41.0,23928,745,2698,2631,10676,2.86,212700.0,104216.0,630,30568,0.4759,11093,10676,417,8568,2108,930500.0,2211.0,167,83,50,355,2108,26.4,20161,1806,437,753,7961,5155,1720,622,15392,14857,535,22920,14766,7342,226,1818,5013,352960.0,9753,2.06,3.48,76.67,80.25,3.76,31.07,16.84,36.2,12.31,33.95,0.3793
07092,ZCTA5 07092,zcta,,,07092,2023,6967,48.7,5245,77,859,948,2540,2.69,210100.0,86949.0,195,6852,0.4212,2616,2540,76,2206,334,755600.0,3501.0,25,0,37,197,334,51.0,5012,592,78,294,1466,1213,427,210,3328,3258,70,5564,3238,1707,295,384,798,95035.0,2440,2.85,2.1,66.16,86.85,2.91,77.54,58.98,38.9,11.86,24.64,0.3994
07093,ZCTA5 07093,zcta,,,07093,2023,63321,37.4,21678,2092,4787,47483,25598,2.47,70389.0,39149.0,12547,62786,0.4909,27451,25598,1853,6307,19291,390300.0,1619.0,1847,1190,1554,5795,19291,32.6,45539,10660,1517,2056,9765,4785,989,548,36460,33705,2755,51965,33113,10147,2482,12245,4432,1031450.0,28681,19.98,7.56,35.33,24.64,6.75,53.84,30.04,36.0,36.98,13.38,0.3137
07094,ZCTA5 07094,zcta,,,07094,2023,21437,38.6,8716,1359,7397,4147,8525,2.44,134746.0,65620.0,1262,21066,0.416,9109,8525,584,4200,4325,557800.0,2197.0,170,205,312,718,4325,24.6,15993,2552,581,758,5492,3465,565,502,11842,11119,723,17454,11005,5484,791,1868,2530,272385.0,8475,5.99,6.11,62.68,49.27,6.41,32.49,16.6,32.1,16.97,22.99,0.6742
07095,ZCTA5 07095,zcta,,,07095,2023,20086,38.9,9383,2428,4127,5627,7733,2.59,99718.0,44442.0,1461,19977,0.36,8132,7733,399,4093,3640,361200.0,2077.0,133,352,156,822,3640,27.0,14364,3270,835,1561,2916,1626,245,138,11214,10531,683,16228,10373,6891,691,952,1188,288325.0,9185,7.31,6.09,34.29,52.93,4.91,40.19,22.58,31.4,9.18,11.45,0.6465
07102,ZCTA5 07102,zcta,,,07102,2023,12954,32.3,2336,6555,747,3379,6254,1.74,37093.0,29947.0,3653,11623,0.5406,6574,6254,320,347,5907,293900.0,1141.0,803,452,458,1335,5907,32.1,8787,2553,272,427,1736,641,173,128,6012,5590,422,11195,5395,2201,287,1431,602,169810.0,4793,31.43,7.02,30.48,5.55,4.87,51.6,22.6,35.4,26.52,11.16,0.6401
07103,ZCTA5 07103,zcta,,,07103,2023,36733,31.8,2742,26433,1470,6525,12864,2.58,42397.0,22188.0,10702,33866,0.491,13832,12864,968,3005,9859,259300.0,1289.0,746,578,885,3606,9859,37.8,21601,6452,1632,1251,2839,1144,283,186,15614,14196,1418,27878,13456,7467,902,2678,996,394355.0,12460,31.6,9.08,20.61,23.36,7.0,58.98,36.58,31.6,19.9,7.4,0.4435
07104,ZCTA5 07104,zcta,,,07104,2023,54277,35.6,12581,13286,328,35611,20827,2.57,51199.0,25601.0,12179,53677,0.4594,21762,20827,935,5176,15651,337400.0,1343.0,1385,1217,1608,4208,15651,33.8,35845,8837,1434,1950,5036,2007,171,289,26556,23989,2567,42665,22701,12572,2426,3591,1765,660770.0,20936,22.69,9.67,20.93,24.85,4.3,53.79,26.89,31.6,15.82,7.77,0.4559
07105,ZCTA5 07105,zcta,,,07105,2023,56657,34.6,21023,4063,414,27895,19425,2.75,55752.0,24782.0,9912,53497,0.417,20608,19425,1183,3324,16101,445900.0,1600.0,1594,1169,1879,4486,16101,34.0,37724,16213,943,931,4307,756,357,257,30775,27943,2811,44654,26826,10040,4526,3022,939,862130.0,25887,18.53,9.13,15.05,17.11,5.74,56.69,27.86,33.3,11.27,3.5,0.6147
07106,ZCTA5 07106,zcta,,,07106,2023,35999,35.3,673,27290,1588,5431,12753,2.82,48105.0,28288.0,7546,35879,0.5073,13633,12753,880,4411,8342,321400.0,1221.0,451,375,1082,2877,8342,40.1,23880,7807,1126,1834,2932,931,137,181,18530,15758,2714,28051,15480,8327,1590,3508,1119,570770.0,14361,21.03,14.65,17.51,34.59,6.45,57.36,34.49,39.7,22.66,7.23,0.4003
07107,ZCTA5 07107,zcta,,,07107,2023,42132,36.4,7783,14268,563,23426,15279,2.75,49892.0,26486.0,9601,42065,0.5098,16084,15279,805,4995,10284,353300.0,1259.0,745,467,923,3039,10284,32.4,27485,9790,1329,1137,2437,698,171,129,20365,18134,2231,31896,17433,9614,2396,3122,729,511560.0,16704,22.82,10.96,12.5,32.69,5.0,50.31,29.55,30.6,17.91,4.18,0.5419
07108,ZCTA5 07108,zcta,,,07108,2023,28317,32.2,703,22066,200,5375,11414,2.47,33960.0,22838.0,10167,28209,0.5518,12862,11414,1448,1977,9437,326900.0,1098.0,950,738,797,3121,9437,36.7,17057,5402,1222,1664,2192,660,3,44,12209,10792,1417,20747,9936,5304,655,2558,509,317380.0,9427,36.04,11.61,17.0,17.32,11.26,59.4,33.07,33.7,25.74,5.12,0.3561
07109,ZCTA5 07109,zcta,,,07109,2023,37785,41.1,16793,2380,3331,20009,14151,2.67,90164.0,41357.0,3891,37739,0.4341,15045,14151,894,7975,6176,405500.0,1596.0,480,453,541,1842,6176,33.8,26918,7917,1381,1977,6061,1635,459,269,21606,19388,2190,31416,18973,13461,1911,1627,1177,571880.0,17796,10.31,10.14,31.3,56.36,5.94,53.69,29.83,32.1,8.58,6.2,0.5103
07110,ZCTA5 07110,zcta,,,07110,2023,29746,40.3,19251,836,3313,7346,11575,2.57,115215.0,57028.0,1711,29746,0.4046,11981,11575,406,7936,3639,489900.0,1698.0,260,313,277,850,3639,29.5,21539,4704,851,1667,6354,3500,675,287,17002,16138,854,24361,15819,10019,655,1540,3222,421155.0,12597,5.75,5.02,50.22,68.56,3.39,46.72,23.36,33.4,9.74,20.37,0.507
07111,ZCTA5 07111,zcta,,,07111,2023,60334,34.9,3018,47457,450,8031,22166,2.7,59232.0,29823.0,10829,59783,0.4655,24176,22166,2010,6494,15672,291500.0,1324.0,1600,802,1385,3919,15672,30.6,40043,12820,2962,2986,5609,2286,524,491,32812,29977,2810,48076,28828,15996,4557,4519,1942,915960.0,26886,18.11,8.56,22.25,29.3,8.31,49.17,25.01,34.1,15.68,6.74,0.361
07112,ZCTA5 07112,zcta,,,07112,2023,27633,35.3,864,23609,272,2463,10809,2.55,55171.0,29657.0,5984,27587,0.495,11779,10809,970,3237,7572,306100.0,1334.0,519,443,473,2425,7572,33.2,17875,6046,1535,1160,2256,865,0,13,14184,12272,1912,21816,11989,6558,1017,2972,777,372815.0,11212,21.69,13.48,17.53,29.95,8.23,50.98,32.03,33.3,24.79,6.48,0.261
07114,ZCTA5 07114,zcta,,,07114,2023,12658,40.3,2044,5961,149,4196,4234,2.24,34167.0,19430.0,3231,9484,0.5396,4694,4234,460,962,3272,384700.0,616.0,234,260,246,1031,3272,34.8,9771,2818,149,684,711,176,30,0,4509,3854,655,11095,3587,1817,213,704,304,92995.0,3283,34.07,14.53,9.38,22.72,9.8,54.13,31.51,28.3,19.63,8.48,0.6421
07201,ZCTA5 07201,zcta,,,07201,2023,27725,36.9,8694,5534,380,17901,9512,2.87,62026.0,26985.0,5159,27534,0.4484,10404,9512,892,1893,7619,413000.0,1476.0,778,483,834,2071,7619,33.1,18248,6580,676,1071,2057,520,46,121,15071,13609,1462,21146,12744,7081,2573,1373,595,361335.0,12149,18.74,9.7,15.04,19.9,8.57,54.68,27.18,29.7,10.77,4.67,0.4448
07202,ZCTA5 07202,zcta,,,07202,2023,44638,36.2,8608,6105,917,31384,15284,2.88,68071.0,29405.0,5397,43786,0.4379,15866,15284,582,4008,11276,358000.0,1508.0,1047,674,990,2437,11276,28.9,29378,10530,1432,977,2510,716,411,51,22861,21907,954,34402,21605,13010,2981,2452,1257,486275.0,20348,12.33,4.17,12.55,26.22,3.67,45.65,21.61,23.9,11.35,5.82,0.4494
07203,ZCTA5 07203,zcta,,,07203,2023,22455,39.8,4145,10238,269,8098,8206,2.73,82967.0,40437.0,2318,22373,0.4225,8430,8206,224,4247,3959,336500.0,1499.0,192,197,785,768,3959,31.0,15724,4781,887,1058,2522,1280,210,93,13279,12255,1024,18832,11700,7849,714,1431,969,341540.0,10731,10.36,7.71,26.11,51.75,2.66,49.05,19.4,31.8,12.23,8.28,0.6279
07204,ZCTA5 07204,zcta,,,07204,2023,13965,38.6,5949,1575,1860,5087,5236,2.67,104418.0,48486.0,708,13952,0.3823,5373,5236,137,3122,2114,405800.0,1585.0,90,222,115,265,2114,26.0,10443,2493,557,713,2415,1363,225,71,8861,8437,424,11611,8215,6357,417,455,785,197235.0,7430,5.07,4.79,39.01,59.63,2.55,32.73,12.54,26.5,5.54,9.56,0.6554
07205,ZCTA5 07205,zcta,,,07205,2023,22179,36.3,4116,11490,411,5736,7125,3.11,98558.0,38687.0,2104,21858,0.4041,7550,7125,425,5037,2088,363200.0,1712.0,134,168,145,554,2088,29.6,14779,4236,815,799,2874,1068,201,129,12620,11621,979,17418,11315,7589,584,1434,896,321560.0,10419,9.63,7.76,28.91,70.69,5.63,47.94,26.53,30.9,12.67,7.92,0.6299
07206,ZCTA5 07206,zcta,,,07206,2023,31120,31.9,4243,5752,309,21582,9141,3.38,60992.0,24178.0,5678,30732,0.4471,9712,9141,571,2467,6674,339200.0,1543.0,683,527,549,2165,6674,35.4,18552,6269,459,579,816,578,38,11,14057,13306,728,23389,13022,6974,2324,1702,799,311415.0,12223,18.48,5.18,7.78,26.99,5.88,58.8,32.44,25.5,13.07,6.14,0.4662
07208,ZCTA5 07208,zcta,,,07208,2023,32404,38.4,12206,5821,825,19840,11995,2.69,61873.0,32661.0,4331,32377,0.4391,12958,11995,963,3296,8699,425600.0,1364.0,762,690,958,2295,8699,33.0,21850,8183,1157,1470,3253,1172,144,54,18663,16951,1712,25897,16058,10408,1779,1781,939,455725.0,15119,13.38,9.17,21.16,27.48,7.43,54.09,26.38,30.1,11.09,5.85,0.4503
07302,ZCTA5 07302,zcta,,,07302,2023,55448,34.4,23985,4098,18672,8433,28070,1.96,166854.0,109752.0,3907,55149,0.4501,30163,28070,2093,6816,21254,853700.0,2960.0,1338,1239,904,2314,21254,22.0,45449,3671,634,1062,18194,13418,2596,2172,39686,38405,1281,47786,37691,5354,617,16731,11750,962670.0,25941,7.08,3.23,80.05,24.28,6.94,27.27,10.89,37.1,44.39,31.17,0.6709
07304,ZCTA5 07304,zcta,,,07304,2023,49260,34.6,11951,17454,6772,13914,19841,2.47,68432.0,37625.0,9854,49195,0.4885,21211,19841,1370,5160,14681,489400.0,1572.0,1499,881,1419,3643,14681,31.2,34299,9119,1367,1886,8531,4156,584,360,26050,23790,2243,39125,23170,8369,1232,7744,3424,701505.0,19746,20.03,8.61,39.74,26.01,6.46,50.69,24.81,35.5,33.42,14.78,0.7169
07305,ZCTA5 07305,zcta,,,07305,2023,71643,35.7,11650,30200,11515,19677,26319,2.7,77126.0,38093.0,13552,70703,0.4796,28297,26319,1978,11201,15118,418200.0,1610.0,1423,724,1074,4755,15118,32.7,47652,11919,2751,2988,10735,4176,915,664,35473,32592,2881,55391,31832,13689,2434,9047,4485,1064275.0,27347,19.17,8.12,34.61,42.56,6.99,52.76,31.45,38.9,28.42,14.09,0.6946
07306,ZCTA5 07306,zcta,,,07306,2023,54567,35.7,16276,7141,18163,13445,22988,2.34,75861.0,42183.0,10031,53413,0.4804,24770,22988,1782,5416,17572,502600.0,1619.0,1427,1092,1178,3946,17572,27.8,38714,6802,1303,2008,11605,6092,1017,690,29017,27256,1732,45127,26723,6642,1447,11192,4776,814765.0,21947,18.78,5.97,50.12,23.56,7.19,43.5,22.46,37.1,41.88,17.87,0.7224
07307,ZCTA5 07307,zcta,,,07307,2023,42242,36.4,14840,2550,10217,17545,17345,2.42,80745.0,46496.0,5646,41971,0.4639,18762,17345,1417,6066,11279,574000.0,1708.0,761,606,1094,2634,11279,28.9,31119,6731,1197,1673,8677,4227,725,580,24311,23071,1205,34657,22792,8177,1450,6950,4511,645225.0,18281,13.45,4.96,45.66,34.97,7.55,45.17,23.35,35.3,30.49,19.79,0.6419
07310,ZCTA5 07310,zcta,,,07310,2023,14577,30.7,3998,683,8260,1185,7363,1.96,172946.0,104103.0,1772,14577,0.4598,8149,7363,786,788,6575,880300.0,3456.0,496,176,320,1281,6575,23.7,11404,592,53,214,3340,5664,381,603,10612,10336,276,13268,10216,922,85,4592,3874,234285.0,6342,12.16,2.6,87.58,10.7,9.65,34.57,19.48,36.9,44.95,37.92,0.5949
07311,ZCTA5 07311,zcta,,,07311,2023,1954,30.2,529,20,1095,244,1206,1.62,179928.0,141748.0,64,1954,0.3181,1284,1206,78,0,1206,,3501.0,208,96,69,79,1206,23.6,1726,0,0,0,777,673,116,102,1683,1658,25,1776,1641,95,19,877,494,35285.0,1147,3.28,1.49,96.64,0.0,6.07,37.48,6.55,30.8,53.44,30.1,0.597
07401,ZCTA5 07401,zcta,,,07401,2023,6820,45.7,5084,60,1162,163,2332,2.88,156992.0,93937.0,223,6754,0.539,2505,2332,173,1805,527,764600.0,2648.0,45,22,23,196,527,34.5,4620,366,83,186,1773,1150,306,99,2936,2858,78,5160,2837,1549,51,323,876,75180.0,1961,3.3,2.66,72.03,77.4,6.91,54.27,37.19,38.3,11.39,30.88,0.4146
07403,ZCTA5 07403,zcta,,,07403,2023,7644,43.8,6015,365,227,1471,2981,2.53,126825.0,60357.0,830,7547,0.4373,3079,2981,98,2078,903,396600.0,1773.0,67,133,76,163,903,30.3,5490,1246,418,227,1382,693,67,41,4429,4240,189,6552,4190,3194,185,77,554,104380.0,3636,11.0,4.27,39.76,69.71,3.18,48.62,18.05,28.7,1.84,13.22,0.3406
07405,ZCTA5 07405,zcta,,,07405,2023,17859,41.9,14446,174,1025,2557,6800,2.62,127500.0,67574.0,956,17859,0.4397,6990,6800,190,5425,1375,552500.0,1526.0,48,127,48,310,1375,24.5,12611,2268,681,762,5042,1470,411,251,10457,9726,731,14844,9516,6697,538,509,1721,275165.0,7795,5.35,6.99,56.89,79.78,2.72,38.76,22.55,35.3,5.35,18.09,0.3218
07407,ZCTA5 07407,zcta,,,07407,2023,21287,39.9,12263,2105,2062,6326,7267,2.92,100852.0,40732.0,2114,21231,0.4136,7561,7267,294,4171,3096,456000.0,2025.0,207,198,152,961,3096,30.3,15249,4393,957,1446,3685,1350,229,184,11597,10689,855,17187,10537,7552,812,746,819,264675.0,9718,9.96,7.37,35.73,57.4,3.89,49.03,31.04,27.2,7.08,7.77,0.5607
07410,ZCTA5 07410,zcta,,,07410,2023,35153,39.2,24334,1469,4693,4626,12150,2.88,147952.0,60114.0,2124,35010,0.4075,12392,12150,242,9629,2521,532700.0,1908.0,143,160,231,834,2521,36.3,23606,3347,810,1228,8409,4919,1137,685,18363,17504,859,26840,17228,10778,869,1970,3257,435770.0,13971,6.07,4.68,64.18,79.25,1.95,54.26,33.08,31.2,11.43,18.91,0.4839
07416,ZCTA5 07416,zcta,,,07416,2023,5746,50.6,4654,76,9,948,2615,2.18,90869.0,45150.0,419,5734,0.3924,2837,2615,222,1629,986,263600.0,1346.0,43,33,116,119,986,22.0,4397,1699,465,256,663,199,60,38,3124,2912,212,4915,2858,2266,309,23,208,99220.0,2650,7.31,6.79,21.83,62.29,7.83,31.54,12.07,37.4,0.8,7.28,0.3166
07417,ZCTA5 07417,zcta,,,07417,2023,11035,46.9,8252,615,1291,819,3778,2.92,231184.0,110744.0,354,11035,0.4938,3886,3778,108,3333,445,1218500.0,3328.0,59,39,7,138,445,35.8,7540,680,83,337,3218,1746,666,314,5032,4912,120,8697,4768,2661,224,301,1394,123595.0,3374,3.21,2.38,78.83,88.22,2.78,54.61,31.01,36.6,6.31,29.24,0.4185
07418,ZCTA5 07418,zcta,,,07418,2023,2523,38.0,1961,375,10,241,881,2.86,200296.0,64209.0,25,2523,0.3506,881,881,0,875,6,347800.0,,0,0,0,0,6,,1639,349,79,61,318,309,176,0,1335,1284,51,1977,1108,806,35,15,237,33380.0,871,0.99,3.82,48.99,99.32,0.0,0.0,0.0,38.3,1.35,21.39,0.3647
07419,ZCTA5 07419,zcta,,,07419,2023,10102,44.6,7649,681,230,1720,4409,2.29,109325.0,57329.0,800,10064,0.4356,4637,4409,228,3442,967,297300.0,1721.0,164,54,195,232,967,37.6,7600,1824,642,581,1903,777,172,84,5991,5581,410,8357,5391,3742,380,16,1068,164565.0,4323,7.95,6.84,38.63,78.07,4.92,66.7,23.99,38.1,0.3,19.81,0.3926
07420,ZCTA5 07420,zcta,,,07420,2023,5235,42.9,3585,248,304,1100,1840,2.68,106915.0,41422.0,458,4958,0.3535,1873,1840,33,1282,558,344700.0,1788.0,31,32,125,122,558,38.5,3965,1369,325,196,937,253,61,74,3050,2930,120,4411,2804,2178,231,10,178,68460.0,2626,9.24,3.93,33.42,69.67,1.76,55.56,21.86,26.1,0.36,6.35,0.4813
07421,ZCTA5 07421,zcta,,,07421,2023,7660,46.4,6758,54,88,672,3000,2.54,132419.0,70921.0,237,7649,0.3935,3257,3000,257,2696,304,375500.0,2221.0,89,0,15,88,304,34.6,5808,2033,293,303,1591,381,164,71,4673,4064,609,6288,3978,2766,247,108,850,158720.0,3128,3.1,13.03,38.0,89.87,7.89,63.16,28.95,50.7,2.71,21.37,0.2138
07422,ZCTA5 07422,zcta,,,07422,2023,5216,45.4,4709,4,61,345,2124,2.45,110526.0,60389.0,107,5216,0.3731,2528,2124,404,2078,46,282100.0,,10,0,0,25,46,,3960,896,448,317,1140,426,104,30,3310,3099,211,4580,2975,2106,267,55,527,106090.0,2448,2.05,6.37,42.93,97.83,15.98,76.09,54.35,43.3,1.85,17.71,0.1804
07423,ZCTA5 07423,zcta,,,07423,2023,4230,42.8,3070,47,596,386,1425,2.96,250001.0,133788.0,2,4230,0.4517,1532,1425,107,1297,128,1032800.0,2375.0,0,10,0,8,128,17.7,2640,149,78,65,990,671,356,122,2225,2182,43,3187,2155,1061,89,279,634,55110.0,1521,0.05,1.93,81.02,91.02,6.98,14.06,6.25,36.2,12.95,29.42,0.445
07424,ZCTA5 07424,zcta,,,07424,2023,27475,44.0,19508,1167,1877,6538,10948,2.31,104122.0,51910.0,1246,25276,0.4032,11243,10948,295,7276,3672,477300.0,1771.0,166,315,229,863,3672,28.2,18875,4758,1371,1242,5434,1810,545,212,15626,14641,985,23640,14069,9775,882,668,2122,299780.0,11947,4.93,6.3,42.39,66.46,2.62,42.84,23.5,25.1,4.75,15.08,0.4328
07430,ZCTA5 07430,zcta,,,07430,2023,25375,48.1,19419,538,2890,2657,9756,2.37,128125.0,67069.0,596,22949,0.4577,10058,9756,302,7934,1822,590400.0,2301.0,73,40,206,548,1822,32.2,17245,2243,745,1051,6298,2906,635,459,14290,13500,790,22065,13021,8328,594,676,2903,310275.0,10118,2.6,5.53,59.72,81.32,3.0,47.59,30.08,30.7,5.19,22.29,0.39
07432,ZCTA5 07432,zcta,,,07432,2023,6996,42.7,6185,85,150,774,3001,2.32,140063.0,73397.0,112,6987,0.4198,3112,3001,111,2086,915,586200.0,1837.0,61,60,77,81,915,23.2,5114,867,282,210,1705,934,156,29,3757,3455,302,5820,3428,2404,210,149,596,78380.0,2832,1.6,8.04,55.22,69.51,3.57,30.49,8.85,27.7,4.35,17.39,0.2056
07435,ZCTA5 07435,zcta,,,07435,2023,2430,51.6,2249,11,115,66,1103,2.2,143191.0,71509.0,16,2428,0.3917,1353,1103,250,830,273,465200.0,2091.0,0,28,0,35,273,22.2,1982,587,50,240,508,201,51,0,1402,1272,130,2124,1262,760,17,48,339,31075.0,923,0.66,9.27,38.35,75.25,18.48,23.08,12.82,33.7,3.8,26.86,0.1404
07436,ZCTA5 07436,zcta,,,07436,2023,12676,41.9,10682,159,434,1489,4388,2.85,162763.0,63877.0,393,12412,0.3864,4680,4388,292,4028,360,566900.0,1466.0,16,35,21,65,360,35.5,8914,1527,651,488,2927,1394,384,146,7165,6818,347,10342,6728,4798,319,222,1231,165425.0,5497,3.17,4.84,54.42,91.8,6.24,38.06,18.06,30.1,3.3,18.3,0.2747
07438,ZCTA5 07438,zcta,,,07438,2023,11045,45.7,9127,284,179,1162,4303,2.56,119594.0,53898.0,727,10972,0.4227,4486,4303,183,3825,478,417800.0,1335.0,0,11,77,97,478,29.0,7985,1957,445,496,2216,1023,45,179,6367,6034,333,9112,5706,4491,496,95,548,208550.0,5158,6.63,5.23,43.37,88.89,4.08,38.7,20.29,40.4,1.66,9.6,0.3052
07439,ZCTA5 07439,zcta,,,07439,2023,2231,38.7,1890,4,29,370,857,2.6,104946.0,48506.0,157,2231,0.3952,984,857,127,759,98,311900.0,1390.0,30,15,13,20,98,34.8,1606,480,157,116,347,107,18,0,1422,1298,124,1847,1266,1120,35,0,87,40315.0,1179,7.04,8.72,29.39,88.56,12.91,79.59,20.41,34.2,0.0,6.87,0.2547
07440,ZCTA5 07440,zcta,,,07440,2023,4810,37.2,4134,0,76,723,1598,3.01,147976.0,56698.0,94,4810,0.3756,1598,1598,0,1409,189,514600.0,981.0,26,0,0,21,189,24.8,3343,627,206,221,889,503,120,90,2724,2630,94,3821,2553,1998,142,56,334,57170.0,2219,1.95,3.45,47.92,88.17,0.0,24.87,11.11,25.8,2.19,13.08,0.2385
07442,ZCTA5 07442,zcta,,,07442,2023,11010,39.4,8469,87,694,2077,4142,2.65,119038.0,52389.0,1061,10982,0.3571,4235,4142,93,3298,844,411100.0,1822.0,69,17,60,124,844,21.0,7739,2155,474,497,2029,877,185,110,6513,6258,255,8842,6162,4979,198,274,602,164055.0,5560,9.66,3.92,41.36,79.62,2.2,31.99,14.69,29.5,4.45,9.77,0.3687
07444,ZCTA5 07444,zcta,,,07444,2023,10766,53.3,9714,209,216,823,4699,2.25,113661.0,66163.0,739,10581,0.4681,4908,4699,209,3894,805,488200.0,3297.0,81,20,15,244,805,32.3,8150,1879,496,601,2064,1725,143,32,4997,4792,205,9260,4689,3328,220,199,729,112090.0,3960,6.98,4.1,48.64,82.87,4.26,44.72,30.31,28.3,4.24,15.55,0.1793
07446,ZCTA5 07446,zcta,,,07446,2023,14722,41.1,11301,55,1005,1653,5248,2.79,164767.0,75792.0,444,14722,0.4314,5267,5248,19,4395,853,665700.0,2009.0,120,62,98,167,853,31.3,9690,1067,278,699,3990,2042,522,163,7535,7306,216,11707,7134,4581,177,598,1561,187530.0,5573,3.02,2.87,69.32,83.75,0.36,52.4,19.58,33.6,8.38,21.88,0.3935
07450,ZCTA5 07450,zcta,,,07450,2023,26076,41.1,18228,590,4278,2660,8816,2.94,217250.0,98259.0,942,25726,0.4511,9166,8816,350,7394,1422,882700.0,2340.0,122,6,129,328,1422,26.6,16767,1072,267,768,7245,4316,1142,813,13236,12776,457,19743,12528,6274,550,1528,3587,318020.0,8941,3.66,3.45,80.61,83.87,3.82,41.14,23.07,35.6,12.2,28.63,0.4735
07452,ZCTA5 07452,zcta,,,07452,2023,12082,40.0,9304,155,1738,584,3678,3.28,210369.0,80565.0,207,12082,0.4073,3755,3678,77,3341,337,817300.0,1938.0,15,0,21,158,337,45.0,7246,649,255,204,2700,1813,653,299,6060,5628,366,8639,5552,2413,339,924,1793,144475.0,3759,1.71,6.04,75.42,90.84,2.05,57.57,46.88,38.4,16.64,32.29,0.3838
07456,ZCTA5 07456,zcta,,,07456,2023,11600,43.6,9850,114,272,1212,4154,2.77,142529.0,64077.0,281,11565,0.3939,4241,4154,87,3966,188,434800.0,1934.0,11,15,32,50,188,37.3,8442,1994,526,410,2874,1204,153,17,6727,6347,380,9676,6201,4696,376,115,939,177520.0,5262,2.43,5.65,50.32,95.47,2.05,57.45,26.6,33.7,1.85,15.14,0.2674
07457,ZCTA5 07457,zcta,,,07457,2023,4084,50.2,3284,70,157,629,1988,2.05,96667.0,55102.0,414,4084,0.4022,2038,1988,50,1419,569,384500.0,2351.0,40,15,15,219,569,31.9,3095,820,184,236,948,370,120,39,2321,2290,31,3524,2256,1840,58,50,308,58005.0,1948,10.14,1.34,47.72,71.38,2.45,50.79,38.49,29.8,2.22,13.65,0.3279
07458,ZCTA5 07458,zcta,,,07458,2023,11712,44.5,8782,301,1796,668,3995,2.92,244155.0,119843.0,524,11666,0.5151,4210,3995,215,3546,449,1187100.0,3501.0,10,44,68,134,449,40.6,8040,784,197,352,3321,1405,1076,226,6026,5520,506,9484,5439,3136,245,358,1603,122370.0,3836,4.49,8.4,74.98,88.76,5.11,57.02,29.84,31.9,6.58,29.47,0.4103
07460,ZCTA5 07460,zcta,,,07460,2023,2990,43.9,2810,8,28,92,1220,2.44,118229.0,51837.0,79,2986,0.3659,1220,1220,0,1109,111,340800.0,,86,0,0,0,111,,2119,375,131,156,527,242,25,37,1719,1592,127,2385,1552,1344,16,33,124,55870.0,1428,2.65,7.39,39.22,90.9,0.0,77.48,0.0,39.1,2.13,7.99,0.1157
07461,ZCTA5 07461,zcta,,,07461,2023,18575,43.1,16226,524,65,1660,7116,2.6,104441.0,47218.0,1056,18516,0.3865,7972,7116,856,5718,1398,338500.0,1456.0,101,85,188,364,1398,32.7,13197,3893,1374,1068,2573,895,213,61,10563,9905,658,15396,9466,7808,614,52,879,316285.0,8587,5.7,6.23,28.35,80.35,10.74,52.79,26.04,36.8,0.55,9.29,0.2281
07462,ZCTA5 07462,zcta,,,07462,2023,6892,49.0,6092,61,79,957,3177,2.16,99125.0,54230.0,486,6870,0.3937,3589,3177,412,2615,562,252600.0,1614.0,34,79,60,106,562,31.0,5535,2165,495,409,1147,433,35,10,4588,4511,77,6205,4497,3444,301,24,646,167505.0,3851,7.07,1.68,29.36,82.31,11.48,49.64,18.86,43.5,0.53,14.37,0.1992
07463,ZCTA5 07463,zcta,,,07463,2023,10090,39.5,8018,91,755,1714,3434,2.94,155526.0,62707.0,221,10081,0.3755,3486,3434,52,3019,415,576200.0,3189.0,14,27,0,208,415,51.0,6985,1357,350,373,2585,1040,213,153,5530,5383,147,7763,5143,3486,153,386,928,116445.0,4215,2.19,2.66,57.14,87.91,1.49,60.0,50.12,27.6,7.51,18.04,0.334
07465,ZCTA5 07465,zcta,,,07465,2023,5969,50.1,4992,77,193,647,2552,2.31,113673.0,57168.0,182,5956,0.343,2594,2552,42,2155,397,381900.0,2008.0,24,18,12,53,397,27.3,4612,1229,147,423,1495,463,78,81,3416,3272,144,5181,3196,2617,193,65,225,106950.0,2971,3.06,4.22,45.9,84.44,1.62,26.95,13.35,36.0,2.03,7.04,0.2876
07470,ZCTA5 07470,zcta,,,07470,2023,54131,41.7,41005,1579,4806,6761,18697,2.76,151561.0,65135.0,1566,51656,0.421,19396,18697,699,14691,4006,596700.0,2126.0,290,134,196,1171,4006,28.4,36619,7323,1471,2182,12360,6175,1521,737,29572,28096,1476,44110,27579,18801,1686,1448,5081,673165.0,22498,3.03,4.99,56.78,78.57,3.6,44.71,29.23,29.9,5.25,18.42,0.4018
07480,ZCTA5 07480,zcta,,,07480,2023,14440,48.4,12117,430,276,1549,5813,2.45,114056.0,55562.0,462,14298,0.3996,6239,5813,426,5223,590,362200.0,1433.0,0,42,73,146,590,37.3,10769,2589,917,957,2601,1437,111,134,7787,7404,383,12088,7228,5268,443,125,1282,226485.0,5946,3.23,4.92,39.77,89.85,6.83,44.24,24.75,38.1,1.73,17.74,0.2831
07481,ZCTA5 07481,zcta,,,07481,2023,16866,47.4,14644,133,887,1155,5897,2.79,196632.0,95727.0,395,16466,0.4407,6278,5897,381,5363,534,908900.0,2092.0,41,119,12,88,534,34.1,11834,1664,425,752,4656,2114,966,232,8258,7852,406,13140,7745,4860,337,486,1943,183605.0,5802,2.4,4.92,67.33,90.94,6.07,48.69,16.48,31.6,6.28,25.09,0.2386
07501,ZCTA5 07501,zcta,,,07501,2023,35321,31.3,3856,8669,1150,23878,12335,2.82,40699.0,21903.0,9753,35273,0.4943,13119,12335,784,1971,10364,304400.0,1442.0,1007,452,767,4070,10364,38.8,21253,8343,668,614,1570,217,78,25,15773,14748,987,26149,14396,8074,3554,1084,538,307730.0,13858,27.65,6.26,8.89,15.98,5.98,60.75,39.27,22.2,7.53,3.74,0.4698
07502,ZCTA5 07502,zcta,,,07502,2023,17488,33.2,3103,2024,4503,8766,4662,3.75,68649.0,23796.0,3906,17471,0.4324,4861,4662,199,2471,2191,347200.0,1492.0,120,105,160,792,2191,39.0,10416,3964,565,782,1262,363,41,54,8881,7394,1487,13092,7080,5334,906,445,202,175580.0,6878,22.36,16.74,16.51,53.0,4.09,53.72,36.15,25.5,6.29,2.85,0.6376
07503,ZCTA5 07503,zcta,,,07503,2023,19567,33.4,7008,1702,84,11578,6225,3.14,60295.0,25657.0,4050,19412,0.4698,6560,6225,335,1665,4560,314900.0,1605.0,424,275,422,1205,4560,32.7,12267,4926,417,464,1384,332,61,34,9117,8437,680,14880,8091,5006,1497,551,327,178350.0,7764,20.86,7.46,14.76,26.75,5.11,51.01,26.43,23.0,6.81,4.04,0.514
07504,ZCTA5 07504,zcta,,,07504,2023,13485,37.8,1462,5361,79,7862,3944,3.41,67269.0,29714.0,2472,13431,0.5074,4105,3944,161,1511,2433,369600.0,1426.0,166,239,80,720,2433,33.6,8664,3693,588,494,1061,287,144,30,6575,5882,693,10551,5731,3772,386,728,450,124825.0,5281,18.41,10.54,17.57,38.31,3.92,49.53,29.59,23.6,12.7,7.85,0.4903
07505,ZCTA5 07505,zcta,,,07505,2023,4617,37.5,661,993,19,3077,1593,2.48,33311.0,18526.0,1782,4098,0.5468,1692,1593,99,26,1567,,1113.0,187,93,77,399,1567,30.9,3256,1482,83,137,277,71,0,29,1765,1282,426,3749,1312,560,102,215,0,26305.0,1312,43.48,24.14,11.58,1.63,5.85,48.25,25.46,20.0,16.39,0.0,0.4891
07506,ZCTA5 07506,zcta,,,07506,2023,19472,42.3,14285,654,248,4658,7613,2.55,118093.0,55899.0,986,19377,0.3865,8033,7613,420,5190,2423,499200.0,1828.0,220,222,98,322,2423,24.5,14724,3409,1208,1103,4156,2092,305,117,11875,11287,588,16254,10923,8884,546,265,1029,245490.0,9894,5.09,4.95,45.3,68.17,5.23,35.58,13.29,24.8,2.43,9.42,0.4033
07508,ZCTA5 07508,zcta,,,07508,2023,23611,41.6,12525,2473,997,10697,8329,2.82,94611.0,44152.0,2534,23410,0.4621,8608,8329,279,5223,3106,444600.0,1749.0,224,290,189,1209,3106,38.4,16897,5342,1013,896,3318,1432,125,142,12530,11818,712,19187,11567,8398,1232,505,1067,282885.0,10500,10.82,5.68,29.69,62.71,3.24,61.56,38.92,26.9,4.37,9.22,0.5006
07512,ZCTA5 07512,zcta,,,07512,2023,10919,43.1,7331,749,464,2576,3892,2.75,114177.0,48899.0,413,10781,0.4047,4002,3892,110,2962,930,507700.0,1703.0,305,14,21,67,930,30.0,7698,2007,372,474,2129,588,72,130,5791,5519,263,8673,5380,3924,524,125,793,125315.0,4587,3.83,4.54,37.92,76.1,2.75,43.76,7.2,27.3,2.32,14.74,0.4871
07513,ZCTA5 07513,zcta,,,07513,2023,10961,33.3,1072,2276,70,8404,3189,3.43,64320.0,23758.0,1967,10957,0.4155,3299,3189,110,991,2198,387400.0,1606.0,235,157,140,643,2198,32.7,7198,2736,365,192,592,196,71,0,5365,4955,410,8219,4880,2934,782,389,267,88595.0,4613,17.95,7.64,11.93,31.08,3.33,53.46,29.25,19.2,7.97,5.47,0.3594
07514,ZCTA5 07514,zcta,,,07514,2023,18912,39.1,1561,6137,255,11647,6265,2.99,65492.0,25563.0,2930,18740,0.4155,6752,6265,487,1920,4345,314400.0,1472.0,140,380,541,1265,4345,35.5,12928,5076,408,571,1193,352,36,22,9662,8965,697,14883,8770,5352,1576,723,572,179695.0,8198,15.64,7.21,12.4,30.65,7.21,53.53,29.11,21.9,8.24,6.52,0.5084
07522,ZCTA5 07522,zcta,,,07522,2023,22599,31.3,3710,6604,1527,13214,7019,3.2,48002.0,20805.0,6388,22423,0.4698,7440,7019,421,1477,5542,264000.0,1458.0,512,434,472,1788,5542,36.3,13642,5871,611,1090,1033,206,34,25,10732,9211,1521,16500,8949,5875,1373,595,564,206310.0,8385,28.49,14.17,9.51,21.04,5.66,57.85,32.26,24.6,6.65,6.3,0.5412
07524,ZCTA5 07524,zcta,,,07524,2023,14676,31.9,1954,4161,0,10593,4422,3.32,50033.0,21440.0,3633,14676,0.4663,4670,4422,248,961,3461,360200.0,1386.0,200,258,383,1061,3461,35.5,8999,3736,318,319,1011,34,23,116,7121,6355,766,10662,6229,3961,1049,477,233,153935.0,5996,24.75,10.76,13.16,21.73,5.31,54.96,30.66,25.7,7.66,3.74,0.3809
07601,ZCTA5 07601,zcta,,,07601,2023,45768,41.5,16778,9480,5558,16497,20305,2.19,82212.0,49224.0,5037,44756,0.4476,21405,20305,1100,7802,12503,370300.0,1794.0,1149,890,883,3160,12503,30.2,36117,7581,2280,2174,9627,4018,947,463,27600,25796,1804,39581,25403,15397,1815,3348,2681,654930.0,22722,11.25,6.54,41.68,38.42,5.14,48.64,25.27,28.8,13.18,10.55,0.678
07603,ZCTA5 07603,zcta,,,07603,2023,9110,42.2,3983,892,776,5050,3125,2.9,107321.0,45952.0,507,9104,0.3653,3203,3125,78,2142,983,443400.0,1893.0,133,147,39,265,983,34.1,6536,1253,352,671,1253,839,50,100,5128,4695,407,7394,4627,2837,779,442,312,133015.0,4315,5.57,7.94,34.3,68.54,2.44,59.41,26.96,30.8,9.55,6.74,0.4847
07604,ZCTA5 07604,zcta,,,07604,2023,12067,44.2,8132,407,1414,3321,4360,2.76,118670.0,49744.0,1135,12042,0.4082,4544,4360,184,3065,1295,508500.0,1605.0,160,90,92,484,1295,36.4,8582,2021,249,739,2151,1072,347,55,7073,6608,465,9919,6423,4194,525,809,751,177915.0,5672,9.43,6.57,42.24,70.3,4.05,63.78,37.37,31.4,12.6,11.69,0.4552
07605,ZCTA5 07605,zcta,,,07605,2023,9333,46.3,3448,277,3561,2132,3366,2.77,115476.0,68366.0,333,9324,0.4912,3581,3366,215,2341,1025,634500.0,2122.0,12,28,132,308,1025,29.6,6733,642,205,510,2437,1140,295,213,5075,4791,284,7735,4667,2696,376,586,677,125235.0,3990,3.57,5.6,60.67,69.55,6.0,46.83,30.05,31.4,12.56,14.51,0.6649
07606,ZCTA5 07606,zcta,,,07606,2023,2771,36.8,1285,66,195,1456,932,2.97,82750.0,43714.0,423,2760,0.5095,970,932,38,479,453,514700.0,1906.0,36,8,66,159,453,44.6,2066,600,120,154,482,107,8,1,1556,1511,45,2332,1468,1100,133,80,91,30485.0,1377,15.33,2.89,28.94,51.39,3.92,59.38,35.1,22.1,5.45,6.2,0.5033
07607,ZCTA5 07607,zcta,,,07607,2023,10042,45.6,5471,661,1758,2628,3814,2.62,119306.0,53876.0,281,9997,0.3864,3908,3814,94,2625,1189,495700.0,1932.0,75,110,60,249,1189,27.7,7542,1736,392,529,1948,1047,244,45,5600,5194,406,8404,5032,3300,374,553,635,129600.0,4397,2.81,7.25,43.54,68.83,2.41,41.55,20.94,29.5,10.99,12.62,0.5997
07608,ZCTA5 07608,zcta,,,07608,2023,120,39.4,77,2,1,80,35,3.23,,21976.0,69,117,0.542,35,35,0,0,35,,1911.0,2,0,0,22,35,51.0,79,28,2,5,14,3,0,0,43,41,2,93,41,19,14,5,3,1250.0,38,58.97,4.65,21.52,0.0,0.0,68.57,62.86,32.9,12.2,7.32,0.1435
07620,ZCTA5 07620,zcta,,,07620,2023,1503,50.4,884,69,436,57,517,2.91,250001.0,132298.0,49,1503,0.5022,593,517,76,481,36,2000001.0,2357.0,0,0,1,4,36,18.3,1073,72,19,41,483,198,168,18,708,658,50,1201,643,422,83,29,96,17610.0,547,3.26,7.06,80.8,93.04,12.82,13.89,11.11,32.2,4.51,14.93,0.5664
07621,ZCTA5 07621,zcta,,,07621,2023,28269,40.7,12117,2612,7526,8532,9430,2.99,124083.0,48157.0,1709,28212,0.4272,9677,9430,247,6656,2774,469200.0,1744.0,270,313,132,810,2774,33.9,19518,4463,815,1416,6838,1773,431,268,15589,14696,893,23115,14400,10217,1034,1615,1127,434890.0,13273,6.06,5.73,47.7,70.58,2.55,54.97,29.2,32.8,11.22,7.83,0.6458
07624,ZCTA5 07624,zcta,,,07624,2023,8544,40.3,4331,235,2752,844,2632,3.22,187500.0,74100.0,608,8470,0.4484,2723,2632,91,2159,473,820100.0,2651.0,46,20,7,168,473,30.5,5540,737,245,311,2005,1114,428,119,4516,4316,200,6389,4267,2484,339,345,906,112150.0,3361,7.18,4.43,66.17,82.03,3.34,50.95,35.52,33.4,8.09,21.23,0.6288
07626,ZCTA5 07626,zcta,,,07626,2023,9101,45.0,5628,58,2534,1077,3085,2.9,173293.0,70235.0,209,8960,0.4159,3200,3085,115,2488,597,764800.0,2311.0,8,23,137,135,597,39.8,6219,977,171,676,1934,1187,348,168,4812,4582,230,7093,4522,3303,186,198,788,125575.0,3734,2.33,4.78,58.48,80.65,3.59,50.75,22.61,33.6,4.38,17.43,0.526
07627,ZCTA5 07627,zcta,,,07627,2023,4916,45.9,3342,18,1402,348,1695,2.89,175078.0,106410.0,39,4916,0.4905,1746,1695,51,1520,175,965400.0,3501.0,14,16,15,89,175,51.0,3293,235,153,162,1259,754,388,60,2390,2249,141,3705,2234,1313,185,190,446,72365.0,1788,0.79,5.9,74.73,89.68,2.92,76.57,50.86,40.5,8.5,19.96,0.4515
07628,ZCTA5 07628,zcta,,,07628,2023,18072,42.1,10227,859,3775,3547,6491,2.78,125585.0,51872.0,1079,18036,0.3803,6781,6491,290,4686,1805,469900.0,1778.0,302,104,188,388,1805,31.9,12944,2690,988,1185,3889,1583,524,57,10528,10176,341,15074,9950,7021,883,764,1106,287770.0,8844,5.98,3.24,46.76,72.19,4.28,54.4,21.5,32.5,7.68,11.12,0.5953
07630,ZCTA5 07630,zcta,,,07630,2023,7263,47.9,5791,51,826,552,2641,2.67,153963.0,68008.0,188,7099,0.419,2641,2641,0,2353,288,626000.0,1926.0,30,14,15,83,288,32.3,5273,862,308,402,1949,792,145,25,4016,3732,284,5980,3707,2538,155,248,595,91855.0,3112,2.65,7.07,55.21,89.1,0.0,49.31,28.82,29.5,6.69,16.05,0.3455
07631,ZCTA5 07631,zcta,,,07631,2023,29342,43.0,11376,5823,3812,9382,11258,2.59,101398.0,61108.0,2849,29072,0.5218,12047,11258,789,5935,5323,497500.0,1925.0,511,378,462,1714,5323,34.9,21016,4061,998,1626,4872,2378,1537,804,16598,15526,1072,23630,15352,9179,1185,1633,1959,380960.0,13393,9.8,6.46,45.64,52.72,6.55,57.58,32.2,28.4,10.64,12.76,0.6912
07632,ZCTA5 07632,zcta,,,07632,2023,5330,49.9,2459,94,2356,415,1930,2.74,222192.0,102085.0,249,5321,0.4869,2029,1930,99,1617,313,1232700.0,3501.0,0,0,22,144,313,49.1,3933,350,81,200,1262,777,749,238,2684,2563,121,4361,2528,1617,232,160,519,68870.0,2009,4.68,4.51,76.94,83.78,4.88,53.04,46.01,34.3,6.33,20.53,0.5854
07640,ZCTA5 07640,zcta,,,07640,2023,4883,46.7,3498,2,948,352,1776,2.75,180515.0,85915.0,281,4883,0.478,1858,1776,82,1706,70,709200.0,,12,0,0,33,70,34.2,3409,369,90,229,1534,403,303,103,2397,2298,99,3834,2268,1530,101,115,464,58270.0,1804,5.75,4.13,68.73,96.06,4.41,64.29,47.14,32.3,5.07,20.46,0.4439
07641,ZCTA5 07641,zcta,,,07641,2023,3321,44.8,2210,81,454,263,1053,3.15,227841.0,84397.0,124,3321,0.3649,1186,1053,133,1001,52,815300.0,,3,0,6,6,52,27.5,2122,264,38,105,739,501,153,84,1644,1598,46,2437,1587,999,53,92,425,40550.0,1162,3.73,2.8,69.6,95.06,11.21,28.85,11.54,34.9,5.8,26.78,0.5316
07642,ZCTA5 07642,zcta,,,07642,2023,10086,42.4,8232,105,794,866,3393,2.96,169862.0,65986.0,393,10026,0.3767,3479,3393,86,3063,330,656800.0,1720.0,47,45,42,79,330,36.3,6994,1029,282,465,2444,1498,262,140,5832,5662,170,8237,5515,3327,368,343,1205,116640.0,4310,3.92,2.91,62.11,90.27,2.47,64.55,23.94,27.1,6.22,21.85,0.3202
07643,ZCTA5 07643,zcta,,,07643,2023,10942,44.8,5309,442,2132,3768,4539,2.41,79476.0,44834.0,931,10942,0.4366,4672,4539,133,1957,2582,388500.0,1798.0,234,157,127,694,2582,29.1,8351,2153,339,515,1873,647,230,39,6723,6222,501,9684,5907,4047,563,916,269,162375.0,5638,8.51,7.45,33.4,43.12,2.85,46.94,26.88,28.8,15.51,4.55,0.6064
07644,ZCTA5 07644,zcta,,,07644,2023,25946,39.4,13554,2487,2096,10499,9381,2.75,84570.0,42965.0,4139,25854,0.4807,9864,9381,483,3880,5501,449200.0,1675.0,367,449,506,1322,5501,30.8,18068,5145,890,1888,2985,1766,314,23,14110,13270,826,20882,13017,8749,1648,991,996,324565.0,12021,16.01,5.85,28.16,41.36,4.9,48.06,24.03,27.0,7.61,7.65,0.5477
07645,ZCTA5 07645,zcta,,,07645,2023,8625,40.7,6532,220,1139,793,3086,2.79,183664.0,75108.0,325,8603,0.4187,3188,3086,102,2596,490,688500.0,2241.0,0,30,26,191,490,43.1,6066,803,172,504,2057,948,206,234,4328,4139,189,6972,4007,2302,268,213,1184,89925.0,2823,3.78,4.37,56.79,84.12,3.2,50.41,38.98,31.9,5.32,29.55,0.3999
07646,ZCTA5 07646,zcta,,,07646,2023,16882,39.5,9042,893,3467,3736,6157,2.71,113513.0,51201.0,773,16700,0.4066,6428,6157,271,3860,2297,554800.0,1722.0,152,167,294,484,2297,29.5,11746,2145,875,1090,3815,1411,290,119,9515,8907,608,13392,8606,5410,925,674,1201,219685.0,7405,4.63,6.39,47.97,62.69,4.22,47.76,21.07,29.7,7.83,13.96,0.6192
07647,ZCTA5 07647,zcta,,,07647,2023,5301,45.8,2822,68,1789,669,1761,2.85,118614.0,57402.0,214,5069,0.467,1777,1761,16,1361,400,588800.0,1853.0,20,35,51,91,400,30.9,3717,884,86,178,1282,554,120,24,2602,2468,134,4392,2353,1589,141,223,318,58400.0,2035,4.22,5.15,53.27,77.29,0.9,49.25,22.75,28.7,9.48,13.51,0.5866
07648,ZCTA5 07648,zcta,,,07648,2023,5668,47.5,3444,67,1724,364,1981,2.77,164766.0,64002.0,184,5501,0.4173,2048,1981,67,1589,392,676400.0,2446.0,26,145,3,101,392,37.1,3975,738,202,160,1561,629,149,46,2887,2853,34,4534,2823,1718,278,127,600,74860.0,2223,3.34,1.18,60.0,80.21,3.27,70.15,25.77,33.7,4.5,21.25,0.534
07649,ZCTA5 07649,zcta,,,07649,2023,8197,43.5,6093,138,1231,571,2687,3.02,214736.0,77497.0,289,8122,0.3839,2749,2687,62,2410,277,702400.0,2202.0,7,26,40,18,277,25.2,5478,603,123,423,2147,1122,469,201,4139,3998,141,6340,3961,1888,87,427,1479,89595.0,2482,3.56,3.41,71.91,89.69,2.26,32.85,6.5,36.1,10.78,37.34,0.4198
07650,ZCTA5 07650,zcta,,,07650,2023,20192,43.2,4987,629,11062,4828,7375,2.74,101295.0,47618.0,2017,20180,0.4575,7612,7375,237,2740,4635,704400.0,1976.0,404,210,605,1073,4635,31.3,15774,2948,438,974,6313,1573,478,106,12252,11587,665,17707,11358,6225,1413,2150,1125,328290.0,10233,10.0,5.43,53.7,37.15,3.11,49.45,23.15,32.1,18.93,9.9,0.5807
07652,ZCTA5 07652,zcta,,,07652,2023,26500,49.1,15698,1128,6278,3497,8420,2.95,139707.0,55503.0,1384,25012,0.4234,8898,8420,478,6877,1543,736000.0,2845.0,43,110,224,431,1543,37.7,19307,3838,1224,1252,6121,2516,679,384,12911,11850,1033,22232,11630,7348,660,912,2500,279530.0,9130,5.53,8.0,50.24,81.67,5.37,52.37,27.93,30.6,7.84,21.5,0.5737
07656,ZCTA5 07656,zcta,,,07656,2023,9218,46.6,7750,164,200,1314,3256,2.76,165391.0,70853.0,223,9002,0.4037,3410,3256,154,2678,578,666200.0,1995.0,31,80,35,104,578,27.9,6593,1242,344,381,2198,1361,109,80,5290,5147,143,7813,5052,3199,230,185,1101,109055.0,3951,2.48,2.7,56.85,82.25,4.52,43.25,17.99,27.6,3.66,21.79,0.272
07657,ZCTA5 07657,zcta,,,07657,2023,11439,40.3,4980,279,3013,4025,4082,2.8,115676.0,49450.0,578,11439,0.3954,4192,4082,110,1910,2172,609700.0,1935.0,87,177,208,532,2172,28.4,8401,1751,397,752,2692,1010,148,119,6374,6023,351,9701,5920,3782,770,662,542,160720.0,5378,5.05,5.51,47.24,46.79,2.62,46.22,24.49,29.9,11.18,9.16,0.6167
07660,ZCTA5 07660,zcta,,,07660,2023,13167,38.0,6541,899,1042,6518,5113,2.57,98184.0,44084.0,1685,12941,0.409,5389,5113,276,2930,2183,459400.0,1633.0,166,55,182,644,2183,30.3,9300,2321,466,639,2222,893,115,73,7774,6977,797,10357,6897,4308,721,771,682,168720.0,6215,13.02,10.25,35.52,57.3,5.12,47.96,29.5,27.1,11.18,9.89,0.4972
07661,ZCTA5 07661,zcta,,,07661,2023,12024,42.2,7285,569,3415,1049,4377,2.74,155827.0,74705.0,381,12024,0.4284,4479,4377,102,3320,1057,637500.0,1811.0,152,57,52,282,1057,30.5,8348,576,432,369,3770,1383,453,302,6824,6506,318,9725,6333,3759,491,668,1276,175640.0,5057,3.17,4.66,70.77,75.85,2.28,51.37,26.68,34.7,10.55,20.15,0.5424
07662,ZCTA5 07662,zcta,,,07662,2023,5820,48.3,3643,226,604,1502,2309,2.45,118259.0,56341.0,309,5643,0.4098,2377,2309,68,1850,459,470200.0,1666.0,22,25,54,181,459,41.0,4293,1090,239,383,1521,385,21,0,3315,3186,129,5101,3059,2387,130,188,331,71140.0,2728,5.48,3.89,44.89,80.12,2.86,61.44,39.43,26.1,6.15,10.82,0.5293
07663,ZCTA5 07663,zcta,,,07663,2023,14349,40.8,10094,528,1143,3435,5358,2.68,125935.0,52760.0,776,14349,0.358,5457,5358,99,3562,1796,473700.0,2018.0,172,64,15,524,1796,27.5,10557,2485,664,1156,2387,1128,270,43,8387,8060,312,11661,7958,5684,446,523,1139,158495.0,6819,5.41,3.72,36.26,66.48,1.81,43.15,29.18,23.2,6.57,14.31,0.4401
07666,ZCTA5 07666,zcta,,,07666,2023,41499,37.9,17703,8877,3527,10662,13406,3.04,134311.0,59937.0,2249,40734,0.4647,13851,13406,445,10307,3099,496400.0,1850.0,264,80,375,500,3099,27.4,27054,4360,1105,1814,7673,4503,1618,895,21918,20716,1143,33008,20326,9481,1815,3655,4283,547210.0,16043,5.52,5.21,54.3,76.88,3.21,39.34,16.13,34.1,17.98,21.07,0.699
07670,ZCTA5 07670,zcta,,,07670,2023,15252,42.1,9211,189,4787,1146,5222,2.9,208088.0,105188.0,560,15193,0.4788,5415,5222,193,3768,1454,974300.0,3143.0,90,47,60,255,1454,24.1,9946,639,116,478,3612,2632,1260,372,7572,7034,532,11153,6956,3951,410,906,1646,220715.0,5310,3.69,7.03,79.19,72.16,3.56,31.09,17.54,41.6,13.02,23.66,0.531
07675,ZCTA5 07675,zcta,,,07675,2023,27050,43.1,18617,526,4422,3461,9651,2.79,176981.0,74643.0,890,26950,0.3988,10049,9651,398,7666,1985,680600.0,2347.0,174,49,154,403,1985,26.9,18664,2302,521,1059,6871,3694,923,687,14788,14264,463,21653,14056,8493,858,974,2865,355915.0,11191,3.3,3.13,65.23,79.43,3.96,39.29,20.3,31.8,6.93,20.38,0.4828
07676,ZCTA5 07676,zcta,,,07676,2023,9276,46.0,7919,162,581,766,3317,2.8,168922.0,78677.0,233,9276,0.4022,3363,3317,46,3130,187,640600.0,2230.0,18,0,0,0,187,21.6,6710,1022,407,467,2811,906,122,99,4951,4750,201,7531,4618,3268,219,210,852,111525.0,3766,2.51,4.06,58.69,94.36,1.37,9.63,0.0,29.6,4.55,18.45,0.2601
07677,ZCTA5 07677,zcta,,,07677,2023,6097,45.2,4613,71,549,485,2123,2.83,211233.0,79675.0,126,6037,0.3724,2221,2123,98,1882,241,901800.0,2629.0,23,51,0,111,241,51.0,4269,331,77,112,1987,871,358,90,3023,2714,309,4855,2694,1619,113,169,645,62530.0,2049,2.09,10.22,77.44,88.65,4.41,76.76,46.06,30.5,6.27,23.94,0.413
07701,ZCTA5 07701,zcta,,,07701,2023,24544,43.1,18754,1073,535,4540,10736,2.27,113630.0,78599.0,1551,24361,0.5339,11082,10736,346,7015,3721,551500.0,1971.0,265,204,488,855,3721,30.4,18413,3218,759,1355,5666,2914,640,501,13811,13268,543,20229,13149,8842,654,757,2034,362845.0,11115,6.37,3.93,52.79,65.34,3.12,48.7,22.98,32.6,5.76,15.47,0.3796
07702,ZCTA5 07702,zcta,,,07702,2023,4162,42.0,3562,178,159,77,1492,2.68,144500.0,71092.0,144,4038,0.4836,1526,1492,34,1255,237,735900.0,3300.0,0,0,0,194,237,51.0,2853,385,203,132,1017,633,84,121,1844,1752,92,3250,1734,1181,9,131,389,42120.0,1345,3.57,4.99,65.02,84.12,2.23,81.86,81.86,31.3,7.55,22.43,0.2639
07703,ZCTA5 07703,zcta,,,07703,2023,0,,0,0,0,0,0,,,,0,0,,46,0,46,0,0,,,0,0,0,0,0,,0,0,0,0,0,0,0,0,0,0,0,0,0,0,0,0,0,,0,,,,,100.0,,,,,,1.0
07704,ZCTA5 07704,zcta,,,07704,2023,6182,40.5,5830,175,26,129,2072,2.98,237132.0,112530.0,74,6181,0.4718,2082,2072,10,1914,158,943300.0,3500.0,0,0,67,0,158,12.5,3859,208,101,153,1887,728,428,84,3215,3111,104,4487,3013,1611,118,483,705,91185.0,2308,1.2,3.23,81.03,92.37,0.48,42.41,0.0,39.5,16.03,23.4,0.1094
07711,ZCTA5 07711,zcta,,,07711,2023,1820,38.2,1371,4,16,218,613,2.97,125938.0,84824.0,73,1820,0.5228,920,613,307,471,142,1075900.0,2033.0,3,31,9,38,142,36.9,1261,167,38,90,479,284,127,12,891,835,56,1352,826,523,86,100,93,23830.0,733,4.01,6.29,71.53,76.84,33.37,57.04,26.76,32.5,12.11,11.26,0.4181
07712,ZCTA5 07712,zcta,,,07712,2023,39597,41.1,24745,7070,1197,7253,17810,2.21,95691.0,60355.0,4432,39558,0.4956,19321,17810,1511,8505,9305,578300.0,1496.0,858,467,1023,2616,9305,32.7,30051,5427,1941,2364,9003,3916,1244,499,23542,22352,1190,33095,21729,14465,1414,828,3562,489865.0,18167,11.2,5.05,48.79,47.75,7.82,53.35,28.11,27.0,3.81,16.39,0.5431
07716,ZCTA5 07716,zcta,,,07716,2023,8528,50.3,7542,273,241,346,3763,2.25,124096.0,80043.0,308,8466,0.4803,3931,3763,168,2604,1159,621700.0,1863.0,101,112,118,171,1159,27.7,6561,1412,355,366,2105,675,135,148,4742,4504,205,7270,4509,2967,204,486,756,138765.0,3753,3.64,4.32,46.68,69.2,4.27,43.31,14.75,37.0,10.78,16.77,0.2144
07717,ZCTA5 07717,zcta,,,07717,2023,1801,55.3,1732,1,15,80,878,2.04,109113.0,87829.0,115,1795,0.5252,1254,878,376,577,301,1349000.0,1891.0,14,0,29,61,301,26.7,1457,161,15,86,654,315,63,19,1036,957,73,1637,957,629,17,17,194,22280.0,763,6.41,7.05,72.13,65.72,29.98,34.55,20.27,29.2,1.78,20.27,0.0731
07718,ZCTA5 07718,zcta,,,07718,2023,7057,39.3,6185,15,112,591,2566,2.75,139313.0,58623.0,190,7057,0.3314,2603,2566,37,2438,128,490100.0,1847.0,0,45,0,11,128,29.9,5031,1137,490,567,1606,397,52,15,4028,3775,253,5590,3697,2505,172,223,753,106155.0,2944,2.69,6.28,41.14,95.01,1.42,43.75,8.59,36.1,6.03,20.37,0.2246
07719,ZCTA5 07719,zcta,,,07719,2023,22138,45.4,19534,344,414,2409,9232,2.37,119877.0,66931.0,1107,21889,0.441,10753,9232,1521,6775,2457,628700.0,1754.0,387,78,142,537,2457,30.2,16570,2984,1177,1331,5944,2007,579,188,12680,12105,559,18881,11675,8477,775,182,1780,289575.0,9895,5.06,4.41,52.61,73.39,14.14,46.56,21.86,29.3,1.56,15.25,0.209
07720,ZCTA5 07720,zcta,,,07720,2023,4147,41.4,3371,2,254,697,2020,2.05,94722.0,57393.0,248,4147,0.4244,2836,2020,816,975,1045,857200.0,1710.0,18,50,55,301,1045,26.3,3379,344,111,101,1230,729,144,154,2571,2518,53,3691,2490,1423,191,119,608,58080.0,1882,5.98,2.06,66.79,48.27,28.77,40.57,28.8,30.9,4.78,24.42,0.3072
07721,ZCTA5 07721,zcta,,,07721,2023,4445,30.9,2103,754,808,632,1687,2.62,128110.0,48078.0,237,4381,0.3644,1687,1687,0,921,766,387500.0,1945.0,22,56,0,186,766,24.9,3040,613,104,167,700,659,17,37,2667,2526,141,3738,2439,1772,134,244,244,74465.0,2195,5.41,5.29,46.48,54.59,0.0,34.46,24.28,33.9,10.0,10.0,0.6941
07722,ZCTA5 07722,zcta,,,07722,2023,9977,48.7,8790,73,414,824,3623,2.74,183015.0,97113.0,350,9816,0.4707,3723,3623,100,3346,277,871400.0,2895.0,25,4,11,55,277,28.8,7048,650,327,448,2418,1483,606,296,5526,5168,273,8187,5146,3342,327,229,1211,128050.0,3935,3.57,4.94,68.15,92.35,2.69,34.3,19.86,32.5,4.45,23.53,0.2152
07723,ZCTA5 07723,zcta,,,07723,2023,815,54.8,635,13,7,109,340,2.38,86563.0,84220.0,124,815,0.5684,1194,340,854,226,114,1341500.0,1422.0,0,4,2,37,114,36.9,573,181,29,25,115,37,44,0,357,346,11,709,345,204,16,15,57,9410.0,288,15.21,3.08,34.21,66.47,71.52,37.72,32.46,32.7,4.35,16.52,0.3747
07724,ZCTA5 07724,zcta,,,07724,2023,23830,45.6,16182,1893,2295,3142,9974,2.37,99170.0,57767.0,1936,23640,0.4744,10424,9974,450,6943,3031,487300.0,1640.0,130,126,169,1089,3031,32.3,17327,3078,1156,1649,4522,2290,560,386,13874,12749,1082,20059,12497,8989,1048,511,1641,304320.0,10856,8.19,7.8,44.77,69.61,4.32,49.95,35.93,28.0,4.09,13.13,0.5059
07726,ZCTA5 07726,zcta,,,07726,2023,44698,44.2,36304,1199,3647,3860,16379,2.71,145625.0,67625.0,2241,44534,0.4493,16822,16379,443,14279,2100,603000.0,1973.0,86,116,233,603,2100,33.6,31608,5820,1796,2193,10954,4770,1199,369,23388,22318,1052,35888,22044,14878,1227,1422,4130,727670.0,17914,5.03,4.5,54.71,87.18,2.63,49.43,28.71,40.6,6.45,18.74,0.3255
07727,ZCTA5 07727,zcta,,,07727,2023,7135,44.3,5439,805,347,703,2767,2.56,131125.0,56391.0,218,7127,0.3787,2951,2767,184,2339,428,585900.0,1794.0,42,36,118,97,428,40.2,5166,1121,348,415,1605,713,191,15,3656,3405,249,5979,3335,2273,224,62,553,82220.0,2782,3.06,6.81,48.86,84.53,6.24,68.46,22.66,29.6,1.86,16.58,0.3941
07728,ZCTA5 07728,zcta,,,07728,2023,56623,41.7,42444,2479,3367,11249,20513,2.71,107042.0,53186.0,4145,55185,0.4457,21150,20513,637,15812,4701,490000.0,1941.0,416,170,770,1380,4701,37.9,38394,8133,1781,3106,10882,5072,967,854,29133,27855,1199,44783,27546,17513,2696,1018,5104,696960.0,22442,7.51,4.12,46.3,77.08,3.01,58.2,29.36,31.1,3.7,18.53,0.3932
07730,ZCTA5 07730,zcta,,,07730,2023,17193,46.0,14650,144,370,2257,6612,2.57,122276.0,52699.0,733,16990,0.3873,6713,6612,101,5935,677,452500.0,1149.0,104,39,61,190,677,32.8,12727,3989,964,1228,2815,1035,101,104,9447,9100,347,14507,8700,6497,450,477,1054,248840.0,7646,4.31,3.67,31.86,89.76,1.5,58.2,28.06,32.5,5.48,12.11,0.2562
07731,ZCTA5 07731,zcta,,,07731,2023,39924,38.9,30788,1756,1386,6401,13755,2.9,130064.0,49172.0,2942,39901,0.3858,14102,13755,347,12451,1304,454900.0,2619.0,91,12,142,464,1304,44.9,26942,6627,1690,1990,7382,2928,771,207,21839,20803,1025,31578,20532,14951,1594,391,3008,575120.0,17524,7.37,4.69,41.9,90.52,2.46,54.37,35.58,32.8,1.9,14.65,0.3765
07732,ZCTA5 07732,zcta,,,07732,2023,4686,48.8,3820,176,357,302,2642,1.77,90205.0,73436.0,349,4681,0.506,3040,2642,398,1695,947,396800.0,1841.0,60,31,20,317,947,31.8,3885,686,113,312,1050,803,190,60,2516,2224,231,4044,2230,1228,96,224,545,66530.0,1685,7.46,9.18,54.13,64.16,13.09,45.2,33.47,39.5,10.04,24.44,0.3241
07733,ZCTA5 07733,zcta,,,07733,2023,17113,48.1,13383,122,2081,1027,6193,2.7,175559.0,94134.0,643,16772,0.4768,6318,6193,125,5669,524,814000.0,3501.0,7,19,0,246,524,51.0,11962,1343,430,800,4440,2589,613,354,8225,7924,301,13764,7850,4621,319,845,1938,222245.0,5912,3.83,3.66,66.85,91.54,1.98,51.91,46.95,37.6,10.76,24.69,0.37
07734,ZCTA5 07734,zcta,,,07734,2023,13188,40.6,9606,1075,224,2493,4834,2.7,89073.0,37489.0,1241,13006,0.3942,5349,4834,515,2879,1955,310000.0,1638.0,106,86,294,474,1955,29.8,9353,3158,1021,605,1462,511,18,41,7091,6709,348,10819,6660,4734,698,381,401,178505.0,6259,9.54,4.91,21.73,59.56,9.63,49.1,24.25,28.5,5.72,6.02,0.4268
07735,ZCTA5 07735,zcta,,,07735,2023,19203,43.6,14158,1237,667,3680,7938,2.41,98760.0,47998.0,1019,19203,0.3827,8411,7938,473,6056,1882,384700.0,1520.0,145,15,238,351,1882,28.1,14351,3767,1200,1132,2932,1270,288,176,11451,10664,787,16104,10334,7954,885,436,865,285035.0,9469,5.31,6.87,32.51,76.29,5.62,39.8,18.65,30.1,4.22,8.37,0.4143
07737,ZCTA5 07737,zcta,,,07737,2023,4158,39.5,3413,260,173,235,1497,2.78,134818.0,55233.0,162,4158,0.3659,1615,1497,118,1383,114,468500.0,1439.0,47,0,0,34,114,32.6,2762,650,93,202,1013,388,21,0,2351,2096,246,3243,2067,1466,130,140,303,73830.0,1764,3.9,10.46,51.48,92.38,7.31,71.05,29.82,41.9,6.77,14.66,0.3174
07738,ZCTA5 07738,zcta,,,07738,2023,6901,43.4,6046,82,267,449,2445,2.79,168945.0,78874.0,152,6852,0.4606,2445,2445,0,2160,285,719000.0,843.0,125,14,20,39,285,32.2,4669,853,325,259,1832,778,280,23,3345,3097,248,5437,3025,1955,124,220,619,97345.0,2406,2.22,7.41,62.39,88.34,0.0,69.47,13.68,40.5,7.27,20.46,0.2266
07739,ZCTA5 07739,zcta,,,07739,2023,6096,46.8,5988,0,34,93,2252,2.71,220746.0,111124.0,148,6096,0.4603,2352,2252,100,2155,97,870700.0,3501.0,0,0,0,0,97,17.4,4268,380,49,146,1831,1130,363,80,3348,3244,104,4859,3198,1799,139,358,854,85080.0,2344,2.43,3.11,79.76,95.69,4.25,0.0,0.0,36.3,11.19,26.7,0.0349
07740,ZCTA5 07740,zcta,,,07740,2023,32330,35.4,18719,4344,667,7420,13105,2.45,73806.0,41572.0,5168,31983,0.4884,15208,13105,2103,5447,7658,521900.0,1744.0,499,507,590,2390,7658,32.7,21202,5415,1252,999,4235,2074,571,468,17345,16084,1261,26273,15682,8794,3675,756,1295,449225.0,14387,16.16,7.27,34.66,41.56,13.83,52.05,31.21,31.2,4.82,8.26,0.5936
07746,ZCTA5 07746,zcta,,,07746,2023,18137,46.5,13834,249,3414,855,6023,3.0,186885.0,81851.0,646,18130,0.4573,6115,6023,92,5772,251,654700.0,2688.0,0,32,58,9,251,39.5,12488,1495,431,738,4415,2816,652,571,9200,8773,427,14584,8592,4641,496,796,2459,251870.0,6133,3.56,4.64,67.7,95.83,1.5,39.44,3.59,41.1,9.26,28.62,0.3804
07747,ZCTA5 07747,zcta,,,07747,2023,32246,41.7,22093,2334,2979,3737,12788,2.5,124896.0,59968.0,2094,32010,0.4105,13134,12788,346,9550,3238,464100.0,1840.0,167,226,209,539,3238,26.0,23887,5052,1228,1590,7952,3365,504,320,18563,17519,1044,26556,17341,11676,807,1528,2995,513920.0,14346,6.54,5.62,50.83,74.68,2.63,35.24,16.65,35.8,8.81,17.27,0.5034
07748,ZCTA5 07748,zcta,,,07748,2023,28288,43.5,24034,501,567,3243,10229,2.76,152488.0,69729.0,1232,28288,0.4311,10446,10229,217,8929,1300,568000.0,1483.0,78,56,134,411,1300,32.7,19368,3864,1125,1372,6367,2902,428,327,15471,14608,863,22769,14315,9690,545,1401,2548,420695.0,11767,4.36,5.58,51.76,87.29,2.08,52.23,31.62,35.8,9.79,17.8,0.2643
07750,ZCTA5 07750,zcta,,,07750,2023,3201,58.3,2841,20,94,248,1503,2.13,140074.0,115245.0,74,3201,0.523,1884,1503,381,1221,282,918100.0,2169.0,61,0,18,43,282,30.2,2634,298,120,234,928,455,268,59,1769,1699,70,2891,1601,907,37,105,486,35345.0,1115,2.31,3.96,64.92,81.24,20.22,43.26,15.25,31.7,6.56,30.36,0.2054
07751,ZCTA5 07751,zcta,,,07751,2023,21431,42.5,13236,531,5769,1304,7398,2.9,172576.0,77075.0,732,21425,0.4207,7567,7398,169,6699,699,663100.0,2636.0,53,18,29,199,699,29.0,14048,1820,531,1150,4846,2967,825,456,11579,11301,278,17064,11191,6485,647,1116,2838,351720.0,8353,3.42,2.4,64.74,90.55,2.23,42.78,28.47,42.1,9.97,25.36,0.5418
07753,ZCTA5 07753,zcta,,,07753,2023,37208,43.7,20300,10127,1077,5980,15810,2.31,92824.0,49319.0,3750,36561,0.458,16701,15810,891,10970,4840,390900.0,1740.0,219,289,551,1426,4840,34.5,27117,6400,2001,2041,6799,2469,531,234,20284,18640,1605,31160,18365,14055,1448,290,1852,414620.0,16513,10.26,7.91,37.0,69.39,5.34,51.34,29.46,25.1,1.58,10.08,0.6016
07755,ZCTA5 07755,zcta,,,07755,2023,6150,35.4,4729,239,50,267,1973,3.11,133299.0,52378.0,424,6095,0.4094,2411,1973,438,1568,405,655000.0,2448.0,62,22,36,115,405,33.3,3806,929,227,269,1105,479,164,31,3197,3005,192,4750,2940,2045,312,120,355,74910.0,2585,6.96,6.01,46.74,79.47,18.17,58.02,28.4,29.0,4.08,12.07,0.4053
07756,ZCTA5 07756,zcta,,,07756,2023,3033,62.3,2652,46,65,271,1716,1.66,74410.0,82415.0,190,2897,0.5349,2831,1716,1115,1058,658,764200.0,1212.0,83,32,38,137,658,29.2,2841,294,92,135,993,608,177,49,1559,1473,86,2968,1473,769,51,203,352,34530.0,1121,6.56,5.52,64.31,61.66,39.39,44.07,20.82,30.8,13.78,23.9,0.2268
07757,ZCTA5 07757,zcta,,,07757,2023,6130,48.3,5443,37,156,289,2490,2.45,156196.0,73874.0,180,6130,0.404,2620,2490,130,2328,162,685800.0,1310.0,23,0,0,44,162,27.9,4279,533,215,410,1367,707,66,69,3013,2864,149,4925,2864,1971,354,230,269,86135.0,2595,2.94,4.95,51.62,93.49,4.96,41.36,27.16,33.2,8.03,9.39,0.2087
07758,ZCTA5 07758,zcta,,,07758,2023,4230,47.3,3527,150,87,613,1627,2.6,121150.0,55292.0,231,4230,0.4356,1653,1627,26,1272,355,478900.0,1203.0,12,11,133,123,355,46.3,2994,707,186,287,650,301,57,25,2262,2178,84,3483,2129,1412,72,318,301,67620.0,1828,5.46,3.71,34.5,78.18,1.57,78.59,34.65,37.0,14.94,14.14,0.2821
07760,ZCTA5 07760,zcta,,,07760,2023,9557,46.5,9076,6,70,326,3521,2.71,217545.0,130857.0,392,9507,0.5115,3845,3521,324,3110,411,1275000.0,2108.0,66,19,17,55,411,26.9,6494,452,174,317,3053,1238,433,171,4765,4517,248,7718,4380,2149,106,722,1094,139860.0,3286,4.12,5.2,75.38,88.33,8.43,38.2,13.38,42.6,16.48,24.98,0.0969
07762,ZCTA5 07762,zcta,,,07762,2023,8205,55.0,7626,21,78,340,4034,2.02,103947.0,83685.0,415,8205,0.5148,5109,4034,1075,2640,1394,871400.0,1775.0,176,67,91,437,1394,33.9,6529,784,268,441,2330,1169,448,214,4109,3923,186,7207,3923,2671,78,199,810,90105.0,3113,5.06,4.53,63.73,65.44,21.04,55.31,31.35,28.9,5.07,20.65,0.1343
07764,ZCTA5 07764,zcta,,,07764,2023,8576,30.4,7177,471,91,598,2771,2.6,123661.0,53217.0,198,7198,0.4485,3030,2771,259,1982,789,631300.0,1936.0,88,11,40,342,789,41.5,5042,964,320,378,1460,666,128,59,4452,4152,300,7082,3913,2608,145,125,811,90470.0,3102,2.75,6.74,45.87,71.53,8.55,60.96,43.35,29.2,3.19,20.73,0.2917
07801,ZCTA5 07801,zcta,,,07801,2023,26725,40.0,9271,1495,1113,17333,9184,2.88,78053.0,35912.0,3119,26451,0.4222,9442,9184,258,4437,4747,369400.0,1747.0,155,507,765,1503,4747,39.4,18942,5713,1059,1390,2767,1160,126,135,15839,14925,755,21755,14841,9972,1566,308,1330,359815.0,13511,11.79,4.77,22.11,48.31,2.73,61.72,31.66,26.6,2.08,8.96,0.4542
07803,ZCTA5 07803,zcta,,,07803,2023,3993,42.1,2419,85,228,1233,1389,2.87,113861.0,47721.0,186,3993,0.315,1463,1389,74,1228,161,377800.0,1873.0,15,0,0,73,161,34.8,2790,723,191,435,825,204,45,9,2380,2297,83,3186,2227,1669,135,38,334,54795.0,1893,4.66,3.49,38.82,88.41,5.06,54.66,45.34,28.9,1.71,15.0,0.5339
07820,ZCTA5 07820,zcta,,,07820,2023,0,,0,0,0,0,0,,,,0,0,,0,0,0,0,0,,,0,0,0,0,0,,0,0,0,0,0,0,0,0,0,0,0,0,0,0,0,0,0,,0,,,,,,,,,,,1.0
07821,ZCTA5 07821,zcta,,,07821,2023,9036,42.9,7885,132,61,934,3472,2.6,145100.0,63180.0,221,9036,0.3827,3779,3472,307,3204,268,401900.0,1646.0,33,8,49,10,268,29.1,6270,1065,445,477,1998,941,223,162,5288,5042,246,7636,4944,3706,242,94,836,149595.0,4108,2.45,4.65,53.01,92.28,8.12,37.31,3.73,36.4,1.9,16.91,0.2276
07822,ZCTA5 07822,zcta,,,07822,2023,904,51.9,767,66,68,18,310,2.89,106250.0,44001.0,16,904,0.2959,338,310,28,310,0,421300.0,,0,0,0,0,0,,559,171,0,64,114,44,0,0,547,540,7,835,526,458,16,0,43,13695.0,483,1.77,1.28,28.26,100.0,8.28,,,28.4,0.0,8.17,0.2687
07823,ZCTA5 07823,zcta,,,07823,2023,7542,55.3,6850,164,88,623,3522,2.09,84381.0,42604.0,725,7436,0.3953,3643,3522,121,2307,1215,314600.0,948.0,39,44,119,247,1215,23.3,6025,2174,468,521,907,434,72,19,3768,3615,153,6614,3559,2744,253,53,215,114060.0,3344,9.75,4.06,23.77,65.5,3.32,36.95,20.33,34.1,1.49,6.04,0.1677
07825,ZCTA5 07825,zcta,,,07825,2023,9271,48.5,8362,158,97,671,3427,2.63,123355.0,52795.0,412,9164,0.3883,3704,3427,277,3133,294,410700.0,1692.0,40,0,43,62,294,33.6,6980,1787,289,484,2068,626,89,62,4944,4565,378,7950,4552,3380,350,18,624,145225.0,3928,4.5,7.65,40.76,91.42,7.48,49.32,21.09,37.0,0.4,13.71,0.1808
07826,ZCTA5 07826,zcta,,,07826,2023,5575,49.4,4951,23,44,344,2206,2.5,114784.0,56421.0,188,5545,0.3743,2676,2206,470,1935,271,370900.0,1628.0,21,11,40,22,271,23.9,4192,1260,310,281,1170,308,50,59,3042,2883,146,4773,2824,2270,109,10,410,80310.0,2414,3.39,4.8,37.86,87.72,17.56,34.69,8.12,33.3,0.35,14.52,0.2074
07827,ZCTA5 07827,zcta,,,07827,2023,4111,43.6,3556,11,234,210,1671,2.44,99938.0,51753.0,330,4103,0.4136,1854,1671,183,1481,190,298000.0,1307.0,0,0,0,117,190,51.0,3047,885,258,342,633,290,20,42,2070,1931,139,3412,1899,1565,197,76,58,79600.0,1841,8.04,6.71,32.33,88.63,9.87,61.58,61.58,43.2,4.0,3.05,0.2459
07828,ZCTA5 07828,zcta,,,07828,2023,14723,37.7,9692,1715,1020,3252,5847,2.52,96989.0,53212.0,885,14723,0.4221,5970,5847,123,3180,2667,433200.0,1483.0,187,155,315,469,2667,27.5,10443,2362,688,744,2905,1407,247,66,9187,8804,383,11746,8725,6696,635,76,1251,235905.0,7474,6.01,4.17,44.29,54.39,2.06,42.22,17.59,31.6,0.87,14.34,0.4995
07830,ZCTA5 07830,zcta,,,07830,2023,7451,50.6,6540,402,121,512,2729,2.73,181023.0,75894.0,145,7446,0.4011,2746,2729,17,2601,128,622400.0,1771.0,0,14,16,24,128,41.6,5484,691,390,322,1760,1054,399,316,4008,3817,191,6184,3783,2616,149,50,828,103640.0,2955,1.95,4.77,64.35,95.31,0.62,42.19,18.75,35.1,1.32,21.89,0.2217
07831,ZCTA5 07831,zcta,,,07831,2023,39,,39,0,0,0,20,1.95,,,0,39,,20,20,0,20,0,,,0,0,0,0,0,,39,20,0,0,0,0,0,0,0,0,0,39,0,0,0,0,0,,0,0.0,,0.0,100.0,0.0,,,,,,0.0
07832,ZCTA5 07832,zcta,,,07832,2023,3459,44.9,3197,21,14,243,1345,2.53,104358.0,47059.0,130,3403,0.3468,1412,1345,67,1212,133,326000.0,1756.0,8,0,0,19,133,18.8,2459,474,281,172,703,132,33,17,1702,1639,63,2696,1578,1212,78,7,253,46880.0,1325,3.82,3.7,35.99,90.11,4.75,20.3,14.29,35.4,0.44,16.03,0.1408
07833,ZCTA5 07833,zcta,,,07833,2023,72,67.6,72,0,0,0,30,2.4,138750.0,47089.0,6,72,0.2509,30,30,0,24,6,220000.0,,0,0,0,0,6,,62,15,0,0,4,9,9,0,24,24,0,72,24,24,0,0,0,,24,8.33,0.0,35.48,80.0,0.0,0.0,0.0,,0.0,0.0,0.0
07834,ZCTA5 07834,zcta,,,07834,2023,18203,41.6,14188,372,1676,1368,6686,2.69,162644.0,68832.0,522,18059,0.3801,7122,6686,436,5737,949,552300.0,1707.0,89,59,123,235,949,32.4,12885,1786,674,789,4884,2181,708,170,10063,9486,567,14727,9212,6126,524,226,2194,207370.0,7018,2.89,5.63,61.65,85.81,6.12,53.32,24.76,29.5,2.45,23.82,0.3779
07836,ZCTA5 07836,zcta,,,07836,2023,12104,44.0,8832,260,730,2073,4686,2.58,154743.0,66079.0,436,12104,0.3692,4777,4686,91,3139,1547,517800.0,1872.0,67,44,65,299,1547,25.0,8677,1383,466,571,2615,1391,271,189,7339,6999,320,9735,6919,4977,432,88,1349,185875.0,5570,3.6,4.36,51.47,66.99,1.9,30.7,19.33,33.4,1.27,19.5,0.4341
07838,ZCTA5 07838,zcta,,,07838,2023,3495,42.2,3260,17,34,196,1317,2.64,121563.0,56145.0,196,3491,0.3877,1451,1317,134,1158,159,409600.0,2054.0,0,0,69,11,159,42.0,2569,638,72,315,795,195,87,16,2112,2047,65,2999,2039,1649,62,35,278,73865.0,1761,5.61,3.08,42.55,87.93,9.24,50.31,6.92,41.9,1.72,13.63,0.1267
07840,ZCTA5 07840,zcta,,,07840,2023,31995,42.9,23790,1733,2116,5302,12757,2.44,107956.0,54394.0,1765,31083,0.4233,12974,12757,217,9033,3724,373000.0,1469.0,361,208,351,865,3724,29.6,22457,4921,1397,1903,7234,2958,636,250,17836,16553,1266,26495,16148,11977,1239,138,2218,462425.0,13930,5.68,7.1,49.33,70.81,1.67,47.93,23.23,33.2,0.85,13.74,0.4124
07842,ZCTA5 07842,zcta,,,07842,2023,52,,52,0,0,0,26,2.0,,,0,52,,26,26,0,26,0,,,0,0,0,0,0,,52,52,0,0,0,0,0,0,52,52,0,52,52,52,0,0,0,,52,0.0,0.0,0.0,100.0,0.0,,,,0.0,0.0,0.0
07843,ZCTA5 07843,zcta,,,07843,2023,11309,41.4,8457,350,410,2375,4462,2.52,111433.0,52506.0,464,11309,0.3852,4917,4462,455,3898,564,316900.0,1616.0,49,4,38,109,564,27.5,8538,2179,784,937,1863,831,39,124,6898,6635,263,9333,6488,4999,528,87,827,204670.0,5661,4.1,3.81,33.46,87.36,9.25,35.46,19.33,36.2,1.34,12.75,0.3944
07844,ZCTA5 07844,zcta,,,07844,2023,111,25.3,72,0,39,0,45,2.47,78015.0,36838.0,3,111,0.2974,58,45,13,9,36,,1263.0,0,0,0,0,36,,58,28,3,0,18,0,9,0,99,99,0,111,99,51,0,9,0,,99,2.7,0.0,46.55,20.0,22.41,0.0,0.0,,9.09,0.0,0.4558
07846,ZCTA5 07846,zcta,,,07846,2023,29,69.4,24,0,0,0,12,2.42,114000.0,54441.0,0,29,0.1408,12,12,0,12,0,440000.0,,0,0,0,0,0,,24,4,3,4,8,5,0,0,18,18,0,29,18,13,0,0,0,,18,0.0,0.0,54.17,100.0,0.0,,,,0.0,0.0,0.3151
07847,ZCTA5 07847,zcta,,,07847,2023,1769,42.7,1260,174,0,328,677,2.58,81313.0,38629.0,115,1761,0.3647,685,677,8,537,140,337600.0,2068.0,91,0,0,20,140,32.3,1356,435,28,152,223,132,13,0,975,957,18,1430,957,840,25,0,92,30855.0,865,6.53,1.85,27.14,79.32,1.17,79.29,14.29,35.7,0.0,9.61,0.4486
07848,ZCTA5 07848,zcta,,,07848,2023,4513,52.6,3957,37,126,399,1613,2.43,116042.0,54892.0,302,4067,0.4469,1694,1613,81,1419,194,412500.0,1438.0,48,11,26,31,194,32.3,3639,1072,158,244,1003,304,65,6,2235,2165,70,3852,2132,1708,79,7,317,57130.0,1815,7.43,3.13,37.87,87.97,4.78,59.79,15.98,31.5,0.33,14.87,0.2226
07849,ZCTA5 07849,zcta,,,07849,2023,8475,47.4,6517,595,561,926,3325,2.55,111081.0,56279.0,243,8314,0.3891,3648,3325,323,3109,216,412800.0,1594.0,58,46,25,14,216,33.0,6129,1367,306,422,1658,884,63,90,4657,4559,78,6989,4534,3620,219,198,481,121690.0,4053,2.92,1.67,43.97,93.5,8.85,66.2,6.48,30.0,4.37,10.61,0.3874
07850,ZCTA5 07850,zcta,,,07850,2023,7328,39.8,5116,436,211,1433,2580,2.84,101765.0,48268.0,643,7328,0.4527,2722,2580,142,2059,521,387100.0,1711.0,22,26,78,248,521,49.2,4906,1031,202,608,1322,610,42,36,4135,4052,83,6052,3857,2306,545,360,529,133565.0,3328,8.77,2.01,40.97,79.81,5.22,71.79,47.6,40.1,9.33,13.72,0.47
07851,ZCTA5 07851,zcta,,,07851,2023,298,37.6,237,0,0,0,126,2.37,105139.0,39765.0,0,298,0.2818,142,126,16,123,3,322500.0,,0,0,3,0,3,,187,27,20,0,72,0,8,0,143,143,0,210,143,143,0,0,0,,143,0.0,0.0,42.78,97.62,11.27,100.0,0.0,,0.0,0.0,0.3675
07852,ZCTA5 07852,zcta,,,07852,2023,3893,47.1,2752,219,465,398,1591,2.43,90924.0,53861.0,172,3893,0.4109,1629,1591,38,1250,341,424900.0,1476.0,34,20,90,133,341,45.8,2781,340,79,336,1318,218,116,29,2408,1973,435,3476,1893,1471,23,30,338,48585.0,1555,4.42,18.06,60.45,78.57,2.33,81.23,39.0,31.2,1.58,17.86,0.4724
07853,ZCTA5 07853,zcta,,,07853,2023,12360,44.3,10603,126,424,1460,4209,2.93,183692.0,77100.0,398,12356,0.4032,4309,4209,100,3997,212,601000.0,1745.0,12,44,0,122,212,51.0,8379,1136,400,583,2937,1857,334,193,6507,6276,231,9888,6164,4232,154,81,1620,173935.0,4544,3.22,3.55,63.5,94.96,2.32,83.96,57.55,38.3,1.31,26.28,0.2489
07856,ZCTA5 07856,zcta,,,07856,2023,4280,47.5,3468,178,99,593,2070,2.07,98397.0,54477.0,275,4265,0.3704,2441,2070,371,1408,662,389500.0,2374.0,14,26,74,184,662,27.7,3247,739,282,284,1024,411,81,33,2368,2270,98,3727,2217,1695,84,18,420,66080.0,1797,6.45,4.14,47.71,68.02,15.2,45.02,27.79,36.8,0.81,18.94,0.322
07857,ZCTA5 07857,zcta,,,07857,2023,3543,43.6,2582,421,14,704,1821,1.94,92596.0,53868.0,298,3537,0.3695,1973,1821,152,963,858,344300.0,1396.0,43,30,82,301,858,33.1,2739,665,255,217,913,119,24,8,2135,2092,43,3092,1915,1375,146,0,379,45435.0,1536,8.43,2.01,38.85,52.88,7.7,53.15,35.08,29.6,0.0,19.79,0.4153
07860,ZCTA5 07860,zcta,,,07860,2023,26521,46.2,23334,743,354,2032,10389,2.48,104113.0,52817.0,2233,26001,0.4551,11473,10389,1084,8361,2028,336600.0,1437.0,109,86,156,667,2028,32.5,19628,4830,1273,2028,4935,2093,670,200,13956,13030,926,22023,12736,10291,749,93,1336,358480.0,11400,8.59,6.64,40.24,80.48,9.45,50.2,32.89,31.4,0.73,10.49,0.2191
07863,ZCTA5 07863,zcta,,,07863,2023,4097,49.3,3751,61,50,288,1601,2.46,101417.0,55725.0,239,3986,0.456,1618,1601,17,1423,178,276300.0,1624.0,65,8,13,30,178,32.1,3143,1154,194,242,571,303,36,0,2318,2135,183,3641,2108,1745,97,39,212,69170.0,1896,6.0,7.89,28.95,88.88,1.05,65.17,16.85,36.5,1.85,10.06,0.1565
07865,ZCTA5 07865,zcta,,,07865,2023,3284,33.9,2611,55,1,363,1044,3.13,108881.0,40736.0,172,3284,0.294,1086,1044,42,861,183,373500.0,1885.0,87,0,0,0,183,30.1,1933,396,157,225,459,291,30,34,1605,1475,130,2412,1454,1259,9,0,186,38320.0,1268,5.24,8.1,42.11,82.47,3.87,47.54,0.0,30.2,0.0,12.79,0.3554
07866,ZCTA5 07866,zcta,,,07866,2023,22632,45.3,18089,221,1263,3590,8687,2.6,123828.0,62446.0,880,22632,0.4424,8863,8687,176,7035,1652,434200.0,1604.0,177,77,76,359,1652,24.9,16416,3063,1113,1256,5234,2456,200,351,12825,11960,865,18514,11770,8169,580,181,2609,264895.0,9161,3.89,6.74,50.2,80.98,1.99,41.71,21.73,28.9,1.54,22.17,0.3328
07869,ZCTA5 07869,zcta,,,07869,2023,25919,40.3,18050,583,2485,4408,9016,2.86,170862.0,74728.0,1332,25710,0.4357,9124,9016,108,6935,2081,636400.0,1772.0,88,84,241,445,2081,28.7,17268,1593,405,1000,6565,3623,1047,676,13840,13112,728,20008,12844,9018,534,334,2756,322270.0,10088,5.18,5.26,68.98,76.92,1.18,41.23,21.38,31.9,2.6,21.46,0.4764
07870,ZCTA5 07870,zcta,,,07870,2023,45,64.1,45,0,0,0,22,1.95,,,2,45,,22,22,0,22,0,,,0,0,0,0,0,,45,2,0,0,22,0,0,0,43,43,0,45,43,0,0,0,43,,0,4.44,0.0,48.89,100.0,0.0,,,,0.0,100.0,0.0
07871,ZCTA5 07871,zcta,,,07871,2023,21167,42.2,18078,164,773,1818,7880,2.68,167443.0,75916.0,651,21142,0.4064,8367,7880,487,7140,740,462900.0,1831.0,26,63,63,170,740,28.8,14572,1688,731,1019,5549,2558,663,323,11626,11131,495,16487,11031,7794,603,187,2177,337485.0,8854,3.08,4.26,62.4,90.61,5.82,43.51,22.97,38.1,1.7,19.74,0.2618
07874,ZCTA5 07874,zcta,,,07874,2023,8498,40.4,6911,166,152,1559,3226,2.63,125517.0,53307.0,325,8481,0.3598,3325,3226,99,2984,242,336000.0,1735.0,32,0,17,80,242,31.9,5827,1338,442,607,1567,662,48,22,5355,5154,190,6977,5039,3972,215,57,747,138335.0,4292,3.83,3.55,39.45,92.5,2.98,53.31,33.06,32.2,1.13,14.82,0.3043
07876,ZCTA5 07876,zcta,,,07876,2023,9667,45.5,7653,241,480,1101,3268,2.9,163814.0,62729.0,359,9454,0.354,3348,3268,80,3064,204,481300.0,2299.0,18,20,0,24,204,20.9,7143,1682,352,571,2227,1060,141,60,5546,5321,225,7988,5212,4084,137,50,878,131055.0,4334,3.8,4.06,48.83,93.76,2.39,30.39,11.76,30.2,0.96,16.85,0.3572
07878,ZCTA5 07878,zcta,,,07878,2023,712,43.0,542,0,35,42,316,2.25,113875.0,58648.0,0,712,0.2262,316,316,0,316,0,436000.0,,0,0,0,0,0,,557,212,13,26,130,154,0,11,390,377,13,656,366,310,21,0,35,7835.0,331,0.0,3.33,52.96,100.0,0.0,,,23.7,0.0,9.56,0.4146
07880,ZCTA5 07880,zcta,,,07880,2023,195,42.0,195,0,0,0,77,2.53,110134.0,43021.0,11,195,0.0216,77,77,0,77,0,406100.0,,0,0,0,0,0,,161,24,19,0,11,12,0,0,95,95,0,161,95,67,28,0,0,,95,5.64,0.0,14.29,100.0,0.0,,,,0.0,0.0,0.0
07881,ZCTA5 07881,zcta,,,07881,2023,0,,0,0,0,0,0,,,,0,0,,3,0,3,0,0,,,0,0,0,0,0,,0,0,0,0,0,0,0,0,0,0,0,0,0,0,0,0,0,,0,,,,,100.0,,,,,,1.0
07882,ZCTA5 07882,zcta,,,07882,2023,14918,43.3,11622,789,587,1630,6048,2.45,100852.0,49879.0,1225,14903,0.4097,6290,6048,242,4327,1721,333800.0,1411.0,127,77,99,492,1721,29.0,10564,3137,797,1014,3063,724,111,105,8329,8025,304,12154,7803,6021,341,172,1140,240425.0,6663,8.22,3.65,37.89,71.54,3.85,46.19,28.59,36.1,2.2,14.61,0.3768
07885,ZCTA5 07885,zcta,,,07885,2023,11864,40.2,8523,170,104,4113,4761,2.49,100903.0,50663.0,1584,11864,0.4173,4947,4761,186,2966,1795,345200.0,1961.0,49,92,344,282,1795,28.0,8940,2662,718,481,2640,643,49,100,6954,6668,286,9804,6479,4595,784,105,873,176005.0,5606,13.35,4.11,38.39,62.3,3.76,42.73,15.71,31.4,1.62,13.47,0.3634
07901,ZCTA5 07901,zcta,,,07901,2023,24502,40.5,16841,1752,2291,2870,9004,2.7,177986.0,108961.0,884,24397,0.5135,9477,9004,473,6212,2792,958700.0,2209.0,119,172,196,409,2792,23.1,16657,1361,535,641,5844,4204,1345,580,13377,12840,537,19217,12407,5839,560,2251,2568,344835.0,9839,3.62,4.01,71.88,68.99,4.99,32.09,14.65,35.0,18.14,20.7,0.5
07920,ZCTA5 07920,zcta,,,07920,2023,28390,46.1,19262,329,6739,1591,10632,2.64,184630.0,102757.0,1087,28195,0.4951,10943,10632,311,8927,1705,769300.0,2330.0,203,86,188,276,1705,29.2,19365,2038,523,913,6869,4907,1296,1162,14190,13669,515,22746,13326,8636,365,654,3458,319215.0,9868,3.86,3.63,73.5,83.96,2.84,44.16,16.19,32.3,4.91,25.95,0.48
07921,ZCTA5 07921,zcta,,,07921,2023,7563,49.1,5685,143,728,764,3990,1.89,117705.0,82862.0,341,7554,0.4836,4072,3990,82,3162,828,431000.0,2160.0,31,0,29,246,828,27.0,6139,579,384,470,2407,1281,141,193,4654,4453,201,6720,4368,3016,158,35,1068,100395.0,3300,4.51,4.32,65.52,79.25,2.01,36.96,29.71,30.4,0.8,24.45,0.4151
07922,ZCTA5 07922,zcta,,,07922,2023,11971,48.2,8391,352,2223,861,4291,2.73,179006.0,91278.0,261,11731,0.4378,4474,4291,183,4117,174,697000.0,1986.0,0,0,0,33,174,19.9,8730,1085,213,336,3102,2125,603,542,6053,5854,199,9738,5776,3363,240,535,1462,155775.0,4314,2.22,3.29,72.99,95.95,4.09,18.97,18.97,36.1,9.26,25.31,0.4682
07924,ZCTA5 07924,zcta,,,07924,2023,7756,41.3,6718,45,217,839,2614,2.96,230752.0,104907.0,81,7754,0.4828,2683,2614,69,2349,265,733800.0,2155.0,0,0,22,34,265,26.8,5439,478,105,131,2247,956,387,186,4304,4143,161,6060,4115,2528,157,158,928,88020.0,3187,1.04,3.74,69.42,89.86,2.57,21.13,12.83,27.6,3.84,22.55,0.2372
07926,ZCTA5 07926,zcta,,,07926,2023,72,34.1,12,0,0,60,23,3.13,,35718.0,0,72,0.0829,23,23,0,11,12,,,12,0,0,0,12,,39,0,0,16,23,0,0,0,39,39,0,39,39,39,0,0,0,,39,0.0,0.0,58.97,47.83,0.0,100.0,0.0,,0.0,0.0,0.2778
07927,ZCTA5 07927,zcta,,,07927,2023,4754,41.0,3591,26,842,610,1754,2.69,166077.0,68105.0,106,4754,0.3493,1825,1754,71,1067,687,610100.0,2802.0,60,183,19,94,687,31.0,3292,692,44,199,985,689,40,124,2666,2594,72,3758,2545,1631,420,0,467,46580.0,2078,2.23,2.7,55.83,60.83,3.89,51.82,13.68,22.4,0.0,18.35,0.3816
07928,ZCTA5 07928,zcta,,,07928,2023,19667,39.8,15599,100,2342,1086,6690,2.91,236000.0,109301.0,429,19562,0.4586,6837,6690,147,5501,1189,965800.0,2441.0,153,56,73,297,1189,30.6,12539,853,243,285,5134,3613,1214,489,9529,9007,522,14589,8928,4677,271,1228,2637,219815.0,6291,2.19,5.48,83.34,82.23,2.15,48.7,24.98,34.9,13.75,29.54,0.3536
07930,ZCTA5 07930,zcta,,,07930,2023,8205,44.2,7408,103,281,390,2790,2.92,237609.0,93463.0,242,8191,0.4002,2849,2790,59,2598,192,758400.0,1404.0,11,11,2,60,192,32.3,5405,649,163,392,2109,1167,304,169,4351,3933,418,6624,3850,2579,165,27,1004,100900.0,2846,2.95,9.61,69.36,93.12,2.07,43.75,31.25,35.5,0.7,26.08,0.1812
07931,ZCTA5 07931,zcta,,,07931,2023,3271,47.0,2960,33,148,506,1239,2.61,159013.0,120640.0,157,3249,0.5848,1405,1239,166,1043,196,1084200.0,3469.0,4,0,12,40,196,24.8,2359,331,98,127,789,481,261,90,1564,1454,110,2750,1451,751,79,41,435,32840.0,1016,4.83,7.03,68.72,84.18,11.81,28.57,20.41,32.3,2.83,29.98,0.155
07932,ZCTA5 07932,zcta,,,07932,2023,11498,44.6,8417,899,1317,1073,4553,2.5,147009.0,72962.0,874,11412,0.4443,4880,4553,327,3159,1394,719400.0,3009.0,54,40,99,460,1394,29.3,8347,1042,459,373,2899,1730,582,312,6072,5834,238,9520,5731,3427,265,331,1553,113245.0,4178,7.66,3.92,66.17,69.38,6.7,46.84,33.0,27.1,5.78,27.1,0.4362
07933,ZCTA5 07933,zcta,,,07933,2023,2920,42.7,2617,0,51,544,1163,2.5,162538.0,84372.0,255,2841,0.4442,1163,1163,0,1080,83,638000.0,,0,0,0,65,83,,2348,210,70,156,1113,425,64,26,1678,1638,40,2495,1576,971,60,18,527,24790.0,1049,8.98,2.38,69.34,92.86,0.0,78.31,78.31,23.6,1.14,33.44,0.1618
07934,ZCTA5 07934,zcta,,,07934,2023,1406,55.1,1228,31,76,57,603,2.33,228438.0,137441.0,45,1406,0.528,603,603,0,515,88,816400.0,2146.0,0,7,0,53,88,51.0,1103,82,23,68,395,283,89,62,771,752,19,1190,752,459,64,24,153,16765.0,599,3.2,2.46,75.16,85.41,0.0,68.18,60.23,28.0,3.19,20.35,0.2321
07935,ZCTA5 07935,zcta,,,07935,2023,597,56.3,542,0,22,26,241,2.48,104519.0,59864.0,17,597,0.4162,241,241,0,201,40,690300.0,2870.0,0,0,0,27,40,51.0,468,55,92,27,159,94,12,22,306,285,21,486,285,205,26,0,37,7325.0,248,2.85,6.86,61.32,83.4,0.0,67.5,67.5,29.5,0.0,12.98,0.1725
07936,ZCTA5 07936,zcta,,,07936,2023,11106,46.9,8137,380,1421,1253,4045,2.74,144792.0,68909.0,239,11105,0.3975,4162,4045,117,3820,225,668500.0,2745.0,9,0,0,11,225,17.5,8374,2075,336,425,2413,1627,305,274,6164,5905,259,9313,5659,4489,185,184,789,120780.0,4870,2.15,4.2,55.16,94.44,2.81,8.89,4.89,24.8,3.25,13.94,0.4329
07939,ZCTA5 07939,zcta,,,07939,2023,380,71.0,236,144,0,10,31,,,21348.0,52,126,,31,31,0,0,31,,,0,0,0,0,31,,367,138,46,28,52,15,12,0,0,0,0,380,0,0,0,0,0,,0,41.27,,21.53,0.0,0.0,0.0,0.0,,,,0.47
07940,ZCTA5 07940,zcta,,,07940,2023,17675,35.2,13644,439,1005,2543,5566,2.68,168520.0,80878.0,420,14903,0.4953,5733,5566,167,3575,1991,883200.0,2248.0,150,142,224,393,1991,28.4,10467,1455,395,407,4180,2249,524,448,9668,9013,655,14286,8788,4584,332,679,2174,173775.0,6614,2.82,6.77,70.71,64.23,2.91,45.66,19.74,26.3,7.73,24.74,0.3796
07945,ZCTA5 07945,zcta,,,07945,2023,9771,46.3,8099,17,538,565,3487,2.74,243665.0,114131.0,182,9649,0.4257,3651,3487,164,3198,289,894200.0,3432.0,16,19,52,8,289,26.8,6785,523,173,242,2732,1749,649,155,5254,5128,126,7852,4990,3007,55,201,1418,136855.0,3572,1.89,2.4,77.89,91.71,4.49,32.87,2.77,38.3,4.03,28.42,0.3066
07946,ZCTA5 07946,zcta,,,07946,2023,3098,44.6,2573,0,192,215,1015,3.05,213393.0,81226.0,97,3098,0.3613,1051,1015,36,956,59,754600.0,3501.0,0,0,11,0,59,22.1,2242,422,82,132,782,446,91,56,1714,1531,183,2578,1531,1023,119,50,296,38445.0,1235,3.13,10.68,61.33,94.19,3.43,18.64,0.0,31.1,3.27,19.33,0.3016
07950,ZCTA5 07950,zcta,,,07950,2023,21576,45.1,13551,522,4868,1975,8304,2.5,148469.0,71205.0,601,21084,0.4037,8460,8304,156,6273,2031,571300.0,2549.0,254,74,232,181,2031,26.1,16182,2113,684,969,5458,3707,680,701,12582,11895,677,18081,11787,7587,433,505,3019,264280.0,8768,2.85,5.38,65.17,75.54,1.84,36.48,8.91,30.1,4.28,25.61,0.5457
07960,ZCTA5 07960,zcta,,,07960,2023,46178,39.5,32762,2791,2150,8018,18335,2.44,149462.0,87111.0,3005,45215,0.4909,18978,18335,643,11346,6989,701100.0,2173.0,524,410,557,1217,6989,27.0,33122,4379,850,1294,12538,6751,2233,872,26512,25174,1338,38584,24518,15292,1662,961,5255,520785.0,19263,6.65,5.05,67.61,61.88,3.39,38.75,17.41,27.0,3.92,21.43,0.4607
07961,ZCTA5 07961,zcta,,,07961,2023,342,21.0,205,85,14,71,0,,,8662.0,20,27,,0,0,0,0,0,,,0,0,0,0,0,,27,1,0,0,8,16,0,2,204,180,24,342,180,53,16,0,59,2565.0,121,74.07,11.76,96.3,,,,,21.2,0.0,32.78,0.5342
07970,ZCTA5 07970,zcta,,,07970,2023,262,17.0,249,0,0,0,73,3.59,,102042.0,0,262,0.3633,73,73,0,73,0,,,0,0,0,0,0,,130,0,0,0,92,38,0,0,98,98,0,166,85,25,0,0,60,,25,0.0,0.0,100.0,100.0,0.0,,,,0.0,70.59,0.0968
07974,ZCTA5 07974,zcta,,,07974,2023,12737,44.6,9095,115,2103,927,4696,2.68,168860.0,84988.0,272,12652,0.4341,4995,4696,299,3890,806,726000.0,2042.0,82,0,39,189,806,24.7,8811,1342,308,437,2978,2192,457,455,5815,5558,257,9759,5416,3130,90,619,1465,135050.0,3951,2.15,4.42,69.03,82.84,5.99,38.46,23.45,34.2,11.43,27.05,0.4575
07976,ZCTA5 07976,zcta,,,07976,2023,330,53.2,271,0,0,59,148,2.23,110985.0,118646.0,64,330,0.6576,148,148,0,92,56,1375000.0,,0,0,0,23,56,,277,40,12,23,95,14,35,0,160,160,0,295,149,127,0,0,22,3290.0,127,19.39,0.0,51.99,62.16,0.0,41.07,41.07,25.9,0.0,14.77,0.2936
07977,ZCTA5 07977,zcta,,,07977,2023,733,46.3,631,58,5,112,238,2.37,,51777.0,0,563,0.4667,263,238,25,147,91,798600.0,,0,0,9,65,91,,408,115,0,0,132,107,13,0,308,308,0,573,308,172,19,8,70,4150.0,238,0.0,0.0,61.76,61.76,9.51,81.32,71.43,17.4,2.6,22.73,0.2293
07979,ZCTA5 07979,zcta,,,07979,2023,205,45.3,174,23,0,0,64,2.39,,66975.0,0,168,0.1472,64,64,0,64,0,,,0,0,0,0,0,,138,15,0,0,79,44,0,0,150,150,0,174,150,94,0,15,33,,117,0.0,0.0,89.13,100.0,0.0,,,,10.0,22.0,0.267
07980,ZCTA5 07980,zcta,,,07980,2023,2591,36.1,1800,0,370,417,824,3.11,146133.0,57359.0,112,2591,0.4362,824,824,0,569,255,660900.0,1662.0,56,10,26,6,255,22.6,1756,291,90,235,566,437,0,45,1434,1351,83,1940,1317,923,26,80,195,24775.0,1122,4.32,5.79,59.68,69.05,0.0,38.43,2.35,22.1,6.07,14.81,0.4711
07981,ZCTA5 07981,zcta,,,07981,2023,8908,49.4,6491,20,1142,776,3687,2.38,153329.0,77400.0,318,8806,0.4206,3723,3687,36,3279,408,611300.0,2619.0,45,19,74,76,408,35.0,6535,1430,232,503,1902,1044,337,311,4837,4636,201,7558,4608,3244,203,147,1009,92900.0,3599,3.61,4.16,55.0,88.93,0.97,52.45,18.63,25.8,3.19,21.9,0.445
08001,ZCTA5 08001,zcta,,,08001,2023,931,50.8,853,31,0,67,335,2.67,138799.0,45948.0,0,910,0.2641,359,335,24,324,11,282400.0,,0,0,0,0,11,,704,347,104,62,58,53,0,0,632,600,32,874,600,532,0,0,10,21065.0,590,0.0,5.06,15.77,96.72,6.69,0.0,0.0,35.7,0.0,1.67,0.1543
08002,ZCTA5 08002,zcta,,,08002,2023,23574,39.6,15558,2212,2796,2756,9287,2.5,105523.0,50876.0,2235,23065,0.4465,9967,9287,680,6220,3067,301200.0,1895.0,209,197,195,487,3067,25.1,17080,3184,654,1688,4457,2467,579,328,12725,11929,740,19154,11513,8090,785,305,2113,247950.0,9400,9.69,5.82,45.85,66.98,6.82,35.47,15.88,26.4,2.65,18.35,0.5279
08003,ZCTA5 08003,zcta,,,08003,2023,31929,45.9,22462,1624,5564,1960,11527,2.75,155947.0,70235.0,1692,31729,0.4289,12049,11527,522,9821,1706,418000.0,1991.0,175,148,79,473,1706,31.9,22739,2792,848,1227,7446,4646,2033,1111,17105,16078,961,25628,15859,9821,889,775,3824,358515.0,12035,5.33,5.62,67.0,85.2,4.33,51.29,27.73,29.8,4.89,24.11,0.4684
08004,ZCTA5 08004,zcta,,,08004,2023,10946,45.4,8428,1271,74,1024,4080,2.6,107041.0,46718.0,948,10835,0.3916,4238,4080,158,3388,692,255500.0,1169.0,115,200,55,148,692,37.1,8271,2528,602,583,1621,650,27,33,6576,6176,400,9561,6114,5061,397,149,455,180285.0,5659,8.75,6.08,28.18,83.04,3.73,74.86,21.39,31.9,2.44,7.44,0.3849
08005,ZCTA5 08005,zcta,,,08005,2023,25936,52.0,23084,656,292,1662,10591,2.44,92548.0,44747.0,1924,25827,0.4004,11671,10591,1080,9452,1139,356200.0,1949.0,89,71,45,422,1139,36.7,19913,6710,1337,1402,4114,2131,294,134,12396,11419,977,22368,11154,8725,875,27,1343,276950.0,9811,7.45,7.88,33.51,89.25,9.25,55.05,37.05,28.2,0.24,12.04,0.203
08006,ZCTA5 08006,zcta,,,08006,2023,473,60.9,380,0,78,9,205,2.26,104583.0,73070.0,17,463,0.4916,1273,205,1068,189,16,1105600.0,,0,0,0,8,16,,384,31,29,16,157,55,55,12,135,104,24,409,111,52,23,10,19,4290.0,92,3.67,17.78,72.66,92.2,83.9,50.0,50.0,46.6,9.01,17.12,0.327
08007,ZCTA5 08007,zcta,,,08007,2023,5460,46.5,4718,164,200,183,2566,2.12,94375.0,47259.0,304,5460,0.4051,2602,2566,36,1407,1159,237200.0,1088.0,162,61,69,142,1159,26.6,4202,1272,215,294,1114,390,46,0,3216,3128,88,4724,3035,2482,178,37,233,79455.0,2802,5.57,2.74,36.89,54.83,1.38,37.45,12.25,28.4,1.22,7.68,0.25
08008,ZCTA5 08008,zcta,,,08008,2023,6938,62.5,6474,2,105,233,3378,2.05,116544.0,98763.0,381,6925,0.5471,16979,3378,13601,3069,309,1083100.0,1664.0,8,32,65,37,309,37.4,6053,922,220,294,2199,1236,310,146,3001,2772,229,6468,2701,1597,74,91,783,61720.0,1918,5.5,7.63,64.28,90.85,80.1,45.95,11.97,32.2,3.37,28.99,0.1279
08009,ZCTA5 08009,zcta,,,08009,2023,14967,42.0,10658,1978,335,1378,5564,2.67,101964.0,45150.0,1073,14878,0.3854,5764,5564,200,4305,1259,291500.0,1392.0,76,0,91,286,1259,27.4,10373,2739,728,1420,2276,820,54,95,8422,8174,248,12166,7865,6209,471,201,656,231985.0,7209,7.21,2.94,31.28,77.37,3.47,35.98,22.72,32.2,2.56,8.34,0.4665
08010,ZCTA5 08010,zcta,,,08010,2023,11506,43.3,6335,3347,114,1485,4623,2.49,85285.0,39425.0,1908,11488,0.3858,4995,4623,372,3321,1302,227700.0,1472.0,106,152,136,297,1302,32.0,8491,2681,638,906,1808,621,84,40,6150,5805,324,9632,5719,4390,372,187,641,161080.0,5078,16.61,5.27,30.07,71.84,7.45,53.07,22.81,31.7,3.27,11.21,0.5955
08011,ZCTA5 08011,zcta,,,08011,2023,94,25.3,94,0,0,0,17,5.53,,62911.0,19,94,,17,17,0,17,0,,,0,0,0,0,0,,53,0,0,0,19,0,0,0,77,55,22,94,55,38,0,0,0,1185.0,55,20.21,28.57,35.85,100.0,0.0,,,21.5,0.0,0.0,0.0
08012,ZCTA5 08012,zcta,,,08012,2023,40830,40.4,29750,4337,2179,3618,15742,2.57,93497.0,43336.0,3706,40454,0.3865,16192,15742,450,10682,5060,268500.0,1589.0,680,765,400,1219,5060,34.6,28446,7975,2072,2675,7036,2113,374,199,22830,21505,1288,32879,20818,15721,1443,524,2614,533375.0,18204,9.16,5.64,34.18,67.86,2.78,60.55,24.09,29.3,2.52,12.56,0.4471
08014,ZCTA5 08014,zcta,,,08014,2023,283,45.0,283,0,0,0,101,2.8,,42048.0,0,283,0.2148,101,101,0,101,0,258100.0,,0,0,0,0,0,,218,161,0,37,0,0,0,0,183,183,0,251,183,161,22,0,0,,183,0.0,0.0,0.0,100.0,0.0,,,,0.0,0.0,0.0
08015,ZCTA5 08015,zcta,,,08015,2023,19143,43.7,12642,2878,668,2594,7195,2.65,78926.0,38279.0,2045,19093,0.442,7864,7195,669,5958,1237,215100.0,1190.0,61,129,118,271,1237,29.5,13609,4420,660,1386,1632,861,34,59,10215,8991,650,15939,9431,7209,1449,22,513,285585.0,8918,10.71,6.36,19.0,82.81,8.51,46.81,21.91,32.0,0.23,5.44,0.5217
08016,ZCTA5 08016,zcta,,,08016,2023,34801,41.6,15892,12066,2441,3184,12972,2.64,92560.0,43783.0,3807,34263,0.4365,13842,12972,870,9483,3489,308000.0,1343.0,275,193,152,926,3489,29.3,25206,6106,2255,2022,5778,2166,387,206,19250,17751,1314,28634,17687,13230,1259,646,2162,487725.0,15525,11.11,6.83,33.87,73.1,6.29,44.31,26.54,31.4,3.65,12.22,0.658
08019,ZCTA5 08019,zcta,,,08019,2023,914,48.6,680,5,58,152,351,2.58,168036.0,58869.0,41,909,0.2974,384,351,33,317,34,363700.0,2063.0,2,0,0,7,34,30.0,676,258,37,65,169,33,3,0,548,520,24,778,516,379,10,0,107,16840.0,409,4.51,4.38,30.33,90.31,8.59,26.47,20.59,41.2,0.0,20.74,0.4148
08020,ZCTA5 08020,zcta,,,08020,2023,2522,52.8,2231,51,19,83,1011,2.42,132306.0,58974.0,56,2471,0.2979,1011,1011,0,973,38,339100.0,,0,0,0,0,38,,2054,513,168,199,538,134,56,22,1339,1339,0,2084,1339,1001,30,0,308,39330.0,1031,2.27,0.0,36.51,96.24,0.0,0.0,0.0,38.1,0.0,23.0,0.2159
08021,ZCTA5 08021,zcta,,,08021,2023,49060,36.1,23611,13800,1567,9745,20566,2.38,67439.0,35265.0,8274,49042,0.4374,22195,20566,1629,9985,10581,192200.0,1288.0,1367,881,933,2848,10581,33.6,34537,11045,2345,2960,6309,1694,442,138,26610,25170,1433,38835,24514,18014,2122,1137,1970,653295.0,22544,16.87,5.39,24.85,48.55,7.34,56.98,26.92,29.0,4.64,8.04,0.6488
08022,ZCTA5 08022,zcta,,,08022,2023,9349,49.2,6625,1567,151,844,3521,2.66,118558.0,56768.0,434,9349,0.3925,3709,3521,188,3407,114,394900.0,1971.0,0,29,0,50,114,51.0,6712,1453,385,587,1629,997,153,29,4605,4377,214,7944,4279,3003,96,359,818,136100.0,3461,4.64,4.65,41.84,96.76,5.07,69.3,43.86,39.3,8.39,19.12,0.4613
08023,ZCTA5 08023,zcta,,,08023,2023,289,39.0,289,0,0,0,94,3.07,87576.0,23416.0,0,289,0.2291,125,94,31,74,20,175800.0,,0,0,0,0,20,,233,92,0,16,0,5,0,0,186,186,0,251,186,136,50,0,0,3305.0,186,0.0,0.0,2.15,78.72,24.8,0.0,0.0,17.8,0.0,0.0,0.0
08026,ZCTA5 08026,zcta,,,08026,2023,2337,40.8,1957,97,82,213,802,2.91,99881.0,47296.0,108,2337,0.4438,855,802,53,726,76,278200.0,,6,1,0,53,76,51.0,1623,539,111,81,291,123,17,3,1102,1012,90,1845,950,639,18,65,174,21910.0,776,4.62,8.17,26.74,90.52,6.2,78.95,69.74,28.2,6.84,18.32,0.2875
08027,ZCTA5 08027,zcta,,,08027,2023,4942,44.1,3984,306,124,484,1970,2.5,90508.0,45233.0,325,4918,0.375,2010,1970,40,1681,289,230500.0,1295.0,10,35,0,11,289,23.6,3771,1408,291,273,683,295,49,18,2439,2374,65,4127,2286,1883,136,29,229,58445.0,2057,6.61,2.67,27.71,85.33,1.99,19.38,3.81,28.4,1.27,10.02,0.3361
08028,ZCTA5 08028,zcta,,,08028,2023,24806,30.2,15564,4650,1770,2589,8251,2.46,81993.0,37240.0,3170,20437,0.4389,9006,8251,755,5076,3175,278500.0,1554.0,177,163,262,887,3175,29.6,14054,3246,903,1086,3619,1415,355,285,12643,11590,1039,21899,11354,8135,657,336,1448,285345.0,9906,15.51,8.22,40.37,61.52,8.38,46.9,27.94,28.8,2.96,12.75,0.5552
08029,ZCTA5 08029,zcta,,,08029,2023,5417,39.0,4436,459,38,618,2178,2.49,95038.0,38510.0,505,5406,0.3805,2217,2178,39,1627,551,220500.0,782.0,24,73,17,94,551,26.8,3859,1678,230,235,601,315,27,9,3060,2656,396,4528,2522,1688,402,68,318,57560.0,2204,9.34,12.94,24.67,74.7,1.76,37.75,17.06,26.1,2.7,12.61,0.3092
08030,ZCTA5 08030,zcta,,,08030,2023,13185,33.8,9995,1060,676,2415,4968,2.65,66190.0,30531.0,1676,13073,0.3965,5470,4968,502,3022,1946,169700.0,1498.0,300,104,103,496,1946,30.8,8693,3429,465,693,1116,424,116,47,6279,5901,378,9893,5631,4135,621,61,365,111565.0,5266,12.82,6.02,19.59,60.83,9.18,51.54,25.49,21.2,1.08,6.48,0.3827
08031,ZCTA5 08031,zcta,,,08031,2023,11678,41.1,8482,675,853,1602,4918,2.37,74812.0,38163.0,1116,11677,0.3812,5118,4918,200,3155,1763,216500.0,1141.0,214,77,171,189,1763,25.1,8311,3118,513,605,1351,483,49,22,5905,5592,313,9264,5424,4283,424,53,504,117500.0,4920,9.56,5.3,22.92,64.15,3.91,36.93,10.72,23.9,0.98,9.29,0.445
08032,ZCTA5 08032,zcta,,,08032,2023,220,48.3,213,7,0,0,62,3.44,192609.0,44524.0,0,220,0.225,62,62,0,62,0,305000.0,,0,0,0,0,0,,158,45,9,0,33,11,0,12,177,163,14,207,163,103,0,7,41,4000.0,122,0.0,7.91,35.44,100.0,0.0,,,32.8,4.29,25.15,0.0616
08033,ZCTA5 08033,zcta,,,08033,2023,17364,39.4,15493,215,306,760,6499,2.66,143661.0,85990.0,721,17302,0.5198,6914,6499,415,4808,1691,581700.0,1449.0,162,84,216,303,1691,29.0,11440,1031,465,356,4079,2291,1375,629,9168,8602,548,12861,8430,5169,272,646,2149,174240.0,6281,4.17,5.98,73.2,73.98,6.0,45.24,17.92,27.7,7.66,25.49,0.2015
08034,ZCTA5 08034,zcta,,,08034,2023,20138,43.8,13941,1461,1781,2086,7923,2.51,111244.0,58501.0,1597,19862,0.4448,8108,7923,185,6127,1796,335700.0,1707.0,386,100,115,309,1796,30.9,14739,2533,672,1218,4506,2179,630,563,11145,10587,528,16547,10535,7290,687,504,1767,222545.0,8768,8.04,4.74,53.45,77.33,2.28,50.67,17.2,25.4,4.78,16.77,0.4969
08035,ZCTA5 08035,zcta,,,08035,2023,7530,40.2,6974,109,106,320,3163,2.37,124592.0,63885.0,180,7501,0.4105,3326,3163,163,2462,701,353700.0,1179.0,29,52,108,106,701,27.9,5366,777,284,385,1996,704,160,111,4306,4100,206,5978,4044,2557,194,183,1016,71705.0,3028,2.4,4.78,55.37,77.84,4.9,42.08,15.12,23.7,4.53,25.12,0.14
08036,ZCTA5 08036,zcta,,,08036,2023,6028,51.0,4353,398,398,672,2507,2.4,137610.0,72043.0,117,6026,0.4342,2601,2507,94,2289,218,397800.0,1453.0,0,0,79,0,218,23.9,4520,976,140,439,1321,605,170,46,3142,3113,29,5194,3090,2352,33,35,490,73485.0,2600,1.94,0.92,47.39,91.3,3.61,36.24,0.0,28.3,1.13,15.86,0.4574
08037,ZCTA5 08037,zcta,,,08037,2023,23385,46.8,17940,770,280,4788,9058,2.47,83762.0,43454.0,2281,22696,0.4674,9682,9058,624,6963,2095,307700.0,1297.0,317,111,199,601,2095,34.0,16993,5891,1128,1233,3367,1192,203,100,12711,11861,829,19582,11516,9031,1147,91,883,301080.0,10633,10.05,6.52,28.61,76.87,6.44,58.62,28.69,28.3,0.79,7.67,0.3683
08038,ZCTA5 08038,zcta,,,08038,2023,341,37.6,325,0,0,16,164,2.08,90417.0,43780.0,20,332,0.3033,166,164,2,101,63,175900.0,1714.0,0,0,0,3,63,21.3,237,92,2,64,25,0,0,0,215,203,12,269,203,162,20,0,11,5280.0,192,6.02,5.58,10.55,61.59,1.2,4.76,4.76,27.5,0.0,5.42,0.0894
08039,ZCTA5 08039,zcta,,,08039,2023,29,60.9,29,0,0,0,12,2.42,,71166.0,0,29,0.197,12,12,0,12,0,,,0,0,0,0,0,,29,0,0,11,8,0,0,5,17,17,0,29,13,13,0,0,0,,13,0.0,0.0,44.83,100.0,0.0,,,,0.0,0.0,0.0
08041,ZCTA5 08041,zcta,,,08041,2023,788,52.1,680,47,31,11,354,2.23,136250.0,66531.0,24,788,0.4013,384,354,30,342,12,481400.0,,0,0,0,0,12,,637,179,25,60,139,37,5,84,461,422,33,699,414,350,11,0,45,10160.0,369,3.05,7.16,41.6,96.61,7.81,0.0,0.0,27.5,0.0,10.87,0.25
08042,ZCTA5 08042,zcta,,,08042,2023,57,52.7,57,0,0,0,30,1.9,,57018.0,9,57,0.5958,30,30,0,30,0,241700.0,,0,0,0,0,0,,46,31,0,5,5,0,0,0,27,27,0,52,27,27,0,0,0,,27,15.79,0.0,10.87,100.0,0.0,,,,0.0,0.0,0.0
08043,ZCTA5 08043,zcta,,,08043,2023,31011,41.5,19553,2452,6215,1846,12360,2.42,112606.0,63624.0,1542,30084,0.4897,12688,12360,328,7830,4530,390600.0,1718.0,420,300,323,1245,4530,31.0,22347,3279,771,1801,7379,3679,1659,591,16014,15135,731,25252,15096,10128,934,775,2995,378665.0,12101,5.13,4.56,59.55,63.35,2.59,50.51,27.48,31.3,5.13,19.84,0.5525
08045,ZCTA5 08045,zcta,,,08045,2023,3124,46.5,167,2306,19,613,1196,2.6,70338.0,42451.0,611,3115,0.4871,1288,1196,92,801,395,215100.0,1034.0,0,10,23,131,395,27.0,2415,901,186,111,196,336,5,5,1576,1387,189,2661,1369,953,78,172,72,38755.0,1297,19.61,11.99,22.44,66.97,7.14,41.52,33.16,29.9,12.56,5.26,0.4137
08046,ZCTA5 08046,zcta,,,08046,2023,31876,38.8,3887,21857,227,4838,10745,2.96,91447.0,38512.0,2919,31839,0.3707,11482,10745,737,8780,1965,240000.0,1941.0,170,42,284,434,1965,30.5,22816,6790,2078,2096,4076,1588,215,99,17922,16177,1534,25949,16006,12517,1294,465,1504,424595.0,14502,9.17,8.56,26.2,81.71,6.42,47.33,22.09,29.3,2.91,9.4,0.4919
08048,ZCTA5 08048,zcta,,,08048,2023,12806,41.7,9211,1801,693,883,4779,2.65,111739.0,56971.0,743,12539,0.4372,5024,4779,245,3516,1263,414600.0,1667.0,184,132,144,324,1263,34.4,9193,1729,604,1079,2295,1234,247,120,7690,6883,474,10836,7005,5028,534,144,1084,173710.0,5921,5.93,6.16,42.38,73.57,4.88,62.07,25.65,29.3,2.06,15.47,0.4552
08049,ZCTA5 08049,zcta,,,08049,2023,5273,37.9,3272,749,372,866,2157,2.44,94567.0,42931.0,277,5273,0.3884,2289,2157,132,1632,525,227300.0,1204.0,24,0,62,116,525,25.8,3913,1389,240,219,999,165,70,53,2969,2730,192,4288,2654,1999,60,138,364,62385.0,2290,5.25,6.47,32.89,75.66,5.77,38.48,22.1,27.2,5.2,13.72,0.5628
08050,ZCTA5 08050,zcta,,,08050,2023,27599,46.6,24633,170,175,2455,11075,2.47,115456.0,53126.0,874,27372,0.3678,14182,11075,3107,9907,1168,377100.0,1756.0,13,64,117,191,1168,24.6,20654,5381,1582,1417,4958,2452,425,320,15168,14475,674,23221,14263,11004,1320,60,1569,392680.0,12694,3.19,4.44,39.48,89.45,21.91,32.96,16.35,30.9,0.42,11.0,0.1954
08051,ZCTA5 08051,zcta,,,08051,2023,12156,37.8,10538,714,260,471,4511,2.69,97452.0,49274.0,720,11941,0.4313,4602,4511,91,3609,902,249000.0,1691.0,8,43,102,151,902,27.5,8551,2790,432,862,2132,775,98,48,7052,6612,431,9955,6557,4972,130,150,685,153255.0,5872,6.03,6.11,35.7,80.0,1.98,33.7,16.74,26.1,2.29,10.45,0.2431
08052,ZCTA5 08052,zcta,,,08052,2023,19970,37.0,13241,1984,1612,2437,8791,2.24,75732.0,39528.0,2523,19675,0.4202,9401,8791,610,4182,4609,235500.0,1574.0,425,282,253,1374,4609,31.3,14287,4532,1147,1386,3410,1245,96,44,10848,10256,564,16120,10081,7213,1112,156,1443,211600.0,8638,12.82,5.2,33.56,47.57,6.49,50.64,29.81,24.5,1.55,14.31,0.5291
08053,ZCTA5 08053,zcta,,,08053,2023,47612,41.2,38139,2326,3679,2864,19281,2.45,116745.0,61324.0,1689,47349,0.4112,20090,19281,809,13877,5404,368100.0,1939.0,493,187,344,1457,5404,28.8,34164,6519,2073,2442,12057,4507,1037,426,26919,25738,986,38965,25602,18826,1086,460,4808,573925.0,20794,3.57,3.66,52.77,71.97,4.03,45.91,26.96,27.6,1.8,18.78,0.3464
08054,ZCTA5 08054,zcta,,,08054,2023,45427,43.1,30242,6070,4224,2923,19283,2.34,114629.0,64584.0,1900,45236,0.4258,19966,19283,683,14695,4588,341400.0,1966.0,343,229,351,1205,4588,28.7,33556,5566,1534,2196,11243,5849,1399,405,26534,25364,979,37866,25203,18701,879,586,4728,556325.0,20475,4.2,3.69,56.31,76.21,3.42,46.38,26.26,27.2,2.33,18.76,0.5262
08055,ZCTA5 08055,zcta,,,08055,2023,28855,47.1,25676,360,1122,592,10685,2.68,158487.0,74395.0,821,28695,0.4189,11103,10685,418,9510,1175,456000.0,1502.0,101,83,132,318,1175,34.5,20723,2828,1022,1585,8012,3742,873,474,15885,15309,544,23948,15059,10924,370,597,3080,408740.0,11979,2.86,3.42,63.22,89.0,3.76,53.96,27.06,34.1,3.96,20.45,0.2061
08056,ZCTA5 08056,zcta,,,08056,2023,5164,43.5,4670,58,296,162,1688,3.05,148409.0,63740.0,39,5164,0.3775,1770,1688,82,1688,0,412900.0,,0,0,0,0,0,,3306,671,148,240,1168,491,136,64,2755,2735,20,3981,2718,2111,128,65,358,60995.0,2360,0.76,0.73,56.23,100.0,4.63,,,25.8,2.39,13.17,0.1778
08057,ZCTA5 08057,zcta,,,08057,2023,20990,47.2,16406,1073,1724,1240,7872,2.61,152290.0,88794.0,1188,20568,0.5154,8382,7872,510,6562,1310,626400.0,1485.0,108,70,39,408,1310,29.8,14664,1688,713,712,5212,2695,1398,550,10585,10067,495,16884,9897,6831,336,295,2267,195775.0,7630,5.78,4.68,67.21,83.36,6.08,47.71,31.15,25.7,2.98,22.91,0.3762
08059,ZCTA5 08059,zcta,,,08059,2023,5616,38.5,4872,23,0,690,2265,2.47,95635.0,43249.0,532,5590,0.416,2408,2265,143,1516,749,231100.0,1458.0,88,0,47,120,749,24.1,4081,1454,270,423,724,219,49,4,3330,3139,191,4559,2995,2209,251,90,444,60495.0,2551,9.52,5.74,24.41,66.93,5.94,34.05,16.02,23.7,3.01,14.82,0.2323
08060,ZCTA5 08060,zcta,,,08060,2023,25647,38.3,13255,6459,1068,3330,9597,2.6,107165.0,48507.0,1668,25071,0.3785,10198,9597,601,7117,2480,292000.0,1619.0,396,173,203,511,2480,31.6,19058,4350,1289,2236,4709,1985,285,189,15049,13639,783,21198,14104,10647,1120,220,1701,363930.0,12403,6.65,5.2,37.61,74.16,5.89,51.73,20.6,29.3,1.56,12.06,0.6509
08061,ZCTA5 08061,zcta,,,08061,2023,4411,38.9,3751,384,63,172,1588,2.78,157222.0,60554.0,21,4411,0.3075,1619,1588,31,1540,48,384000.0,,0,0,0,0,48,,2938,697,96,298,669,584,116,40,2454,2410,44,3263,2410,1698,148,0,564,50725.0,1846,0.48,1.79,47.96,96.98,1.91,0.0,0.0,27.5,0.0,23.4,0.2676
08062,ZCTA5 08062,zcta,,,08062,2023,17969,40.3,15478,661,789,797,5618,3.19,159386.0,60653.0,898,17888,0.382,5796,5618,178,5190,428,468600.0,1097.0,14,47,44,57,428,28.9,11781,2402,566,806,3801,1492,658,432,9319,8830,489,13909,8738,6043,613,31,1888,184370.0,6850,5.02,5.25,54.18,92.38,3.07,37.85,13.32,26.9,0.35,21.61,0.2528
08063,ZCTA5 08063,zcta,,,08063,2023,3056,40.9,2710,97,46,179,1083,2.81,81654.0,38191.0,233,3028,0.4377,1144,1083,61,910,173,207100.0,1380.0,0,33,13,71,173,49.6,2170,836,202,208,271,88,5,6,1643,1534,107,2524,1509,1161,98,81,107,44495.0,1402,7.69,6.51,17.05,84.03,5.33,67.63,41.04,31.7,5.37,7.09,0.209
08064,ZCTA5 08064,zcta,,,08064,2023,44,72.7,31,0,0,0,38,1.16,,41977.0,0,44,0.0169,38,38,0,38,0,,,0,0,0,0,0,,44,13,0,0,0,0,0,0,0,0,0,44,0,0,0,0,0,,0,0.0,,0.0,100.0,0.0,,,,,,0.5036
08065,ZCTA5 08065,zcta,,,08065,2023,7447,42.7,4749,1148,299,673,3283,2.27,85014.0,44529.0,659,7446,0.3697,3406,3283,123,2285,998,216600.0,1680.0,87,14,93,297,998,31.4,5432,1636,441,584,1227,316,61,8,4554,4290,261,6338,4178,2953,349,131,594,90335.0,3584,8.85,5.73,29.68,69.6,3.61,49.2,29.76,25.2,3.14,14.22,0.5598
08066,ZCTA5 08066,zcta,,,08066,2023,7412,40.2,3652,2486,36,1184,3159,2.34,62412.0,37735.0,926,7395,0.4862,3605,3159,446,2023,1136,166600.0,1092.0,291,48,82,275,1136,32.6,5342,1645,522,585,872,174,90,0,3745,3353,392,6105,3115,2503,295,50,184,71825.0,2931,12.52,10.47,21.27,64.04,12.37,61.27,24.21,24.5,1.61,5.91,0.6192
08067,ZCTA5 08067,zcta,,,08067,2023,1704,39.8,1493,52,17,116,585,2.87,108884.0,48984.0,121,1694,0.3906,632,585,47,499,86,312500.0,1750.0,9,0,18,19,86,31.7,1203,375,58,151,298,62,21,0,908,804,104,1354,773,534,44,2,128,16145.0,645,7.14,11.45,31.67,85.3,7.44,53.49,22.09,25.0,0.26,16.56,0.2267
08068,ZCTA5 08068,zcta,,,08068,2023,6811,42.6,3692,1633,273,973,2716,2.41,79570.0,41054.0,693,6582,0.4208,2888,2716,172,1678,1038,256000.0,1100.0,50,104,45,135,1038,23.1,4989,1538,472,570,813,320,28,23,3393,3067,149,5628,3018,2409,329,12,236,84545.0,2782,10.53,4.39,23.73,61.78,5.96,32.18,13.01,30.4,0.4,7.82,0.6267
08069,ZCTA5 08069,zcta,,,08069,2023,13413,40.7,7485,3411,225,2921,5134,2.55,68397.0,29810.0,2658,13013,0.4204,5838,5134,704,2853,2281,184000.0,1221.0,217,43,173,657,2281,31.0,8908,3348,570,607,1093,387,20,55,6134,5548,586,10486,5473,4212,595,33,396,116340.0,5077,20.43,9.55,17.46,55.57,12.06,47.79,28.8,22.9,0.6,7.24,0.5762
08070,ZCTA5 08070,zcta,,,08070,2023,12477,42.3,10869,474,47,814,5260,2.37,74006.0,41171.0,1559,12477,0.4435,5802,5260,542,4103,1157,194400.0,1209.0,128,147,104,347,1157,36.1,8837,2953,642,1162,1170,545,142,25,6313,5608,694,10266,5386,4510,276,2,465,122015.0,4921,12.49,10.99,21.3,78.0,9.34,62.75,29.99,24.8,0.04,8.63,0.2354
08071,ZCTA5 08071,zcta,,,08071,2023,9407,40.3,8806,222,142,254,3756,2.46,97222.0,47063.0,412,9265,0.3626,3984,3756,228,2778,978,258400.0,1488.0,180,156,103,148,978,32.8,6976,1790,290,569,2056,819,169,78,5510,5174,336,7902,5038,4070,125,51,687,118530.0,4351,4.45,6.1,44.75,73.96,5.72,60.02,15.13,27.2,1.01,13.64,0.1222
08072,ZCTA5 08072,zcta,,,08072,2023,173,28.5,172,0,0,0,83,2.08,54760.0,39926.0,0,173,0.3735,83,83,0,64,19,,,1,0,0,18,19,,115,6,8,27,21,53,0,0,82,82,0,128,82,51,0,0,13,,69,0.0,0.0,64.35,77.11,0.0,100.0,94.74,,0.0,15.85,0.0115
08073,ZCTA5 08073,zcta,,,08073,2023,17,,17,0,0,0,9,1.89,,,17,17,,9,9,0,9,0,,,0,0,0,0,0,,17,0,0,8,0,0,0,0,0,0,0,17,0,0,0,0,0,,0,100.0,,0.0,100.0,0.0,,,,,,0.0
08074,ZCTA5 08074,zcta,,,08074,2023,0,,0,0,0,0,0,,,,0,0,,0,0,0,0,0,,,0,0,0,0,0,,0,0,0,0,0,0,0,0,0,0,0,0,0,0,0,0,0,,0,,,,,,,,,,,1.0
08075,ZCTA5 08075,zcta,,,08075,2023,30550,40.0,21698,3007,1002,2851,11470,2.66,94576.0,44109.0,2339,30531,0.4154,12092,11470,622,7809,3661,288200.0,1427.0,523,149,262,1202,3661,33.3,20696,5596,1310,1454,5197,2059,383,286,17207,16258,886,24454,15829,12038,1425,338,1613,408110.0,14216,7.66,5.15,38.29,68.08,5.14,58.34,32.83,28.7,2.14,10.19,0.4761
08077,ZCTA5 08077,zcta,,,08077,2023,20677,42.0,17052,1128,625,1155,7327,2.8,126066.0,55370.0,852,20513,0.386,7497,7327,170,6153,1174,359400.0,2046.0,213,37,63,206,1174,28.9,14551,3443,840,1001,4175,1730,380,313,11182,10502,669,16606,10317,7822,374,302,1650,247950.0,8667,4.15,5.98,45.34,83.98,2.27,44.21,17.55,28.6,2.93,15.99,0.3129
08078,ZCTA5 08078,zcta,,,08078,2023,8058,35.8,6252,493,224,1046,3026,2.66,97857.0,41706.0,784,8025,0.4001,3338,3026,312,2154,872,215400.0,1375.0,32,77,66,160,872,26.8,5560,1933,388,419,1104,288,0,23,4711,4377,334,6695,4189,3167,366,62,433,97800.0,3756,9.77,7.09,25.45,71.18,9.35,38.42,18.35,26.0,1.48,10.34,0.3767
08079,ZCTA5 08079,zcta,,,08079,2023,10696,41.0,6542,3361,119,645,4323,2.44,60375.0,35532.0,2018,10577,0.4667,5213,4323,890,2521,1802,180300.0,1057.0,212,94,157,605,1802,34.2,7496,2729,673,666,912,378,40,58,5106,4796,304,8527,4761,3491,504,97,540,118755.0,4221,19.08,5.95,18.52,58.32,17.07,59.27,33.57,28.1,2.04,11.34,0.5234
08080,ZCTA5 08080,zcta,,,08080,2023,39360,42.2,32739,2300,1709,1896,14455,2.71,119919.0,54543.0,1802,39169,0.4024,14746,14455,291,12547,1908,330400.0,1674.0,271,100,84,561,1908,32.4,28040,6529,1742,2878,8612,2594,717,375,21371,20649,722,31565,20197,14603,1272,251,3849,502515.0,16348,4.6,3.38,43.86,86.8,1.97,53.25,29.4,30.7,1.24,19.06,0.3005
08081,ZCTA5 08081,zcta,,,08081,2023,49418,37.4,24334,17410,1746,4375,17433,2.83,102924.0,41874.0,4484,49252,0.385,18361,17433,928,14563,2870,262200.0,1551.0,142,112,465,977,2870,41.9,33033,8396,2281,3210,7354,3175,815,268,27354,25449,1905,38754,24842,18355,2113,869,3190,723675.0,21652,9.1,6.96,35.15,83.54,5.05,59.09,34.04,33.4,3.5,12.84,0.6243
08083,ZCTA5 08083,zcta,,,08083,2023,9626,42.1,6323,1884,368,802,3848,2.5,87703.0,46717.0,914,9606,0.4602,3973,3848,125,3032,816,254400.0,1236.0,86,38,21,293,816,33.5,6932,1894,702,631,1222,650,50,31,5450,4941,491,8053,4907,3687,350,156,648,103640.0,4259,9.51,9.01,28.17,78.79,3.15,53.68,35.91,24.3,3.18,13.21,0.5218
08084,ZCTA5 08084,zcta,,,08084,2023,6965,36.2,5022,560,221,910,2544,2.7,100735.0,45289.0,698,6868,0.4456,2574,2544,30,1846,698,238200.0,1172.0,79,8,0,260,698,30.8,5008,1431,306,449,1140,412,46,29,3961,3789,172,5699,3625,2668,259,205,412,98210.0,3213,10.16,4.34,32.49,72.56,1.17,49.71,37.25,30.6,5.66,11.37,0.4556
08085,ZCTA5 08085,zcta,,,08085,2023,21856,37.1,16314,3036,873,1757,7192,3.02,137028.0,50714.0,2025,21820,0.3927,7424,7192,232,5920,1272,351000.0,1856.0,254,163,76,269,1272,32.9,13685,2776,665,1462,3763,2179,226,180,11557,11042,501,16211,10888,7785,735,135,1951,250610.0,8937,9.28,4.34,46.39,82.31,3.12,59.91,21.15,28.0,1.24,17.92,0.4155
08086,ZCTA5 08086,zcta,,,08086,2023,8534,43.7,7265,436,247,499,3771,2.26,88125.0,48332.0,549,8534,0.3997,3950,3771,179,2666,1105,258800.0,1689.0,167,107,166,246,1105,34.6,6307,1623,778,972,1295,471,75,123,4638,4497,137,6982,4431,3545,223,73,501,104620.0,3930,6.43,2.95,31.14,70.7,4.53,62.08,22.26,26.6,1.65,11.31,0.2684
08087,ZCTA5 08087,zcta,,,08087,2023,25211,51.3,22138,680,332,1441,10736,2.32,87449.0,48881.0,2159,24774,0.4464,12982,10736,2246,8902,1834,323500.0,1760.0,66,118,305,574,1834,40.7,19379,6416,1833,1627,3794,1452,112,119,12522,11985,537,21733,11660,9163,820,132,1290,353290.0,10370,8.71,4.29,28.26,82.92,17.3,57.96,31.3,34.1,1.13,11.06,0.2248
08088,ZCTA5 08088,zcta,,,08088,2023,24153,51.9,22043,281,430,1050,9632,2.47,107980.0,53908.0,1208,24030,0.4067,10011,9632,379,9139,493,344900.0,1793.0,27,0,23,120,493,31.1,18349,5254,1743,1391,4403,1753,398,308,11888,11352,515,20671,11057,8833,521,84,1545,328280.0,9512,5.03,4.33,37.4,94.88,3.79,34.48,24.34,34.5,0.76,13.97,0.1647
08089,ZCTA5 08089,zcta,,,08089,2023,4195,44.8,3219,668,1,343,1430,2.88,120417.0,47127.0,227,4195,0.3941,1515,1430,85,1352,78,248900.0,888.0,4,11,0,10,78,25.3,3150,867,384,370,419,108,34,8,2566,2376,190,3742,2280,1548,291,49,358,63440.0,1922,5.41,7.4,18.06,94.55,5.61,32.05,12.82,33.0,2.15,15.7,0.3791
08090,ZCTA5 08090,zcta,,,08090,2023,9574,35.3,7614,1265,115,276,3035,3.15,114742.0,45528.0,901,9529,0.3737,3158,3035,123,2731,304,265300.0,,0,17,6,117,304,29.5,6323,1862,327,754,1295,609,71,83,5148,4944,204,7427,4855,3847,201,74,633,108625.0,4222,9.46,3.96,32.55,89.98,3.89,46.05,38.49,25.7,1.52,13.04,0.3491
08091,ZCTA5 08091,zcta,,,08091,2023,5909,50.7,4017,335,424,914,2524,2.34,74828.0,39980.0,417,5909,0.3826,2588,2524,64,1788,736,247700.0,1346.0,112,15,233,93,736,34.7,4676,1472,230,307,966,195,56,0,3514,3440,74,5152,3186,2649,121,0,351,97225.0,2835,7.06,2.11,26.03,70.84,2.47,61.55,12.64,34.3,0.0,11.02,0.5056
08092,ZCTA5 08092,zcta,,,08092,2023,3182,41.5,2965,0,37,105,1213,2.62,97058.0,49670.0,241,3182,0.4205,1475,1213,262,1010,203,473600.0,1408.0,23,36,3,18,203,30.2,2204,736,145,143,408,290,86,3,1711,1623,67,2494,1607,1227,141,17,173,42365.0,1434,7.57,3.92,35.71,83.26,17.76,39.41,8.87,29.5,1.06,10.77,0.1305
08093,ZCTA5 08093,zcta,,,08093,2023,9224,41.7,6284,1775,240,831,4125,2.23,70257.0,40419.0,1651,9215,0.46,4473,4125,348,2294,1831,192800.0,1230.0,66,69,175,891,1831,48.9,6767,2657,458,650,895,466,118,0,5339,4947,392,7683,4811,3580,560,157,364,116080.0,4447,17.92,7.34,21.86,55.61,7.78,65.59,48.66,26.1,3.26,7.57,0.4901
08094,ZCTA5 08094,zcta,,,08094,2023,40542,39.7,30996,4335,624,4366,15269,2.64,92125.0,44789.0,2836,40231,0.4283,15878,15269,609,12608,2661,260200.0,1420.0,30,49,174,696,2661,26.8,28126,8257,2309,2814,5261,1840,487,148,22218,20988,1171,33043,20514,16257,1492,255,2141,625330.0,18373,7.05,5.27,27.5,82.57,3.84,35.66,26.16,34.0,1.24,10.44,0.3922
08095,ZCTA5 08095,zcta,,,08095,2023,0,,0,0,0,0,0,,,,0,0,,0,0,0,0,0,,,0,0,0,0,0,,0,0,0,0,0,0,0,0,0,0,0,0,0,0,0,0,0,,0,,,,,,,,,,,1.0
08096,ZCTA5 08096,zcta,,,08096,2023,35896,41.1,24171,4816,1032,4725,13924,2.54,89483.0,45013.0,2941,35477,0.4173,15013,13924,1089,10132,3792,248400.0,1446.0,320,275,219,898,3792,29.3,25619,8052,1702,2197,5174,1827,354,290,20467,19370,1002,29802,18750,14134,1571,549,2005,437515.0,16745,8.29,4.9,29.84,72.77,7.25,45.15,23.68,26.1,2.93,10.69,0.5104
08097,ZCTA5 08097,zcta,,,08097,2023,3207,44.6,2860,82,47,172,1129,2.83,117614.0,49826.0,170,3207,0.3821,1164,1129,35,1065,64,254600.0,1353.0,4,12,0,8,64,31.9,2322,669,201,247,481,206,26,22,1752,1709,43,2656,1667,1361,112,30,109,37780.0,1558,5.3,2.45,31.65,94.33,3.01,37.5,12.5,24.2,1.8,6.54,0.2009
08098,ZCTA5 08098,zcta,,,08098,2023,9475,44.1,7300,775,27,1047,3220,2.74,119000.0,49629.0,410,8950,0.3936,3589,3220,369,2428,792,297600.0,1239.0,94,25,48,91,792,26.4,6648,1635,330,511,1678,528,289,169,4333,4187,146,7650,4104,3328,122,9,573,93685.0,3531,4.58,3.37,40.07,75.4,10.28,32.58,11.49,26.5,0.22,13.96,0.3875
08102,ZCTA5 08102,zcta,,,08102,2023,8090,33.1,1325,1893,111,5162,2987,2.41,30895.0,21200.0,3072,7321,0.5622,3387,2987,400,778,2209,79500.0,1057.0,138,95,324,584,2209,33.6,4876,1328,370,302,300,294,80,8,3365,2848,517,6656,2737,1363,559,333,181,66785.0,2556,41.96,15.36,13.99,26.05,11.81,51.65,26.44,26.1,12.17,6.61,0.5111
08103,ZCTA5 08103,zcta,,,08103,2023,13137,36.2,1226,7793,166,4705,4420,2.63,37563.0,17193.0,3551,11796,0.4759,5384,4420,964,1474,2946,103800.0,1203.0,120,27,294,1183,2946,44.7,8794,2647,323,313,449,257,136,26,5122,4262,860,10541,4003,2065,866,626,260,105530.0,3743,30.1,16.79,9.87,33.35,17.9,55.13,40.16,28.2,15.64,6.5,0.511
08104,ZCTA5 08104,zcta,,,08104,2023,21508,33.4,1486,12574,287,8541,8421,2.54,36566.0,20465.0,6375,21433,0.4859,9821,8421,1400,2752,5669,87600.0,1105.0,783,311,526,2091,5669,38.4,13040,4330,1000,939,655,391,0,124,9303,7749,1554,15522,7401,3864,1256,1000,459,177725.0,6942,29.74,16.7,8.97,32.68,14.26,65.46,36.88,25.6,13.51,6.2,0.4956
08105,ZCTA5 08105,zcta,,,08105,2023,26681,30.7,2203,6969,485,18926,8222,3.24,48319.0,20031.0,6231,26676,0.4359,8681,8222,459,3468,4754,113100.0,1215.0,364,365,510,1169,4754,32.7,15589,4439,1162,769,907,248,90,0,12706,11416,1290,19706,10865,5859,2544,996,424,245100.0,10441,23.36,10.15,7.99,42.18,5.29,50.65,24.59,23.5,9.17,3.9,0.4215
08106,ZCTA5 08106,zcta,,,08106,2023,9678,39.5,8914,193,36,335,3850,2.51,107539.0,48598.0,315,9643,0.3822,3996,3850,146,2571,1279,286500.0,1083.0,84,63,69,266,1279,24.5,6926,1824,383,445,1942,780,51,222,5615,5327,245,7769,5250,3795,145,270,859,112260.0,4391,3.27,4.36,43.24,66.78,3.65,37.69,20.8,25.6,5.14,16.36,0.15
08107,ZCTA5 08107,zcta,,,08107,2023,13699,38.6,8072,2588,298,2448,5748,2.38,70262.0,43556.0,1350,13629,0.4735,6180,5748,432,3010,2738,261700.0,1257.0,188,282,296,764,2738,35.5,9417,2373,411,700,2271,862,194,102,7927,7399,528,10930,7249,4625,898,695,902,168545.0,6347,9.91,6.66,36.41,52.37,6.99,55.88,27.9,26.6,9.59,12.44,0.5847
08108,ZCTA5 08108,zcta,,,08108,2023,18730,39.9,16413,469,407,1088,8663,2.15,107764.0,60140.0,1546,18653,0.4313,9173,8663,510,5537,3126,358100.0,1680.0,322,139,162,585,3126,27.0,13929,2056,586,1237,4328,2572,728,446,11040,10164,853,15384,9938,5652,490,836,2617,190100.0,7321,8.29,7.73,57.97,63.92,5.56,38.64,18.71,26.0,8.41,26.33,0.2276
08109,ZCTA5 08109,zcta,,,08109,2023,24004,40.3,10473,4544,2169,7324,8816,2.7,84332.0,39583.0,3648,23802,0.4318,9314,8816,498,6381,2435,227200.0,1142.0,294,144,193,833,2435,34.8,16752,4903,938,1226,2962,1246,176,109,12845,11705,1140,19493,11031,7742,1279,235,1634,226025.0,9397,15.33,8.88,26.82,72.38,5.35,60.12,34.21,24.1,2.13,14.81,0.6725
08110,ZCTA5 08110,zcta,,,08110,2023,18955,36.5,3601,6560,1304,8746,6290,3.01,81307.0,30868.0,3053,18808,0.4409,6738,6290,448,4601,1689,194400.0,1192.0,78,115,172,369,1689,33.1,12297,3344,917,1120,1929,419,87,29,9967,9165,770,14711,8966,6019,1805,200,647,224980.0,8319,16.23,7.73,20.04,73.15,6.65,43.46,21.85,27.0,2.23,7.22,0.6265
08201,ZCTA5 08201,zcta,,,08201,2023,10067,36.4,6752,1081,615,1533,4086,2.43,72120.0,39366.0,1029,9943,0.4452,4286,4086,200,2611,1475,237100.0,1818.0,157,103,248,533,1475,43.0,7256,2107,598,737,1823,376,90,51,5535,5071,325,8103,5127,4095,353,158,466,95165.0,4661,10.35,5.87,32.25,63.9,4.67,70.58,36.14,20.4,3.08,9.09,0.5117
08202,ZCTA5 08202,zcta,,,08202,2023,1636,63.8,1545,2,24,43,844,1.93,142500.0,113235.0,68,1635,0.5247,5668,844,4824,802,42,1566700.0,1615.0,6,0,0,9,42,31.7,1392,158,81,96,590,230,91,40,653,639,14,1513,636,356,25,4,185,12435.0,451,4.16,2.14,68.32,95.02,85.11,35.71,21.43,27.6,0.63,29.09,0.1072
08203,ZCTA5 08203,zcta,,,08203,2023,7702,59.2,6647,85,495,467,3954,1.95,88906.0,68730.0,724,7702,0.5172,9340,3954,5386,2958,996,485000.0,1499.0,107,31,49,380,996,34.7,6592,1296,374,350,1810,805,256,132,4169,3877,233,7019,3863,2708,208,123,744,77730.0,3119,9.4,5.59,45.56,74.81,57.67,56.93,38.15,24.9,3.18,19.26,0.2473
08204,ZCTA5 08204,zcta,,,08204,2023,16890,52.2,15319,372,127,878,8090,2.04,80782.0,50914.0,1305,16571,0.4682,13101,8090,5011,6381,1709,399200.0,1149.0,158,143,100,307,1709,28.3,12882,3322,1105,982,3410,1066,308,160,8688,7788,476,14338,8069,5894,935,28,691,126745.0,7378,7.88,5.48,38.38,78.88,38.25,41.43,17.96,17.2,0.35,8.56,0.1741
08205,ZCTA5 08205,zcta,,,08205,2023,28236,43.3,18627,2086,2489,3873,11172,2.49,88636.0,44145.0,2026,27815,0.4132,11660,11172,488,8923,2249,263300.0,1527.0,173,279,76,638,2249,34.2,20602,5444,1038,1839,4667,2079,397,248,15504,14565,916,23448,14391,11410,1638,65,1016,325650.0,13375,7.28,5.91,35.88,79.87,4.19,51.85,28.37,24.3,0.45,7.06,0.5328
08210,ZCTA5 08210,zcta,,,08210,2023,17278,43.5,14365,1297,261,1299,7406,2.25,93855.0,49155.0,1599,16682,0.4265,8374,7406,968,6007,1399,337700.0,1538.0,30,21,115,601,1399,45.8,12581,3622,1001,1004,2783,861,301,195,8776,8178,574,14230,8110,6490,642,114,637,163670.0,7473,9.59,6.54,32.91,81.11,11.56,54.82,42.96,21.9,1.41,7.85,0.2973
08212,ZCTA5 08212,zcta,,,08212,2023,155,70.9,119,27,6,0,84,1.4,88333.0,150725.0,19,155,0.5946,655,84,571,84,0,987200.0,,0,0,0,0,0,,155,13,6,27,38,48,6,2,62,62,0,155,62,29,5,0,7,955.0,55,12.26,0.0,60.65,100.0,87.18,,,17.4,0.0,11.29,0.3787
08215,ZCTA5 08215,zcta,,,08215,2023,13921,45.1,9732,2790,88,1612,5436,2.54,84630.0,40127.0,821,13875,0.3941,5813,5436,377,4074,1362,266500.0,1525.0,40,23,67,351,1362,25.7,10171,3780,826,790,1483,708,87,77,6924,6483,431,11589,6327,5106,387,166,464,160275.0,5863,5.92,6.22,23.15,74.94,6.49,35.32,25.77,27.3,2.62,7.33,0.4577
08217,ZCTA5 08217,zcta,,,08217,2023,38,,38,0,0,0,21,1.81,,,17,38,,21,21,0,21,0,,,0,0,0,0,0,,38,0,0,0,0,0,0,0,21,21,0,38,21,0,0,0,0,,21,44.74,0.0,0.0,100.0,0.0,,,,0.0,0.0,0.0
08221,ZCTA5 08221,zcta,,,08221,2023,6954,45.8,5828,137,330,436,2612,2.62,135904.0,70653.0,196,6848,0.463,2859,2612,247,2352,260,351100.0,2070.0,0,12,11,56,260,27.2,4871,756,199,397,1636,757,393,68,3657,3363,262,5546,3319,2457,307,28,490,68220.0,2829,2.86,7.16,58.59,90.05,8.64,30.38,21.54,24.1,0.84,14.76,0.2911
08223,ZCTA5 08223,zcta,,,08223,2023,4063,46.2,3602,37,46,183,1846,2.2,100000.0,50244.0,115,4063,0.3923,2352,1846,506,1687,159,353400.0,1642.0,41,8,31,17,159,32.1,3092,631,128,426,831,570,94,44,2068,2022,46,3245,1965,1713,61,0,159,41740.0,1806,2.83,2.22,49.77,91.39,21.51,61.01,10.69,23.1,0.0,8.09,0.2118
08224,ZCTA5 08224,zcta,,,08224,2023,158,35.8,150,0,0,0,53,2.98,99583.0,40649.0,0,158,0.3013,69,53,16,53,0,287500.0,,0,0,0,0,0,,107,39,0,4,28,9,8,0,93,89,4,121,89,79,5,0,0,2145.0,89,0.0,4.3,42.06,100.0,23.19,,,24.1,0.0,0.0,0.0987
08225,ZCTA5 08225,zcta,,,08225,2023,8427,44.7,6570,254,780,948,3299,2.51,104042.0,56184.0,364,8267,0.4671,3447,3299,148,2897,402,275900.0,1554.0,0,16,18,148,402,39.1,6181,1227,308,683,1745,801,241,53,4703,4549,131,7143,4478,3638,170,56,327,91615.0,4151,4.4,2.79,45.95,87.81,4.29,45.27,36.82,22.1,1.25,7.3,0.37
08226,ZCTA5 08226,zcta,,,08226,2023,11260,57.3,9748,251,35,1051,5619,1.99,101782.0,70660.0,887,11179,0.4791,20905,5619,15286,4070,1549,719100.0,1670.0,60,126,69,563,1549,37.5,8918,1780,302,610,2736,1488,519,136,5436,5270,166,9917,5212,3178,386,11,829,117990.0,4383,7.93,3.05,54.71,72.43,73.12,52.81,36.35,26.9,0.21,15.91,0.2413
08230,ZCTA5 08230,zcta,,,08230,2023,5998,45.2,5749,13,40,68,2274,2.59,110667.0,51419.0,126,5885,0.3693,2669,2274,395,2173,101,406900.0,1757.0,0,0,0,12,101,17.3,4148,1176,201,321,1122,465,216,26,2920,2810,55,4744,2805,2311,202,0,292,59245.0,2513,2.14,1.88,44.09,95.56,14.8,11.88,11.88,23.6,0.0,10.41,0.0811
08232,ZCTA5 08232,zcta,,,08232,2023,20200,35.6,2814,7028,537,10572,6466,3.08,52476.0,26875.0,4609,20007,0.4868,7136,6466,670,3233,3233,179900.0,1210.0,251,87,357,976,3233,32.7,13480,4482,1204,565,1080,184,81,108,10005,9111,894,15978,8984,6044,1440,650,378,178310.0,8606,23.04,8.94,10.78,50.0,9.39,51.69,30.19,20.7,7.24,4.21,0.5849
08234,ZCTA5 08234,zcta,,,08234,2023,46856,41.1,27600,4473,5966,7641,16931,2.76,96604.0,42166.0,4685,46701,0.4097,17728,16931,797,14197,2734,285700.0,1466.0,105,201,252,627,2734,29.0,32363,9481,2533,1926,8020,2416,659,182,25236,23175,1980,37062,22490,17728,1950,146,2287,510650.0,20203,10.03,7.85,34.85,83.85,4.5,43.34,22.93,25.3,0.65,10.17,0.6011
08240,ZCTA5 08240,zcta,,,08240,2023,2812,20.4,1804,377,299,282,3,1.67,,6554.0,0,16,,3,3,0,3,0,,,0,0,0,0,0,,114,16,5,15,62,4,3,0,1432,1240,181,2812,906,426,21,111,107,14585.0,799,0.0,12.64,60.53,100.0,0.0,,,18.3,12.25,11.81,0.5491
08241,ZCTA5 08241,zcta,,,08241,2023,1047,48.5,989,1,8,23,457,2.27,130417.0,71245.0,18,1041,0.4485,477,457,20,434,23,412500.0,2104.0,14,0,0,0,23,31.6,792,185,27,171,170,74,12,16,572,522,45,851,524,438,48,0,38,13545.0,486,1.73,7.87,34.34,94.97,4.19,60.87,0.0,27.9,0.0,7.25,0.1072
08242,ZCTA5 08242,zcta,,,08242,2023,4021,51.4,2966,262,23,671,1852,2.15,97831.0,48707.0,355,4021,0.431,2083,1852,231,1461,391,306200.0,1486.0,0,58,0,90,391,28.5,3180,934,402,127,532,350,88,0,1850,1659,191,3385,1595,1106,86,4,223,22515.0,1372,8.83,10.32,30.5,78.89,11.09,37.85,23.02,16.4,0.25,13.98,0.4238
08243,ZCTA5 08243,zcta,,,08243,2023,2079,65.2,2011,3,0,40,1125,1.84,98860.0,84171.0,98,2079,0.5036,6719,1125,5594,1055,70,1019500.0,,13,0,16,10,70,40.3,1890,427,209,110,489,294,91,23,773,746,27,1967,746,552,22,10,132,18645.0,614,4.71,3.49,47.46,93.78,83.26,55.71,14.29,30.4,1.34,17.69,0.064
08244,ZCTA5 08244,zcta,,,08244,2023,10611,43.9,7844,950,470,1643,4860,2.18,67500.0,39565.0,1174,10611,0.4343,5898,4860,1038,2434,2426,278500.0,1266.0,297,114,119,689,2426,31.0,7808,2168,332,737,1373,787,127,72,6066,5461,567,8839,5302,4126,235,62,458,111200.0,4844,11.06,9.35,30.21,50.08,17.6,50.25,28.4,23.0,1.17,8.64,0.4196
08245,ZCTA5 08245,zcta,,,08245,2023,30,,30,0,0,0,16,1.88,,,0,30,,16,16,0,16,0,,,0,0,0,0,0,,30,30,0,0,0,0,0,0,0,0,0,30,0,0,0,0,0,,0,0.0,,0.0,100.0,0.0,,,,,,0.0
08246,ZCTA5 08246,zcta,,,08246,2023,53,,53,0,0,0,26,2.04,,,0,53,,95,26,69,26,0,,,0,0,0,0,0,,53,27,0,0,0,26,0,0,26,26,0,53,26,26,0,0,0,,26,0.0,0.0,49.06,100.0,72.63,,,,0.0,0.0,0.0
08247,ZCTA5 08247,zcta,,,08247,2023,936,66.0,915,1,6,6,520,1.79,133929.0,132079.0,43,936,0.5567,3290,520,2770,446,74,1773800.0,1588.0,0,7,15,8,74,19.3,813,120,17,39,329,160,46,32,379,361,18,901,345,209,20,6,78,5905.0,267,4.59,4.75,69.74,85.77,84.19,40.54,10.81,22.1,1.74,22.61,0.0443
08248,ZCTA5 08248,zcta,,,08248,2023,134,53.9,134,0,0,0,75,1.79,106840.0,73042.0,0,134,0.1864,492,75,417,75,0,934000.0,,0,0,0,0,0,,134,0,0,0,20,53,9,0,89,56,33,134,56,47,0,0,9,,47,0.0,37.08,61.19,100.0,84.76,,,,0.0,16.07,0.0
08251,ZCTA5 08251,zcta,,,08251,2023,10360,45.6,9463,0,4,732,4767,2.17,76433.0,41894.0,1273,10274,0.434,6716,4767,1949,4103,664,275800.0,1468.0,11,0,37,278,664,48.5,7649,2717,1167,638,1292,485,66,0,4825,4294,531,8446,4191,3365,406,12,169,84505.0,4022,12.39,11.01,24.09,86.07,29.02,49.1,41.87,21.0,0.29,4.03,0.1607
08260,ZCTA5 08260,zcta,,,08260,2023,12913,59.1,10912,454,22,1853,6951,1.85,71549.0,53427.0,1572,12900,0.4854,23076,6951,16125,4450,2501,441300.0,1182.0,258,277,305,609,2501,35.8,10608,3770,554,875,1768,838,257,135,5981,5482,497,11604,5368,3170,605,100,536,123525.0,4832,12.19,8.31,28.26,64.02,69.88,57.94,24.35,25.6,1.86,9.99,0.2641
08270,ZCTA5 08270,zcta,,,08270,2023,8239,40.4,6622,518,65,893,3155,2.52,95033.0,41911.0,806,8237,0.3806,3717,3155,562,2587,568,298800.0,1145.0,129,4,59,84,568,30.2,5633,1991,322,307,1081,369,78,38,4072,3914,158,6588,3814,3288,157,14,293,102245.0,3521,9.79,3.88,27.8,82.0,15.12,48.59,14.79,29.0,0.37,7.68,0.3382
08302,ZCTA5 08302,zcta,,,08302,2023,47003,32.4,18321,12153,538,18381,14711,2.95,60301.0,26528.0,9819,43322,0.4581,16038,14711,1327,8454,6257,202000.0,1351.0,421,356,721,2039,6257,38.2,29512,11268,1384,1861,2492,990,189,152,20416,19156,1260,35187,18717,13392,3354,362,952,463605.0,17765,22.67,6.17,12.95,57.47,8.27,56.53,32.59,26.1,1.93,5.09,0.6282
08310,ZCTA5 08310,zcta,,,08310,2023,1236,67.1,1003,68,0,261,678,1.81,46188.0,61757.0,131,1236,0.6679,723,678,45,519,159,,1075.0,52,0,0,18,159,28.1,1085,477,126,43,90,58,0,0,456,437,19,1204,412,400,0,1,0,13600.0,412,10.6,4.17,13.64,76.55,6.22,44.03,11.32,33.0,0.24,0.0,0.2939
08311,ZCTA5 08311,zcta,,,08311,2023,1656,44.1,1259,112,40,241,604,2.65,74352.0,34340.0,270,1653,0.448,675,604,71,504,100,195400.0,1311.0,13,0,7,17,100,19.5,1162,532,104,65,94,90,8,0,798,714,64,1305,727,603,46,0,55,16850.0,672,16.33,8.02,16.52,83.44,10.52,37.0,17.0,25.1,0.0,7.57,0.3957
08312,ZCTA5 08312,zcta,,,08312,2023,8395,40.9,5642,1801,21,794,3219,2.61,88448.0,39235.0,622,8393,0.3958,3558,3219,339,2360,859,248000.0,1204.0,86,18,31,202,859,26.5,5924,1954,333,489,797,390,55,43,4006,3711,280,6812,3494,2828,250,112,264,106605.0,3230,7.41,6.99,21.69,73.31,9.53,39.23,23.52,33.0,3.21,7.56,0.4934
08314,ZCTA5 08314,zcta,,,08314,2023,503,51.5,503,0,0,0,200,2.52,,35218.0,59,503,0.3857,200,200,0,190,10,203400.0,,0,0,0,0,10,,403,239,12,0,12,25,0,0,256,256,0,474,256,256,0,0,0,6250.0,256,11.73,0.0,9.18,95.0,0.0,0.0,0.0,24.4,0.0,0.0,0.0
08316,ZCTA5 08316,zcta,,,08316,2023,78,63.7,78,0,0,0,27,2.89,100875.0,28168.0,28,78,0.1643,58,27,31,27,0,,,0,0,0,0,0,,63,17,10,7,8,8,0,0,30,30,0,69,30,30,0,0,0,,30,35.9,0.0,25.4,100.0,53.45,,,,0.0,0.0,0.0
08317,ZCTA5 08317,zcta,,,08317,2023,1292,49.8,1043,139,0,153,597,2.15,103945.0,50509.0,147,1292,0.2891,648,597,51,482,115,301400.0,,0,11,0,0,115,,1099,418,14,121,130,83,51,0,637,551,86,1154,548,500,26,0,22,16050.0,526,11.38,13.5,24.02,80.74,7.87,9.57,0.0,30.5,0.0,4.01,0.3227
08318,ZCTA5 08318,zcta,,,08318,2023,12149,41.2,10094,892,110,1043,4422,2.72,87551.0,40865.0,1170,12012,0.4153,4648,4422,226,3743,679,271300.0,1173.0,56,185,3,226,679,37.3,8458,3184,484,806,1350,643,126,51,6101,5660,441,9956,5334,4681,199,17,356,142265.0,4978,9.74,7.23,25.66,84.64,4.86,69.22,33.28,28.6,0.32,6.67,0.2968
08319,ZCTA5 08319,zcta,,,08319,2023,1269,40.5,1185,35,0,18,450,2.82,115294.0,43185.0,42,1264,0.2907,542,450,92,445,5,293100.0,,0,0,0,3,5,,844,275,52,96,219,63,8,6,578,556,22,954,556,504,5,0,43,17405.0,513,3.32,3.81,35.07,98.89,16.97,60.0,60.0,33.9,0.0,7.73,0.127
08320,ZCTA5 08320,zcta,,,08320,2023,1065,41.2,593,352,59,300,0,,,9195.0,0,0,,0,0,0,0,0,,,0,0,0,0,0,,1057,332,39,25,16,0,0,0,0,0,0,1065,0,0,0,0,0,,0,,,1.51,,,,,,,,0.4983
08321,ZCTA5 08321,zcta,,,08321,2023,153,61.9,153,0,0,0,90,1.7,52500.0,73484.0,0,153,0.5706,298,90,208,77,13,213200.0,,0,0,0,0,13,,153,63,6,0,28,0,0,0,63,50,13,153,50,32,0,0,18,,32,0.0,20.63,18.3,85.56,69.8,0.0,0.0,,0.0,36.0,0.0
08322,ZCTA5 08322,zcta,,,08322,2023,10391,39.1,7998,1057,123,629,3508,2.96,117602.0,43644.0,855,10332,0.3798,3687,3508,179,3108,400,280400.0,1504.0,0,21,47,110,400,27.8,7129,2390,464,774,1164,359,20,66,5860,5392,463,8356,5260,4647,221,16,312,155740.0,4948,8.28,7.9,22.57,88.6,4.85,44.5,27.5,31.5,0.3,5.93,0.3934
08323,ZCTA5 08323,zcta,,,08323,2023,736,49.5,649,16,4,60,310,2.37,87000.0,45963.0,53,736,0.4032,338,310,28,286,24,247500.0,953.0,2,1,0,2,24,13.3,554,140,43,39,97,68,14,10,328,317,11,639,306,245,21,1,32,7905.0,274,7.2,3.35,34.12,92.26,8.28,20.83,8.33,28.9,0.33,10.46,0.2153
08324,ZCTA5 08324,zcta,,,08324,2023,216,30.4,216,0,0,36,90,2.4,86538.0,35013.0,0,216,0.1379,90,90,0,50,40,258300.0,,0,0,0,0,40,,141,104,0,0,34,0,0,0,108,108,0,155,108,103,0,0,5,,103,0.0,0.0,24.11,55.56,0.0,0.0,0.0,,0.0,4.63,-0.0278
08326,ZCTA5 08326,zcta,,,08326,2023,1430,33.9,1123,0,14,347,486,2.92,74891.0,30977.0,103,1430,0.3339,539,486,53,359,127,244900.0,1490.0,0,55,0,12,127,35.3,848,269,14,45,190,42,0,0,621,556,65,1016,549,449,31,0,54,13295.0,495,7.2,10.47,27.36,73.87,9.83,52.76,9.45,26.9,0.0,9.84,0.3243
08327,ZCTA5 08327,zcta,,,08327,2023,3505,40.5,1205,1612,18,900,192,1.76,60556.0,29181.0,34,337,0.6911,223,192,31,153,39,166300.0,,12,0,0,0,39,,3381,1311,63,133,99,14,0,0,179,162,17,3502,162,89,28,0,45,2170.0,117,10.09,9.5,3.34,79.69,13.9,30.77,0.0,18.5,0.0,27.78,0.6043
08328,ZCTA5 08328,zcta,,,08328,2023,1554,36.8,1456,98,0,0,526,2.95,108750.0,41518.0,126,1554,0.3894,574,526,48,426,100,231100.0,,0,0,0,70,100,,1018,490,24,206,78,31,0,0,772,711,61,1289,696,604,92,0,0,23165.0,696,8.11,7.9,10.71,80.99,8.36,70.0,70.0,33.3,0.0,0.0,0.1182
08329,ZCTA5 08329,zcta,,,08329,2023,219,65.4,149,0,14,0,117,1.87,63848.0,32329.0,18,219,0.2666,117,117,0,117,0,165800.0,,0,0,0,0,0,,163,18,0,0,81,18,0,0,14,14,0,163,14,0,14,0,0,,14,8.22,0.0,60.74,100.0,0.0,,,,0.0,0.0,0.533
08330,ZCTA5 08330,zcta,,,08330,2023,30009,41.5,17866,4788,1325,4743,11994,2.45,82981.0,40430.0,2381,29225,0.3975,12800,11994,806,8572,3422,230700.0,1576.0,357,69,79,925,3422,26.6,21371,6521,1592,1702,4625,1566,285,60,15561,13784,1491,24740,13817,11163,1019,37,1049,357370.0,12768,8.15,9.58,30.58,71.47,6.3,41.79,27.03,28.0,0.27,7.59,0.5932
08332,ZCTA5 08332,zcta,,,08332,2023,35214,41.8,23382,5323,566,5961,14299,2.44,65825.0,44674.0,4542,34980,0.5882,15063,14299,764,9589,4710,195900.0,1223.0,368,291,371,1584,4710,36.3,24684,7894,2699,1923,3120,1043,202,113,17341,15939,1370,28133,15657,12429,1814,103,725,368005.0,14932,12.98,7.9,18.14,67.06,5.07,55.5,33.63,24.6,0.66,4.63,0.5073
08340,ZCTA5 08340,zcta,,,08340,2023,876,48.5,831,45,0,0,399,2.18,72813.0,40749.0,8,876,0.3809,399,399,0,300,99,242800.0,1247.0,24,0,0,27,99,30.9,642,150,75,66,124,0,19,18,369,316,53,706,316,178,0,0,62,6695.0,254,0.91,14.36,25.08,75.19,0.0,51.52,27.27,26.4,0.0,19.62,0.0975
08341,ZCTA5 08341,zcta,,,08341,2023,2002,33.8,1069,97,342,821,812,2.45,68462.0,30700.0,147,2002,0.4517,812,812,0,443,369,207100.0,948.0,78,47,43,130,369,38.8,1255,287,241,100,131,69,0,7,1158,916,215,1707,943,851,92,0,0,31375.0,943,7.34,18.57,16.49,54.56,0.0,80.76,35.23,33.3,0.0,0.0,0.5152
08343,ZCTA5 08343,zcta,,,08343,2023,4438,46.1,3972,161,55,227,1440,3.06,143561.0,52692.0,147,4434,0.3952,1561,1440,121,1326,114,324900.0,1625.0,0,0,15,7,114,19.3,3007,1025,159,204,757,252,37,29,2108,2094,14,3624,2050,1633,114,1,241,49070.0,1809,3.32,0.66,35.75,92.08,7.75,19.3,6.14,27.1,0.05,11.76,0.1949
08344,ZCTA5 08344,zcta,,,08344,2023,5296,42.3,4251,388,12,1154,2051,2.56,73340.0,39553.0,196,5248,0.3857,2362,2051,311,1860,191,212600.0,1431.0,74,0,21,44,191,33.7,3709,1277,330,313,694,279,2,6,2834,2638,196,4354,2615,2211,146,1,204,69600.0,2411,3.73,6.92,26.45,90.69,13.17,72.77,23.04,28.9,0.04,7.8,0.3028
08345,ZCTA5 08345,zcta,,,08345,2023,801,61.0,759,6,8,29,383,2.09,64076.0,33400.0,128,801,0.3965,495,383,112,351,32,196700.0,1594.0,0,3,0,9,32,29.3,636,296,16,42,61,30,3,0,340,314,26,667,297,287,0,0,10,7270.0,287,15.98,7.65,14.78,91.64,22.63,37.5,28.12,25.3,0.0,3.37,0.1007
08346,ZCTA5 08346,zcta,,,08346,2023,444,35.9,210,151,14,132,189,2.35,79464.0,34852.0,0,444,0.2475,237,189,48,189,0,221900.0,,0,0,0,0,0,,337,122,0,46,62,0,0,0,316,291,25,369,291,201,44,0,46,7010.0,245,0.0,7.91,18.4,100.0,20.25,,,28.6,0.0,15.81,0.5713
08348,ZCTA5 08348,zcta,,,08348,2023,191,62.1,191,0,0,0,101,1.89,,57568.0,0,191,0.3302,101,101,0,43,58,,,48,0,0,0,58,,178,56,0,0,48,0,0,0,59,59,0,178,59,59,0,0,0,,59,0.0,0.0,26.97,42.57,0.0,82.76,0.0,,0.0,0.0,0.0
08349,ZCTA5 08349,zcta,,,08349,2023,2400,37.8,1686,460,0,214,899,2.65,55893.0,37131.0,277,2400,0.5696,1043,899,144,564,335,124600.0,1670.0,0,0,3,139,335,51.0,1575,717,36,160,83,0,0,0,980,951,29,1826,947,707,178,0,46,28910.0,901,11.54,2.96,5.27,62.74,13.81,42.39,41.49,32.1,0.0,4.86,0.4618
08350,ZCTA5 08350,zcta,,,08350,2023,859,55.0,663,80,0,108,287,2.96,152525.0,45664.0,32,859,0.3492,341,287,54,287,0,235600.0,,0,0,0,0,0,,725,270,27,21,132,0,0,0,521,474,47,749,474,254,116,0,104,8840.0,370,3.73,9.02,18.21,100.0,15.84,,,23.9,0.0,21.94,0.3798
08352,ZCTA5 08352,zcta,,,08352,2023,224,26.3,20,72,12,66,69,3.25,,35076.0,0,224,0.3235,69,69,0,40,29,175000.0,,0,0,0,0,29,,117,20,14,20,39,17,0,0,105,105,0,137,69,57,0,0,12,,57,0.0,0.0,47.86,57.97,0.0,0.0,0.0,,0.0,17.39,0.799
08353,ZCTA5 08353,zcta,,,08353,2023,283,50.4,200,3,63,61,113,2.5,86250.0,37918.0,10,283,0.3249,126,113,13,104,9,198300.0,880.0,0,0,0,0,9,22.5,201,79,8,26,40,3,0,0,154,138,16,229,133,109,20,0,1,3615.0,132,3.53,10.39,21.39,92.04,10.32,0.0,0.0,27.4,0.0,0.75,0.4044
08360,ZCTA5 08360,zcta,,,08360,2023,44276,37.5,20979,5970,523,22695,16023,2.72,62604.0,30156.0,7054,43776,0.4563,16797,16023,774,10208,5815,199600.0,1164.0,541,300,406,1652,5815,30.6,29457,8480,1865,2453,3561,1003,366,63,20933,19066,1846,34323,18430,14897,2027,147,665,442195.0,17765,16.11,8.82,16.95,63.71,4.61,49.85,28.41,24.9,0.8,3.61,0.4944
08361,ZCTA5 08361,zcta,,,08361,2023,18375,43.5,12270,2056,482,4973,6535,2.68,103482.0,41698.0,1635,18134,0.4007,6760,6535,225,5339,1196,271300.0,1407.0,35,83,149,364,1196,36.0,12601,2258,654,1331,2874,1431,268,315,8714,8248,453,14493,7809,6318,721,56,639,169745.0,7170,9.02,5.2,38.79,81.7,3.33,52.76,30.43,23.7,0.72,8.18,0.4676
08401,ZCTA5 08401,zcta,,,08401,2023,38744,37.6,7921,12509,6225,12464,16568,2.31,36375.0,24043.0,12796,38029,0.5276,20116,16568,3548,4971,11597,189600.0,1086.0,1077,646,1088,3502,11597,34.2,24912,7544,1380,1359,3665,842,495,107,17555,15292,2252,29702,14778,6645,1223,3049,867,329080.0,13911,33.65,12.83,20.51,30.0,17.64,54.44,30.2,23.7,20.63,5.87,0.7247
08402,ZCTA5 08402,zcta,,,08402,2023,5260,57.9,4985,3,120,99,2625,2.0,114417.0,85429.0,325,5260,0.5248,6940,2625,4315,2356,269,645200.0,1368.0,19,6,30,34,269,26.2,4067,600,190,308,1204,714,371,154,2603,2508,83,4598,2462,1554,345,26,421,60875.0,2041,6.18,3.19,60.07,89.75,62.18,33.09,12.64,29.8,1.06,17.1,0.101
08403,ZCTA5 08403,zcta,,,08403,2023,1012,68.3,950,0,30,31,535,1.89,103295.0,121988.0,61,1012,0.6308,1656,535,1121,501,34,1040300.0,2554.0,0,0,3,9,34,43.3,904,221,41,65,243,111,86,52,346,318,28,944,304,223,0,8,70,7410.0,234,6.03,8.09,54.42,93.64,67.69,35.29,26.47,31.7,2.63,23.03,0.117
08406,ZCTA5 08406,zcta,,,08406,2023,8962,56.8,6834,286,823,1311,4496,1.99,75034.0,56761.0,951,8951,0.5295,7772,4496,3276,2822,1674,345300.0,1460.0,73,115,244,321,1674,32.3,7426,2022,633,476,1634,819,262,109,4552,4242,310,8087,4150,2816,371,352,490,89820.0,3660,10.62,6.81,38.03,62.77,42.15,44.98,19.18,24.5,8.48,11.81,0.3877
08501,ZCTA5 08501,zcta,,,08501,2023,6297,48.8,5495,152,399,627,2437,2.58,133015.0,66291.0,313,6297,0.4187,2495,2437,58,2228,209,530100.0,1457.0,3,23,7,19,209,25.8,4568,827,310,238,1536,1016,94,80,3108,2848,260,5262,2800,1785,244,43,709,70350.0,2091,4.97,8.37,59.68,91.42,2.32,24.88,9.09,33.6,1.54,25.32,0.224
08502,ZCTA5 08502,zcta,,,08502,2023,12081,41.8,5244,346,5532,614,4049,2.98,223444.0,86852.0,278,12039,0.379,4049,4049,0,3320,729,766000.0,2511.0,25,19,19,90,729,22.7,7990,569,318,310,2762,2043,380,960,6782,6471,311,9282,6383,3763,270,157,1906,164230.0,4477,2.31,4.59,76.91,82.0,0.0,20.99,12.35,36.7,2.46,29.86,0.5985
08505,ZCTA5 08505,zcta,,,08505,2023,18913,40.5,13712,1810,1106,2072,7407,2.53,111946.0,53456.0,1002,18599,0.3776,7792,7407,385,5159,2248,353200.0,1586.0,394,148,153,354,2248,28.8,13248,3067,943,957,3683,1662,240,119,10944,10440,483,14977,10197,7743,643,89,1545,240315.0,8652,5.39,4.41,43.06,69.65,4.94,46.66,15.75,27.8,0.87,15.15,0.4498
08510,ZCTA5 08510,zcta,,,08510,2023,5383,47.4,3512,31,591,1237,1856,2.89,201875.0,79482.0,159,5383,0.42,1891,1856,35,1819,37,645200.0,,0,0,13,0,37,,3608,510,125,223,1564,413,155,93,3071,2964,107,4719,2888,2114,96,53,486,100410.0,2402,2.95,3.48,61.67,98.01,1.85,35.14,0.0,41.8,1.84,16.83,0.5094
08511,ZCTA5 08511,zcta,,,08511,2023,885,32.3,614,47,17,241,344,2.57,79145.0,44796.0,24,880,0.4284,344,344,0,209,135,369600.0,1151.0,0,21,0,1,135,23.3,590,145,35,29,118,90,0,10,511,455,30,679,460,430,5,0,13,14705.0,447,2.73,5.87,36.95,60.76,0.0,16.3,0.74,32.9,0.0,2.83,0.4413
08512,ZCTA5 08512,zcta,,,08512,2023,12511,47.8,6742,1247,3272,1869,5042,2.46,115255.0,67815.0,869,12377,0.4738,5237,5042,195,3080,1962,618300.0,1584.0,261,136,212,352,1962,29.5,9428,1718,343,445,2757,1807,284,333,6879,6468,395,10649,6362,4030,519,176,1453,148295.0,4909,7.02,5.74,54.95,61.09,3.72,48.98,17.94,30.2,2.77,22.84,0.609
08514,ZCTA5 08514,zcta,,,08514,2023,5270,40.6,4732,26,254,323,1900,2.77,118854.0,54519.0,376,5235,0.4272,2156,1900,256,1737,163,508000.0,1440.0,0,0,0,47,163,27.9,3511,972,176,207,1012,294,0,111,2696,2520,176,4174,2505,1870,201,0,368,75930.0,2137,7.18,6.53,40.36,91.42,11.87,28.83,28.83,35.5,0.0,14.69,0.1876
08515,ZCTA5 08515,zcta,,,08515,2023,8167,36.8,4549,458,2676,348,2455,3.24,193783.0,63757.0,234,7960,0.3516,2556,2455,101,2284,171,518300.0,2545.0,0,27,17,0,171,19.3,5194,807,35,195,2075,1260,130,31,4426,4277,126,6185,4249,2713,179,201,1096,109790.0,3153,2.94,2.85,67.31,93.03,3.95,25.73,0.0,34.8,4.73,25.79,0.5774
08518,ZCTA5 08518,zcta,,,08518,2023,5830,40.1,4337,395,446,767,2077,2.8,102321.0,41586.0,453,5749,0.369,2165,2077,88,1455,622,287900.0,1253.0,35,67,78,150,622,33.6,3888,1042,238,199,636,261,12,13,3434,3229,205,4432,3075,2378,286,8,246,78100.0,2829,7.88,5.97,23.71,70.05,4.06,53.05,24.12,27.6,0.26,8.0,0.4188
08520,ZCTA5 08520,zcta,,,08520,2023,29321,40.7,16185,2562,5587,7312,10692,2.72,116282.0,53550.0,1601,29251,0.4152,11271,10692,579,7404,3288,361800.0,1556.0,257,79,596,475,3288,27.9,20670,4787,1043,1442,5258,3295,457,448,16729,16065,664,23342,15576,10138,1455,376,2799,364085.0,12777,5.47,3.97,45.76,69.25,5.14,42.79,14.45,28.5,2.41,17.97,0.5892
08525,ZCTA5 08525,zcta,,,08525,2023,4567,46.4,3790,149,141,459,1912,2.38,157868.0,78332.0,78,4562,0.379,2024,1912,112,1638,274,551300.0,1646.0,36,5,4,95,274,30.7,3455,618,135,181,1207,659,74,241,2990,2938,52,3834,2920,2060,176,36,569,80195.0,2351,1.71,1.74,63.13,85.67,5.53,51.09,34.67,34.1,1.23,19.49,0.2992
08527,ZCTA5 08527,zcta,,,08527,2023,58366,38.9,46938,2465,1936,7923,20687,2.8,109059.0,45646.0,4615,57895,0.4049,21755,20687,1068,17789,2898,460600.0,1693.0,181,130,283,1068,2898,36.9,38842,10296,2501,3319,9740,4117,694,516,29304,27876,1369,44759,27412,21319,2221,302,3202,820835.0,24210,7.97,4.67,38.79,85.99,4.91,57.35,36.85,33.9,1.1,11.68,0.3319
08528,ZCTA5 08528,zcta,,,08528,2023,331,68.1,314,0,17,0,211,1.57,,60739.0,0,331,0.2496,211,211,0,195,16,234600.0,,0,0,0,0,16,,281,61,0,0,63,141,16,0,190,190,0,331,190,174,0,0,16,8435.0,174,0.0,0.0,78.29,92.42,0.0,0.0,0.0,48.5,0.0,8.42,0.0974
08530,ZCTA5 08530,zcta,,,08530,2023,8146,50.8,6830,449,112,678,3528,2.16,121667.0,78984.0,198,7652,0.4605,3816,3528,288,2787,741,554000.0,1641.0,35,13,21,254,741,29.3,6491,1032,181,277,1937,1232,470,123,4664,4534,130,7062,4472,3126,180,45,976,100430.0,3496,2.59,2.79,57.96,79.0,7.55,43.59,34.28,28.7,1.01,21.82,0.2868
08533,ZCTA5 08533,zcta,,,08533,2023,6892,39.9,6205,64,0,831,2493,2.76,101982.0,49346.0,313,6892,0.4216,2625,2493,132,1880,613,471500.0,1662.0,0,73,33,235,613,51.0,4771,1345,443,650,896,475,21,48,3903,3699,204,5479,3596,3161,122,0,262,109035.0,3334,4.54,5.23,30.18,75.41,5.03,55.63,38.34,32.7,0.0,7.29,0.1748
08534,ZCTA5 08534,zcta,,,08534,2023,13174,43.7,9919,135,2434,393,4855,2.69,180491.0,80996.0,473,13137,0.4224,5107,4855,252,4157,698,573100.0,2106.0,33,37,43,109,698,22.8,8954,821,241,594,3034,2028,608,767,6637,6461,176,10158,6405,3755,189,249,2117,118400.0,4288,3.6,2.65,71.89,85.62,4.93,31.81,15.62,27.6,3.89,33.05,0.398
08535,ZCTA5 08535,zcta,,,08535,2023,4971,47.5,4358,44,245,230,1660,2.98,195278.0,88772.0,141,4971,0.461,1715,1660,55,1438,222,684200.0,2279.0,0,0,0,10,222,21.7,3473,560,180,257,1263,497,183,37,2802,2755,23,4179,2650,1880,182,22,494,77285.0,2156,2.84,0.82,57.01,86.63,3.21,4.5,4.5,35.8,0.83,18.64,0.2268
08536,ZCTA5 08536,zcta,,,08536,2023,20558,36.7,5550,1526,12326,1004,8566,2.39,128426.0,72629.0,462,20456,0.4083,8894,8566,328,3779,4787,655100.0,1908.0,462,276,171,439,4787,23.4,14627,811,307,862,5349,4389,531,1316,11996,11433,563,16386,11152,6343,343,701,3584,250895.0,7568,2.26,4.69,79.2,44.12,3.69,28.16,9.17,33.2,6.29,32.14,0.5597
08540,ZCTA5 08540,zcta,,,08540,2023,49499,40.1,26731,2788,15459,3330,18037,2.58,169898.0,87961.0,3787,46614,0.5102,19255,18037,1218,11438,6599,723400.0,2083.0,606,423,472,995,6599,24.5,32418,1658,547,1326,10838,9730,2120,4026,26188,25132,1056,39442,24407,10583,960,1857,8572,474580.0,15835,8.12,4.03,82.4,63.41,6.33,37.82,15.08,30.0,7.61,35.12,0.6031
08542,ZCTA5 08542,zcta,,,08542,2023,2415,41.7,1348,275,299,417,1220,1.98,104694.0,71631.0,95,2414,0.413,1294,1220,74,439,781,754800.0,2398.0,101,60,90,147,781,32.6,2059,177,161,34,565,463,74,332,1814,1759,55,2174,1700,567,60,81,299,33135.0,1401,3.94,3.03,69.65,35.98,5.72,50.96,18.82,23.7,4.76,17.59,0.6303
08544,ZCTA5 08544,zcta,,,08544,2023,4548,20.4,2460,435,1127,660,12,3.67,,14134.0,44,44,,12,12,0,0,12,,,0,0,0,0,12,,300,0,0,11,173,107,0,0,2209,1985,224,4548,1663,235,35,60,433,17830.0,1230,100.0,10.14,93.33,0.0,0.0,0.0,0.0,14.5,3.61,26.04,0.6158
08550,ZCTA5 08550,zcta,,,08550,2023,20876,45.1,8010,351,10970,1191,7737,2.7,206658.0,97510.0,528,20876,0.4186,7839,7737,102,5902,1835,758900.0,2694.0,95,15,47,160,1835,19.2,14917,835,110,420,4595,5564,838,1601,11286,10896,350,16698,10573,4007,405,1546,4310,282605.0,6263,2.53,3.1,84.45,76.28,1.3,17.28,8.72,45.1,14.62,40.76,0.5731
08551,ZCTA5 08551,zcta,,,08551,2023,5950,49.1,5367,6,354,401,2091,2.84,154966.0,71095.0,49,5950,0.3672,2196,2091,105,1857,234,580400.0,2125.0,12,0,29,33,234,28.3,4051,677,139,237,1624,710,151,157,3506,3370,136,5247,3336,2180,277,11,819,82140.0,2517,0.82,3.88,65.22,88.81,4.78,31.62,14.1,32.6,0.33,24.55,0.1783
08553,ZCTA5 08553,zcta,,,08553,2023,814,42.8,696,7,33,69,319,2.51,127344.0,77165.0,35,814,0.4597,319,319,0,242,77,608200.0,1660.0,3,0,6,9,77,21.1,548,65,11,24,202,86,57,52,460,432,28,660,429,270,28,5,117,7925.0,312,4.3,6.09,72.45,75.86,0.0,23.38,11.69,25.4,1.17,27.27,0.26
08554,ZCTA5 08554,zcta,,,08554,2023,3661,38.5,2647,383,453,266,1465,2.49,84458.0,45827.0,258,3656,0.3892,1521,1465,56,1288,177,186400.0,1835.0,25,12,0,0,177,27.7,2428,774,128,209,543,70,34,15,1985,1896,83,2706,1856,1487,97,51,207,43795.0,1649,7.06,4.18,27.27,87.92,3.68,20.9,0.0,26.6,2.75,11.15,0.4457
08555,ZCTA5 08555,zcta,,,08555,2023,1059,38.8,865,7,14,364,361,2.93,112614.0,45830.0,8,1059,0.3579,376,361,15,298,63,354600.0,,4,0,36,3,63,42.5,656,116,97,90,167,108,11,14,488,472,16,738,463,359,5,6,91,14560.0,372,0.76,3.28,45.73,82.55,3.99,68.25,4.76,39.1,1.3,19.65,0.2145
08558,ZCTA5 08558,zcta,,,08558,2023,7236,47.9,4270,503,1897,413,2638,2.7,240968.0,107534.0,165,7161,0.4392,2758,2638,120,2334,304,853300.0,1796.0,13,74,56,73,304,39.4,4969,511,48,150,1588,1393,385,525,3620,3456,164,5868,3414,1828,90,204,945,90285.0,2469,2.3,4.53,78.31,88.48,4.35,71.05,24.01,36.6,5.98,27.68,0.575
08559,ZCTA5 08559,zcta,,,08559,2023,4608,57.8,4164,8,33,295,1983,2.32,157194.0,93146.0,138,4608,0.4669,2198,1983,215,1814,169,556000.0,2070.0,2,0,3,41,169,23.0,3778,455,217,261,1387,651,266,61,2603,2550,53,4284,2508,1789,201,63,418,84385.0,2090,2.99,2.04,62.6,91.48,9.78,27.22,24.26,40.4,2.51,16.67,0.1793
08560,ZCTA5 08560,zcta,,,08560,2023,3334,53.4,2909,24,195,49,1373,2.43,126726.0,65599.0,216,3334,0.4787,1475,1373,102,1291,82,399700.0,2163.0,0,0,0,0,82,9.0,2459,701,74,94,723,314,123,70,1711,1570,141,2969,1534,1180,60,47,247,35865.0,1287,6.48,8.24,50.02,94.03,6.92,0.0,0.0,27.9,3.06,16.1,0.235
08561,ZCTA5 08561,zcta,,,08561,2023,381,64.1,253,14,38,90,152,2.41,,38811.0,0,381,0.358,152,152,0,63,89,479500.0,,56,0,0,0,89,,284,76,14,0,12,40,0,51,161,161,0,350,161,100,23,14,24,2230.0,137,0.0,0.0,36.27,41.45,0.0,62.92,0.0,16.3,8.7,14.91,0.492
08562,ZCTA5 08562,zcta,,,08562,2023,4301,38.6,3023,271,24,632,1610,2.67,89766.0,41167.0,636,4267,0.4216,1768,1610,158,1196,414,271200.0,1048.0,26,21,97,115,414,42.2,2858,843,131,244,655,165,27,5,2113,1979,129,3352,1940,1339,237,0,312,50365.0,1628,14.91,6.11,29.81,74.29,8.94,62.56,27.78,30.9,0.0,16.08,0.4804
08608,ZCTA5 08608,zcta,,,08608,2023,1118,31.4,74,638,1,352,560,1.99,,24624.0,242,1115,0.4428,645,560,85,55,505,,1009.0,26,0,0,136,505,23.2,784,191,51,0,97,71,0,27,536,473,63,846,434,209,43,0,123,10865.0,311,21.7,11.75,24.87,9.82,13.18,32.08,26.93,34.9,0.0,28.34,0.5708
08609,ZCTA5 08609,zcta,,,08609,2023,13000,35.6,1686,5698,178,5847,4486,2.83,56932.0,43408.0,2768,12888,0.6832,5347,4486,861,1379,3107,96700.0,1218.0,115,162,454,854,3107,32.9,8725,2938,624,459,710,115,8,28,5708,5284,424,9984,5134,3219,883,459,93,120795.0,5041,21.48,7.43,9.87,30.74,16.1,51.01,27.49,24.0,8.94,1.81,0.5886
08610,ZCTA5 08610,zcta,,,08610,2023,33387,38.0,16653,5337,1063,14201,12048,2.77,87159.0,37350.0,2925,33387,0.4115,12363,12048,315,8162,3886,248900.0,1491.0,151,321,350,1047,3886,31.5,22736,7942,1540,1736,4197,1207,125,124,17550,16561,929,26269,16092,12169,2055,553,864,386980.0,15228,8.76,5.29,24.86,67.75,2.55,48.1,26.94,25.4,3.44,5.37,0.5437
08611,ZCTA5 08611,zcta,,,08611,2023,32786,34.8,8531,7437,200,20264,10852,2.9,50806.0,23975.0,7875,31231,0.4981,11638,10852,786,3947,6905,142400.0,1300.0,772,577,645,2311,6905,36.5,20762,6464,965,1156,2545,711,108,30,14678,13341,1337,24114,12857,6423,3136,450,714,344175.0,12143,25.22,9.11,16.35,36.37,6.75,62.35,33.47,28.3,3.5,5.55,0.4988
08618,ZCTA5 08618,zcta,,,08618,2023,37162,33.7,8564,22395,1140,5829,13640,2.44,48179.0,27638.0,7517,33410,0.503,15284,13640,1644,5625,8015,211800.0,1117.0,828,264,693,2271,8015,31.9,22648,7585,1842,1166,3284,1590,153,300,17271,15032,2239,29341,14381,9496,1304,1075,1159,324440.0,13222,22.5,12.96,23.52,41.24,10.76,50.61,28.33,24.5,7.48,8.06,0.5582
08619,ZCTA5 08619,zcta,,,08619,2023,23512,41.0,16884,2253,1445,3358,9418,2.46,104922.0,50343.0,1268,23210,0.3984,9761,9418,343,6522,2896,320800.0,1712.0,340,128,278,624,2896,29.6,17571,3963,832,1830,5260,2083,374,288,13406,12787,619,19673,12407,9318,908,358,1684,280080.0,10723,5.46,4.62,45.56,69.25,3.51,47.31,21.55,26.1,2.89,13.57,0.451
08620,ZCTA5 08620,zcta,,,08620,2023,11949,43.9,9151,1273,237,1122,4096,2.67,108732.0,45621.0,1159,10950,0.4023,4195,4096,99,3212,884,341000.0,1490.0,87,0,36,450,884,51.0,8473,2242,446,1176,1999,382,28,80,5723,5139,570,10399,4981,4019,206,75,573,129320.0,4408,10.58,9.96,29.38,78.42,2.36,64.82,50.9,29.3,1.51,11.5,0.3929
08628,ZCTA5 08628,zcta,,,08628,2023,9479,45.0,6468,1713,483,985,4317,2.01,101075.0,58344.0,741,8862,0.3928,4539,4317,222,2712,1605,358100.0,1661.0,163,87,121,255,1605,26.7,7634,1502,197,549,2538,1303,391,153,4943,4718,225,8318,4627,3300,252,168,829,101235.0,3798,8.36,4.55,57.44,62.82,4.89,39.0,15.89,26.7,3.63,17.92,0.4883
08629,ZCTA5 08629,zcta,,,08629,2023,13015,35.2,2190,4725,236,6563,4470,2.91,81367.0,31744.0,1131,12966,0.4005,4559,4470,89,3011,1459,149000.0,1263.0,75,162,22,357,1459,26.2,8986,2754,651,325,870,320,141,0,7171,6479,530,10643,6585,5039,1109,97,265,132445.0,6320,8.72,7.39,14.81,67.36,1.95,42.22,24.47,21.0,1.47,4.02,0.5853
08638,ZCTA5 08638,zcta,,,08638,2023,23373,35.8,8282,10292,378,4804,9129,2.44,65650.0,33023.0,4829,22361,0.4687,10148,9129,1019,5137,3992,226700.0,1499.0,279,352,328,1362,3992,38.2,15589,4444,1207,1086,3095,1270,214,240,11693,11065,628,19408,10683,7219,1143,784,1101,258930.0,9582,21.6,5.37,30.91,56.27,10.04,58.14,34.12,27.0,7.34,10.31,0.638
08640,ZCTA5 08640,zcta,,,08640,2023,8034,36.1,4786,2507,157,2306,901,3.29,98259.0,16643.0,167,2962,0.2862,1071,901,170,1,900,,2383.0,113,81,98,169,900,31.2,5944,1816,203,354,727,166,25,16,1901,457,35,6821,1853,1388,170,0,143,29105.0,1710,5.64,1.84,15.71,0.11,15.87,51.22,18.78,17.0,0.0,7.72,0.465
08641,ZCTA5 08641,zcta,,,08641,2023,4491,24.4,3261,564,107,1012,1340,3.14,79423.0,29763.0,123,4192,0.316,1497,1340,157,29,1311,,2426.0,117,95,204,375,1311,37.2,2178,274,131,320,519,279,34,17,2226,841,46,2893,2134,1642,259,0,131,33605.0,2003,2.93,2.07,38.98,2.16,10.49,60.34,28.6,16.8,0.0,6.14,0.4056
08648,ZCTA5 08648,zcta,,,08648,2023,31142,39.4,18631,4247,4417,4850,11553,2.48,118036.0,54894.0,1642,28606,0.4171,12217,11553,664,7912,3641,395400.0,1953.0,269,178,391,726,3641,28.4,20752,3213,683,730,6494,4515,518,950,17167,16090,1031,26011,15660,8780,1171,991,4160,337850.0,11500,5.74,6.01,60.12,68.48,5.44,42.96,19.94,29.4,6.33,26.56,0.5791
08690,ZCTA5 08690,zcta,,,08690,2023,18996,48.1,16201,436,1300,1491,7771,2.41,122665.0,58862.0,702,18750,0.4144,8068,7771,297,6377,1394,362700.0,1561.0,94,94,118,402,1394,32.2,14905,2974,1016,1356,4597,1746,231,187,10175,9664,511,16262,9591,6670,752,192,1834,187500.0,7757,3.74,5.02,45.36,82.06,3.68,50.79,28.84,24.2,2.0,19.12,0.2613
08691,ZCTA5 08691,zcta,,,08691,2023,16924,45.1,10712,517,4585,844,6971,2.42,129900.0,66563.0,673,16924,0.4357,7322,6971,351,5333,1638,523500.0,1845.0,55,111,119,650,1638,40.0,11974,1791,388,791,4214,2790,365,232,8898,8449,449,13393,8278,5278,344,347,2155,210180.0,6123,3.98,5.05,63.48,76.5,4.79,57.08,39.68,34.3,4.19,26.03,0.5226
08701,ZCTA5 08701,zcta,,,08701,2023,136784,18.2,117741,2714,1038,15239,31224,4.32,62811.0,22163.0,33277,134568,0.485,33539,31224,2315,15861,15363,430700.0,1701.0,1253,1269,1861,5468,15363,40.3,56766,16461,3936,2394,10486,6447,1133,501,40774,38263,2471,73936,36506,24413,4927,654,4666,805775.0,31840,24.73,6.06,32.71,50.8,6.9,64.12,35.59,25.3,1.79,12.78,0.2462
08720,ZCTA5 08720,zcta,,,08720,2023,774,48.4,706,24,18,0,251,2.63,218173.0,61557.0,38,661,0.3706,287,251,36,208,43,757000.0,,0,0,0,43,43,,594,117,0,29,172,58,22,5,474,463,11,680,463,415,41,0,7,13135.0,456,5.75,2.32,43.27,82.87,12.54,100.0,100.0,28.8,0.0,1.51,0.1665
08721,ZCTA5 08721,zcta,,,08721,2023,22464,42.4,19331,539,869,1843,8241,2.68,104361.0,46903.0,1729,22121,0.4088,9343,8241,1102,7009,1232,353900.0,1595.0,39,88,73,427,1232,36.5,15773,5073,1255,1577,3186,1027,99,56,11730,10900,830,17978,10619,8435,912,199,897,345255.0,9722,7.82,7.08,27.69,85.05,11.79,50.89,34.66,35.5,1.87,8.45,0.2507
08722,ZCTA5 08722,zcta,,,08722,2023,11002,42.1,9045,432,123,1571,3965,2.77,102043.0,47446.0,558,11002,0.3751,4180,3965,215,3573,392,307500.0,2236.0,29,30,42,71,392,37.0,7749,2308,968,504,1533,578,81,0,6421,6213,188,9096,5683,5155,220,58,220,180590.0,5463,5.07,2.93,28.29,90.11,5.14,43.88,18.11,33.1,1.02,3.87,0.3021
08723,ZCTA5 08723,zcta,,,08723,2023,32033,44.4,26896,519,260,4537,12991,2.45,103953.0,49410.0,1818,31675,0.3964,14075,12991,1084,10365,2626,374400.0,1652.0,208,86,238,496,2626,26.5,23700,7972,2059,2140,4929,1739,200,145,18398,17196,1194,27052,16603,12812,1398,218,1856,429770.0,14747,5.74,6.49,29.59,79.79,7.7,39.15,18.89,29.1,1.31,11.18,0.2746
08724,ZCTA5 08724,zcta,,,08724,2023,41573,45.4,34222,2005,965,4671,16507,2.49,98771.0,51155.0,1988,41171,0.4226,17799,16507,1292,13765,2742,364700.0,1767.0,167,265,125,982,2742,36.9,31155,9206,2303,2752,7351,3053,536,294,23229,21857,1346,35096,21390,17192,1495,364,1901,563055.0,19489,4.83,5.79,36.06,83.39,7.26,56.13,35.81,28.9,1.7,8.89,0.3069
08730,ZCTA5 08730,zcta,,,08730,2023,4960,45.9,4666,30,58,223,1884,2.63,167754.0,87298.0,67,4960,0.463,2093,1884,209,1736,148,815100.0,2655.0,25,20,0,47,148,34.8,3370,372,141,247,1340,627,162,58,2712,2504,208,3889,2443,1757,120,21,498,57290.0,1945,1.35,7.67,64.9,92.14,9.99,62.16,31.76,29.5,0.86,20.38,0.1128
08731,ZCTA5 08731,zcta,,,08731,2023,21136,47.5,18959,186,151,3135,8533,2.47,93267.0,48796.0,1077,21062,0.4135,9663,8533,1130,7292,1241,360000.0,2080.0,105,22,385,121,1241,33.2,15375,4631,1140,1473,3604,1019,231,12,11177,10505,672,18079,10147,7807,733,103,1323,299830.0,8824,5.11,6.01,31.65,85.46,11.69,51.01,9.75,34.0,1.02,13.04,0.1733
08732,ZCTA5 08732,zcta,,,08732,2023,1552,53.9,1454,33,3,90,725,2.14,107837.0,72680.0,12,1552,0.4573,829,725,104,674,51,496800.0,2036.0,0,4,0,9,51,27.4,1184,213,38,156,356,198,45,37,757,735,22,1357,722,573,12,14,105,20205.0,617,0.77,2.91,53.72,92.97,12.55,25.49,17.65,32.7,1.94,14.54,0.1185
08733,ZCTA5 08733,zcta,,,08733,2023,2864,36.2,2000,254,131,466,1053,2.71,80792.0,31228.0,269,2850,0.3631,1117,1053,64,645,408,225800.0,1730.0,60,16,14,145,408,32.8,1933,747,202,113,237,111,0,5,1392,1258,74,2255,1281,1081,46,0,85,34690.0,1196,9.44,5.32,18.26,61.25,5.73,57.6,35.54,29.0,0.0,6.64,0.4759
08734,ZCTA5 08734,zcta,,,08734,2023,8028,42.5,7680,80,0,384,2699,2.96,121033.0,47702.0,115,8028,0.3357,3028,2699,329,2560,139,387300.0,1504.0,95,8,0,0,139,31.8,5586,1806,284,481,1182,499,239,44,4597,4390,207,6840,4192,3191,392,2,595,105945.0,3597,1.43,4.5,35.16,94.85,10.87,74.1,0.0,29.5,0.05,14.19,0.0824
08735,ZCTA5 08735,zcta,,,08735,2023,3435,62.8,3080,0,13,219,1953,1.76,85265.0,80217.0,120,3435,0.5364,7244,1953,5291,1631,322,865200.0,,111,4,0,93,322,34.0,2962,692,116,233,926,441,100,24,1501,1443,54,3143,1424,1031,6,21,292,42990.0,1132,3.49,3.6,50.34,83.51,73.04,64.6,28.88,38.0,1.47,20.51,0.1919
08736,ZCTA5 08736,zcta,,,08736,2023,13056,46.8,12084,5,105,788,5206,2.51,170042.0,87070.0,371,13056,0.4778,6155,5206,949,4622,584,849800.0,1838.0,66,24,94,68,584,33.4,9286,989,308,595,4034,1733,593,124,7433,6947,486,10768,6729,4652,373,161,1291,173800.0,5438,2.84,6.54,69.83,88.78,15.42,43.15,11.64,32.0,2.39,19.19,0.1396
08738,ZCTA5 08738,zcta,,,08738,2023,1371,58.5,1303,1,51,52,602,2.27,218667.0,149403.0,20,1366,0.5264,1720,602,1118,581,21,1418600.0,,0,0,0,0,21,,1092,122,38,70,432,183,128,30,581,547,34,1207,534,293,26,33,177,14620.0,357,1.46,5.85,70.79,96.51,65.0,0.0,0.0,41.0,6.18,33.15,0.0939
08740,ZCTA5 08740,zcta,,,08740,2023,1768,46.8,1607,19,42,9,754,2.34,75278.0,44655.0,66,1733,0.4707,1231,754,477,609,145,342100.0,1724.0,0,0,15,42,145,41.7,1273,506,58,122,301,105,7,9,824,797,27,1482,797,720,8,0,56,20160.0,741,3.81,3.28,33.15,80.77,38.75,39.31,28.97,27.2,0.0,7.03,0.1731
08741,ZCTA5 08741,zcta,,,08741,2023,2769,53.0,2505,62,38,194,1102,2.48,140034.0,61517.0,84,2764,0.3802,1224,1102,122,1067,35,449900.0,1219.0,8,0,6,8,35,32.8,2107,363,142,281,753,223,52,26,1647,1571,76,2367,1546,1256,82,7,165,32790.0,1381,3.04,4.61,50.02,96.82,9.97,62.86,22.86,23.7,0.45,10.67,0.176
08742,ZCTA5 08742,zcta,,,08742,2023,25558,45.8,22786,152,143,2670,10502,2.41,111983.0,62159.0,1316,25394,0.4246,12604,10502,2102,8333,2169,576300.0,1879.0,396,149,111,460,2169,31.9,19112,3628,1299,1295,6656,2623,429,184,15164,14540,532,21452,14286,10175,832,312,1710,384745.0,12576,5.18,3.51,51.76,79.35,16.68,51.45,21.21,30.6,2.18,11.97,0.1942
08750,ZCTA5 08750,zcta,,,08750,2023,3624,57.0,3331,86,29,152,1562,2.32,150357.0,115907.0,98,3623,0.5383,2032,1562,470,1304,258,1117800.0,2039.0,53,0,64,18,258,31.9,2792,239,79,214,1275,412,254,41,1795,1711,84,3163,1707,1075,198,42,357,35685.0,1350,2.7,4.68,70.99,83.48,23.13,52.33,6.98,26.4,2.46,20.91,0.1528
08751,ZCTA5 08751,zcta,,,08751,2023,3625,57.9,3229,0,26,385,1928,1.88,75000.0,56592.0,765,3625,0.5214,5319,1928,3391,1225,703,583000.0,1437.0,43,5,17,366,703,51.0,3024,740,243,204,750,351,49,36,1580,1464,116,3325,1452,1080,30,50,143,43675.0,1309,21.1,7.34,39.22,63.54,63.75,61.31,52.06,33.4,3.44,9.85,0.1952
08752,ZCTA5 08752,zcta,,,08752,2023,2254,63.5,2110,44,65,31,1229,1.83,75865.0,72001.0,235,2254,0.5333,4137,1229,2908,976,253,779000.0,1402.0,38,21,5,62,253,33.7,1988,425,73,210,643,353,64,40,977,939,38,2127,915,708,8,21,155,26115.0,760,10.43,3.89,55.33,79.41,70.29,49.8,24.51,34.4,2.3,16.94,0.1223
08753,ZCTA5 08753,zcta,,,08753,2023,64788,42.0,52768,2252,2326,7747,24945,2.57,101648.0,50946.0,3904,64133,0.4378,27900,24945,2955,20316,4629,377200.0,1742.0,442,347,363,899,4629,28.9,46486,13471,3235,4015,11355,4218,723,519,35597,33829,1641,53313,33300,25839,2604,159,4066,880520.0,29234,6.09,4.61,36.17,81.44,10.59,44.31,19.42,30.1,0.48,12.21,0.3198
08755,ZCTA5 08755,zcta,,,08755,2023,29266,40.1,22339,2544,1307,3316,10467,2.72,81077.0,43023.0,1915,28598,0.4574,11318,10467,851,8520,1947,379600.0,1484.0,222,263,69,611,1947,35.7,19685,6454,1282,1094,3890,1907,521,138,12581,11849,688,22120,11570,8473,1063,35,1641,307065.0,9929,6.7,5.47,32.8,81.4,7.52,59.84,31.38,30.9,0.3,14.18,0.395
08757,ZCTA5 08757,zcta,,,08757,2023,35652,62.8,28181,2245,635,5175,18035,1.96,56133.0,43058.0,3249,35438,0.5107,19302,18035,1267,15583,2452,253200.0,1714.0,100,113,160,1157,2452,51.0,30119,12051,2301,2576,4135,1218,244,198,13644,12642,912,32183,12465,10183,641,106,1232,363340.0,11233,9.17,6.68,19.24,86.4,6.56,62.4,47.19,32.3,0.85,9.88,0.3498
08758,ZCTA5 08758,zcta,,,08758,2023,8010,50.5,7345,115,80,444,3239,2.47,103877.0,48925.0,575,8009,0.3657,3765,3239,526,2837,402,455900.0,1239.0,41,0,39,61,402,30.5,6153,1601,590,612,1368,428,171,90,3653,3370,283,6963,3229,2481,311,43,353,115475.0,2876,7.18,7.75,33.43,87.59,13.97,35.07,15.17,40.2,1.33,10.93,0.1558
08759,ZCTA5 08759,zcta,,,08759,2023,34290,68.1,30297,1304,743,1746,19640,1.72,55000.0,42615.0,2751,33779,0.4339,22101,19640,2461,17270,2370,176600.0,1324.0,90,93,203,482,2370,27.2,31780,12251,2204,2720,4561,2154,277,412,10996,10318,678,32446,10056,8128,313,90,1063,290545.0,8993,8.14,6.17,23.3,87.93,11.14,36.62,20.34,32.3,0.89,10.57,0.2148
08801,ZCTA5 08801,zcta,,,08801,2023,7391,44.4,5499,705,402,600,2703,2.37,144060.0,69335.0,226,6403,0.4308,2732,2703,29,2297,406,501000.0,2496.0,12,10,31,38,406,23.1,5247,675,158,302,1888,1015,194,142,3478,3301,177,6487,3261,2305,88,48,730,90675.0,2531,3.53,5.09,61.73,84.98,1.06,22.41,9.36,35.8,1.47,22.39,0.4278
08802,ZCTA5 08802,zcta,,,08802,2023,4604,48.5,4152,25,64,275,1569,2.93,131012.0,55832.0,86,4604,0.3468,1604,1569,35,1490,79,458500.0,2194.0,0,0,11,20,79,20.7,3333,822,189,387,1147,289,59,69,2661,2565,96,3939,2455,1743,167,0,537,64035.0,1918,1.87,3.61,46.92,94.96,2.18,39.24,25.32,33.4,0.0,21.87,0.1829
08804,ZCTA5 08804,zcta,,,08804,2023,3066,46.0,2456,304,10,171,1174,2.6,106250.0,50919.0,262,3066,0.4167,1230,1174,56,895,279,439100.0,,14,57,7,64,279,34.3,2173,460,66,194,733,147,52,29,1580,1543,37,2597,1516,1211,75,19,169,49150.0,1347,8.55,2.34,44.22,76.24,4.55,50.9,22.94,36.5,1.25,11.15,0.3454
08805,ZCTA5 08805,zcta,,,08805,2023,14153,36.9,6213,1176,541,6875,5453,2.56,84201.0,45325.0,1276,14035,0.454,5524,5453,71,2546,2907,393900.0,1859.0,242,201,459,1021,2907,41.3,9972,2653,533,708,1995,771,259,226,8272,7910,362,11469,7761,5126,1036,313,726,163725.0,7035,9.09,4.38,32.6,46.69,1.29,66.15,35.12,23.3,4.03,9.35,0.563
08807,ZCTA5 08807,zcta,,,08807,2023,38438,43.1,22064,1301,10198,4325,13869,2.72,165983.0,67667.0,1545,37961,0.3917,14302,13869,433,11465,2404,562400.0,2092.0,83,133,33,788,2404,28.1,27024,4434,1037,1356,8645,6002,821,1022,20556,19839,717,31130,19554,12851,1061,638,4831,462440.0,14723,4.07,3.49,61.02,82.67,3.03,43.14,32.78,31.4,3.26,24.71,0.5863
08809,ZCTA5 08809,zcta,,,08809,2023,6838,38.6,5148,301,618,718,2261,2.6,127169.0,55891.0,350,6165,0.417,2353,2261,92,1770,491,413400.0,1721.0,67,28,77,104,491,32.8,4610,897,194,283,1449,700,67,161,3381,3177,191,5533,3103,2133,161,6,696,82605.0,2407,5.68,5.65,51.56,78.28,3.91,56.21,21.18,34.3,0.19,22.43,0.4121
08810,ZCTA5 08810,zcta,,,08810,2023,8241,40.4,2266,553,4552,581,2746,3.0,141308.0,55295.0,178,8241,0.3475,2814,2746,68,2329,417,471700.0,1969.0,168,0,0,39,417,30.4,5618,698,136,217,2177,1490,138,120,4652,4272,380,6555,4229,2786,206,251,865,118785.0,3364,2.16,8.17,69.86,84.81,2.42,49.64,9.35,35.3,5.94,20.45,0.6098
08812,ZCTA5 08812,zcta,,,08812,2023,14177,42.4,6558,519,2352,4690,4553,3.07,119534.0,52406.0,2155,14083,0.457,4916,4553,363,3487,1066,435300.0,1557.0,140,41,95,228,1066,30.5,9629,2024,502,589,2787,897,149,187,7852,7417,435,11839,7347,4985,722,348,945,189820.0,6402,15.3,5.54,41.75,76.59,7.38,47.28,21.39,29.7,4.74,12.86,0.6477
08816,ZCTA5 08816,zcta,,,08816,2023,48965,41.6,24568,2707,14418,6197,16690,2.92,141731.0,60455.0,2267,48812,0.4142,17242,16690,552,13443,3247,502600.0,2079.0,219,176,320,714,3247,29.3,33805,5110,1430,2114,10509,6856,1202,1017,25759,24587,1172,38119,23735,14564,1205,1718,5499,690725.0,18236,4.64,4.55,57.93,80.55,3.2,44.01,21.99,37.9,7.24,23.17,0.6425
08817,ZCTA5 08817,zcta,,,08817,2023,47924,38.1,15557,5136,18614,6997,16618,2.85,109734.0,45488.0,3373,47526,0.4006,17260,16618,642,8964,7654,411100.0,1946.0,594,291,686,972,7654,24.3,33380,6781,1597,1976,9763,5281,775,375,26282,24431,1835,37833,23924,15335,2365,1563,3844,613910.0,20080,7.1,6.98,48.51,53.94,3.72,33.22,12.7,30.6,6.53,16.07,0.711
08820,ZCTA5 08820,zcta,,,08820,2023,39392,42.6,7343,2052,27581,1503,12975,3.02,168453.0,65114.0,1375,39109,0.4005,13215,12975,240,9855,3120,597700.0,1925.0,300,149,313,464,3120,24.0,26923,2748,660,899,9598,7701,1196,642,19874,19098,776,30826,18704,8812,1329,2632,5563,565300.0,13141,3.52,3.9,71.08,75.95,1.82,39.29,14.87,43.0,14.07,29.74,0.4708
08821,ZCTA5 08821,zcta,,,08821,2023,375,40.6,348,27,0,0,140,2.68,122857.0,46166.0,0,375,0.2734,140,140,0,124,16,446700.0,,0,0,0,0,16,,276,74,0,65,55,42,16,0,207,207,0,291,207,207,0,0,0,4870.0,207,0.0,0.0,40.94,88.57,0.0,0.0,0.0,23.5,0.0,0.0,0.1336
08822,ZCTA5 08822,zcta,,,08822,2023,32002,42.7,25130,967,2122,3959,12028,2.62,137698.0,71332.0,1322,31749,0.4561,12274,12028,246,9672,2356,513900.0,1685.0,92,62,135,679,2356,27.5,22678,3664,958,1522,7545,4098,610,784,17991,17288,698,25984,16955,12250,985,211,3081,411955.0,13874,4.16,3.88,57.49,80.41,2.0,41.09,28.82,29.7,1.24,18.17,0.3627
08823,ZCTA5 08823,zcta,,,08823,2023,8873,39.8,2077,1638,3572,1233,3445,2.55,109182.0,53515.0,632,8812,0.4174,3445,3445,0,2307,1138,279400.0,2242.0,107,18,25,252,1138,24.0,6354,798,144,589,2219,1102,285,94,5437,5175,262,7347,4867,3091,474,306,639,145120.0,4228,7.17,4.82,58.23,66.97,0.0,35.33,22.14,34.3,6.29,13.13,0.7298
08824,ZCTA5 08824,zcta,,,08824,2023,13866,46.1,6266,578,5665,812,4691,2.95,180888.0,72505.0,342,13756,0.3922,4799,4691,108,4154,537,602500.0,1963.0,25,8,62,131,537,27.0,9730,1206,414,402,3656,2130,298,313,7711,7314,397,11386,7233,4720,326,492,1605,192490.0,5628,2.49,5.15,65.75,88.55,2.25,42.09,24.39,34.2,6.8,22.19,0.6237
08825,ZCTA5 08825,zcta,,,08825,2023,4639,47.3,3939,5,174,270,2071,2.21,104750.0,71689.0,228,4509,0.5279,2139,2071,68,1596,475,471800.0,1639.0,20,3,77,117,475,40.1,3513,646,155,293,946,489,182,129,2695,2523,172,3962,2485,1663,48,43,548,67555.0,1937,5.06,6.38,49.7,77.06,3.18,45.68,24.63,34.9,1.73,22.05,0.2742
08826,ZCTA5 08826,zcta,,,08826,2023,5255,47.4,4497,183,55,653,2174,2.37,119576.0,62255.0,333,5205,0.4163,2249,2174,75,1875,299,441600.0,1474.0,13,10,40,82,299,30.2,3956,864,254,407,1113,609,34,82,3032,2868,164,4485,2826,2068,80,72,482,85930.0,2344,6.4,5.41,46.46,86.25,3.33,48.49,27.42,36.7,2.55,17.06,0.2509
08827,ZCTA5 08827,zcta,,,08827,2023,4139,44.8,3678,19,108,320,1593,2.6,128589.0,61598.0,231,4120,0.434,1644,1593,51,1384,209,428600.0,1223.0,8,6,7,80,209,28.3,2922,608,189,148,969,303,53,107,2069,1978,91,3293,1968,1528,162,28,245,61610.0,1723,5.61,4.4,49.01,86.88,3.1,48.33,38.28,35.8,1.42,12.45,0.2037
08828,ZCTA5 08828,zcta,,,08828,2023,2317,39.5,1762,132,234,261,984,2.35,104143.0,53305.0,67,2317,0.3558,1008,984,24,648,336,321400.0,2081.0,5,0,6,93,336,26.3,1749,397,118,90,510,189,39,27,1452,1353,99,1938,1300,1073,59,17,136,37565.0,1164,2.89,6.82,43.74,65.85,2.38,30.95,27.68,32.3,1.31,10.46,0.3956
08829,ZCTA5 08829,zcta,,,08829,2023,3584,38.4,2731,132,361,453,1475,2.43,116424.0,54651.0,136,3584,0.355,1485,1475,10,1167,308,298600.0,1747.0,14,25,18,97,308,30.0,2511,622,78,230,782,375,10,59,2148,2023,125,3013,1994,1524,68,48,354,58545.0,1640,3.79,5.82,48.83,79.12,0.67,50.0,31.49,35.7,2.41,17.75,0.3919
08830,ZCTA5 08830,zcta,,,08830,2023,19151,38.4,4714,1557,10441,2048,6354,3.01,112615.0,46000.0,1223,19151,0.3916,6618,6354,264,4204,2150,394200.0,2051.0,226,85,249,484,2150,30.2,13521,2404,514,500,3874,3113,298,147,10071,9760,311,15586,9529,5084,638,1374,1692,295065.0,7837,6.39,3.09,54.97,66.16,3.99,48.56,22.51,37.7,14.42,17.76,0.6241
08831,ZCTA5 08831,zcta,,,08831,2023,54608,54.9,37343,1214,12537,4922,23858,2.27,108741.0,66565.0,2195,54331,0.4652,24898,23858,1040,21380,2478,489700.0,1872.0,291,130,254,647,2478,34.3,42919,8948,2396,2480,13039,7133,1063,776,24682,23301,1381,45773,22814,13952,940,1339,5885,671745.0,16929,4.04,5.6,51.28,89.61,4.18,53.35,26.11,39.7,5.87,25.8,0.471
08832,ZCTA5 08832,zcta,,,08832,2023,2793,29.0,1401,150,57,2398,868,3.21,65948.0,28712.0,677,2736,0.5156,868,868,0,175,693,328100.0,1643.0,62,0,29,304,693,34.8,1513,467,57,74,80,70,0,0,1452,1384,68,2116,1384,705,414,175,60,35625.0,1324,24.74,4.68,9.91,20.16,0.0,57.0,43.87,26.9,12.64,4.34,0.0079
08833,ZCTA5 08833,zcta,,,08833,2023,8772,50.2,7999,16,154,492,3518,2.47,163500.0,83226.0,177,8708,0.4248,3682,3518,164,3028,490,575400.0,1811.0,25,2,4,154,490,24.4,6638,1205,249,322,2196,1149,267,280,4645,4373,272,7308,4354,2827,169,170,1095,124290.0,3259,2.03,5.86,58.63,86.07,4.45,37.76,31.43,38.1,3.9,25.15,0.165
08835,ZCTA5 08835,zcta,,,08835,2023,10870,42.4,6703,909,304,2777,4300,2.53,93872.0,43853.0,1335,10870,0.4295,4538,4300,238,3114,1186,321100.0,1837.0,64,9,130,466,1186,42.0,7867,2526,659,659,1528,620,87,15,6309,6061,218,9125,5948,4224,734,50,588,130935.0,5360,12.28,3.46,28.6,72.42,5.24,56.41,39.29,24.4,0.84,9.89,0.5467
08836,ZCTA5 08836,zcta,,,08836,2023,4326,38.5,3043,2,556,314,1412,3.06,237935.0,99948.0,52,4325,0.4277,1461,1412,49,1402,10,786500.0,,0,0,0,10,10,,2780,251,109,134,1222,582,143,126,2291,2210,81,3144,2136,1410,113,64,516,57060.0,1620,1.2,3.54,74.57,99.29,3.35,100.0,100.0,35.2,3.0,24.16,0.4834
08837,ZCTA5 08837,zcta,,,08837,2023,19954,36.0,6527,2437,7729,3712,7357,2.66,107948.0,51091.0,929,19554,0.4204,7670,7357,313,3693,3664,432500.0,1778.0,253,226,294,581,3664,23.8,14001,2367,578,1183,4000,2672,353,310,10997,10321,676,15301,10021,6593,824,640,1826,244955.0,8195,4.75,6.15,52.39,50.2,4.08,36.95,15.86,29.9,6.39,18.22,0.6934
08840,ZCTA5 08840,zcta,,,08840,2023,17934,39.4,10737,1009,3385,1884,6333,2.83,150938.0,64964.0,834,17883,0.4311,6552,6333,219,4863,1470,517700.0,1994.0,154,36,142,246,1470,27.9,12396,1722,597,796,4076,2681,559,364,9721,9180,541,13652,8957,4770,551,1489,1912,254985.0,7045,4.66,5.57,61.96,76.79,3.34,39.32,16.73,36.2,16.62,21.35,0.5917
08844,ZCTA5 08844,zcta,,,08844,2023,43708,42.1,27929,1443,9311,4744,15918,2.73,153785.0,71042.0,1234,43475,0.3957,16168,15918,250,13127,2791,537300.0,2171.0,247,252,115,543,2791,28.2,31146,4796,1073,2103,10178,6554,1327,1134,25858,24656,1174,35632,24175,16858,940,656,5430,644980.0,18745,2.84,4.54,61.62,82.47,1.55,41.45,19.46,34.4,2.71,22.46,0.5334
08846,ZCTA5 08846,zcta,,,08846,2023,14518,44.3,8814,1034,1692,3821,5567,2.6,107063.0,50637.0,1155,14509,0.4006,5703,5567,136,4042,1525,414600.0,1493.0,96,197,68,278,1525,29.1,10731,3211,721,915,2466,844,287,103,8310,7878,385,11838,7708,6220,500,124,702,179960.0,7006,7.96,4.63,34.48,72.61,2.38,41.9,18.23,25.7,1.61,9.11,0.5435
08848,ZCTA5 08848,zcta,,,08848,2023,8376,42.0,8014,79,43,145,3049,2.74,129509.0,53750.0,386,8376,0.3719,3100,3049,51,2745,304,393800.0,1521.0,10,51,0,46,304,26.9,5778,1149,270,540,1781,723,150,59,4137,3816,321,6639,3670,2842,149,46,563,103365.0,3107,4.61,7.76,46.95,90.03,1.65,35.2,15.13,33.3,1.25,15.34,0.0842
08850,ZCTA5 08850,zcta,,,08850,2023,8442,42.1,6439,355,442,1072,3097,2.72,127331.0,59304.0,122,8442,0.4047,3165,3097,68,2466,631,436600.0,1520.0,0,159,85,111,631,38.2,6050,1116,535,620,1936,593,97,141,4766,4539,227,6619,4503,3555,145,186,544,118930.0,3959,1.45,4.76,45.74,79.63,2.15,56.26,17.59,30.0,4.13,12.08,0.3976
08852,ZCTA5 08852,zcta,,,08852,2023,17333,40.5,5194,1301,8774,1741,6655,2.59,121771.0,63075.0,1034,17274,0.4427,6721,6655,66,4388,2267,489100.0,1897.0,108,181,26,512,2267,24.1,12248,1503,248,609,4109,3183,213,396,10306,9705,601,13938,9662,6218,578,425,2308,254025.0,7354,5.99,5.83,64.51,65.94,0.98,36.48,22.58,34.5,4.4,23.89,0.6382
08853,ZCTA5 08853,zcta,,,08853,2023,5415,48.1,3684,676,422,518,1948,2.78,213074.0,76477.0,11,5415,0.3234,2057,1948,109,1464,484,638700.0,2124.0,86,0,0,70,484,21.1,3693,344,127,220,1535,812,129,264,3498,3199,299,4734,3171,2407,195,14,515,83600.0,2656,0.2,8.55,74.19,75.15,5.3,32.23,14.46,31.5,0.44,16.24,0.5063
08854,ZCTA5 08854,zcta,,,08854,2023,60405,33.6,19626,12298,19850,8645,17321,2.98,126331.0,43727.0,2766,51566,0.3751,18069,17321,748,11244,6077,423900.0,1929.0,342,408,820,803,6077,24.7,37208,6769,1512,2835,10906,5852,741,1049,34350,31802,2538,51062,30414,20038,2289,920,4593,708725.0,25821,5.36,7.39,49.85,64.92,4.14,39.05,13.21,27.4,3.02,15.1,0.7245
08857,ZCTA5 08857,zcta,,,08857,2023,40409,42.9,27192,2732,5381,7045,15860,2.52,101192.0,51611.0,3162,39983,0.4175,16241,15860,381,10602,5258,459400.0,1462.0,358,316,514,962,5258,27.5,30100,8530,1844,2364,7106,3095,471,192,23371,21754,1591,34227,21178,14425,1701,1786,2881,646215.0,18297,7.91,6.81,36.09,66.85,2.35,40.89,18.3,35.3,8.43,13.6,0.4945
08858,ZCTA5 08858,zcta,,,08858,2023,0,,0,0,0,0,0,,,,0,0,,0,0,0,0,0,,,0,0,0,0,0,,0,0,0,0,0,0,0,0,0,0,0,0,0,0,0,0,0,,0,,,,,,,,,,,1.0
08859,ZCTA5 08859,zcta,,,08859,2023,24284,38.7,12619,3089,4590,5455,8855,2.74,96593.0,44642.0,1471,24284,0.4013,9067,8855,212,5229,3626,407100.0,1625.0,233,383,274,513,3626,27.0,16989,4611,1069,1500,4259,1865,168,151,13483,12752,731,19193,12396,8198,1180,845,1626,348180.0,10770,6.06,5.42,37.92,59.05,2.34,38.69,14.15,32.3,6.82,13.12,0.6276
08861,ZCTA5 08861,zcta,,,08861,2023,58264,37.3,19205,4352,1364,46000,20367,2.84,60464.0,28163.0,11093,57764,0.4558,21032,20367,665,7136,13231,340900.0,1623.0,1417,950,1527,4450,13231,37.5,38947,11200,2195,2723,4247,1395,277,124,31348,27442,3866,46600,26106,15620,3509,974,1184,630915.0,24922,19.2,12.33,15.52,35.04,3.16,63.06,33.63,25.3,3.73,4.54,0.2619
08863,ZCTA5 08863,zcta,,,08863,2023,13052,39.5,6490,1489,2476,2994,4691,2.78,116250.0,52629.0,665,13052,0.4415,4770,4691,79,3371,1320,414100.0,1976.0,82,62,128,223,1320,26.1,9258,1945,519,1118,2491,954,74,73,7154,6892,262,10835,6715,4961,646,223,756,177620.0,5959,5.1,3.66,38.8,71.86,1.66,37.5,16.89,29.8,3.32,11.26,0.6511
08865,ZCTA5 08865,zcta,,,08865,2023,31078,43.2,22873,3200,901,3998,13452,2.28,78519.0,41861.0,3980,30654,0.4319,14146,13452,694,9318,4134,244200.0,1248.0,348,309,135,1051,4134,29.5,23152,7108,1405,2347,4377,1997,186,217,17421,16262,1099,25997,16034,12390,1327,274,1224,467550.0,14810,12.98,6.31,29.27,69.27,4.91,44.58,25.42,31.6,1.71,7.63,0.4303
08867,ZCTA5 08867,zcta,,,08867,2023,5411,45.6,4700,0,522,232,1925,2.77,192150.0,78974.0,80,5329,0.3834,2021,1925,96,1796,129,579700.0,,0,0,41,0,129,19.3,3748,563,138,225,1316,634,209,115,3153,3032,121,4449,2989,1777,103,145,902,72495.0,2087,1.5,3.84,60.67,93.3,4.75,31.78,0.0,34.7,4.85,30.18,0.2344
08869,ZCTA5 08869,zcta,,,08869,2023,8192,43.1,4325,318,1577,1798,3209,2.54,103699.0,56989.0,571,8152,0.4379,3257,3209,48,1714,1495,449200.0,1927.0,190,88,77,305,1495,28.0,6070,1375,407,609,1423,748,83,159,5406,5112,294,7108,4592,3514,241,84,648,86145.0,3944,7.0,5.44,39.75,53.41,1.47,44.15,20.4,21.8,1.83,14.11,0.6345
08872,ZCTA5 08872,zcta,,,08872,2023,20040,39.2,9393,3902,3772,3157,7382,2.71,97204.0,45285.0,1233,20018,0.4102,7837,7382,455,4359,3023,404300.0,1594.0,361,164,263,578,3023,27.7,13854,4136,532,865,3482,1252,263,10,11183,10732,431,16011,10453,7872,988,530,703,313705.0,9750,6.16,3.85,36.14,59.05,5.81,45.19,19.12,32.2,5.07,6.73,0.6822
08873,ZCTA5 08873,zcta,,,08873,2023,55862,40.3,17797,16110,11337,10756,21641,2.55,117866.0,58541.0,3544,55313,0.418,22142,21641,501,14562,7079,438600.0,1942.0,753,378,554,1393,7079,28.5,40337,6392,2108,2789,11699,8002,1004,1267,31009,29641,1324,45425,29004,18727,1971,1438,5405,794185.0,23599,6.41,4.27,54.47,67.29,2.26,43.48,19.68,33.7,4.96,18.64,0.7371
08876,ZCTA5 08876,zcta,,,08876,2023,22902,39.7,15377,1850,2861,3537,9547,2.36,120823.0,63363.0,1270,22727,0.4211,9717,9547,170,6025,3522,468400.0,1776.0,387,153,164,725,3522,26.3,17023,3063,839,900,5992,2771,456,365,14134,13415,683,19397,13130,8865,835,323,2231,303240.0,10899,5.59,4.83,56.3,63.11,1.75,40.57,20.58,27.8,2.46,16.99,0.5032
08879,ZCTA5 08879,zcta,,,08879,2023,23263,40.8,13867,2891,2115,5277,9226,2.51,98000.0,44306.0,2400,23208,0.3895,9737,9226,511,5504,3722,377700.0,1633.0,238,240,195,993,3722,26.0,17036,4895,980,1312,3412,1654,244,81,12952,11866,1086,19182,11675,8154,1076,909,1045,353175.0,10630,10.34,8.38,31.64,59.66,5.25,44.76,26.68,33.2,7.79,8.95,0.5695
08880,ZCTA5 08880,zcta,,,08880,2023,4833,35.4,2250,661,145,1840,1829,2.63,102019.0,37783.0,794,4833,0.3644,1870,1829,41,1039,790,345300.0,1822.0,16,154,42,310,790,39.2,3340,858,343,374,615,151,2,33,2894,2622,272,3791,2520,1868,282,46,226,60335.0,2294,16.43,9.4,23.98,56.81,2.19,66.08,39.24,26.3,1.83,8.97,0.6187
08882,ZCTA5 08882,zcta,,,08882,2023,16007,36.5,9298,1886,681,4267,5570,2.87,101853.0,42195.0,1803,15962,0.4152,5789,5570,219,3659,1911,382500.0,1599.0,161,122,24,636,1911,31.3,10915,2876,781,836,2147,1033,176,43,8732,7887,773,12364,7807,5654,854,145,514,239915.0,7293,11.3,8.85,31.14,65.69,3.78,49.35,33.28,32.9,1.86,6.58,0.5758
08884,ZCTA5 08884,zcta,,,08884,2023,8133,45.5,6433,117,620,998,3276,2.48,101125.0,47760.0,279,8133,0.4133,3318,3276,42,2766,510,358100.0,1097.0,50,37,48,152,510,34.1,6061,1751,372,540,1364,616,78,22,4308,3898,410,6763,3821,2914,244,94,498,102015.0,3323,3.43,9.52,34.32,84.43,1.27,56.27,29.8,30.7,2.46,13.03,0.3533
08886,ZCTA5 08886,zcta,,,08886,2023,6493,42.8,4927,433,557,623,2250,2.87,157850.0,58191.0,317,6493,0.3461,2250,2250,0,2104,146,424000.0,1846.0,0,11,0,0,146,21.7,4321,909,196,318,1423,648,101,17,3691,3519,172,5151,3448,2746,149,20,519,116940.0,2929,4.88,4.66,50.66,93.51,0.0,7.53,0.0,39.9,0.58,15.05,0.4032
08887,ZCTA5 08887,zcta,,,08887,2023,1377,40.3,786,79,32,331,566,2.38,104091.0,53979.0,84,1377,0.426,606,566,40,322,244,268200.0,1817.0,0,10,90,23,244,39.0,980,130,35,45,227,99,84,0,723,705,18,1142,705,673,0,0,32,23000.0,673,6.1,2.49,41.84,56.89,6.6,50.41,9.43,34.2,0.0,4.54,0.6126
08889,ZCTA5 08889,zcta,,,08889,2023,10539,52.1,8959,82,622,1172,4393,2.39,147048.0,80726.0,409,10539,0.4852,4449,4393,56,3945,448,523100.0,1458.0,56,18,0,56,448,29.6,8025,1483,496,382,2872,1658,258,88,5472,5205,267,9058,5000,3556,224,149,1004,143590.0,3996,3.88,4.88,60.76,89.8,1.26,29.02,12.5,35.9,2.98,20.08,0.2615
08890,ZCTA5 08890,zcta,,,08890,2023,38,,0,19,19,0,0,,,,0,0,,44,0,44,0,0,,,0,0,0,0,0,,0,0,0,0,0,0,0,0,19,19,0,38,19,0,0,0,0,,19,,0.0,,,100.0,,,,0.0,0.0,0.5
08901,ZCTA5 08901,zcta,,,08901,2023,56766,24.1,21560,7337,4970,28644,15905,3.02,60248.0,25432.0,15130,47913,0.5129,17071,15905,1166,3462,12443,316800.0,1790.0,1057,647,959,4048,12443,34.7,27431,6740,829,1103,3537,1873,779,415,29462,27596,1866,46233,26199,10794,3518,1188,2638,570395.0,23561,31.58,6.33,24.07,21.77,6.83,53.93,32.53,24.2,4.53,10.07,0.5768
08902,ZCTA5 08902,zcta,,,08902,2023,43146,38.4,12589,9206,9908,11430,15532,2.74,117671.0,49211.0,3220,42592,0.3999,15892,15532,360,9045,6487,402400.0,2055.0,431,232,516,1195,6487,24.7,30570,5559,1606,2094,8069,4524,719,426,24245,22558,1672,34584,21993,13877,2672,988,3750,532645.0,18243,7.56,6.9,44.94,58.23,2.27,36.6,18.42,29.2,4.49,17.05,0.7464
08904,ZCTA5 08904,zcta,,,08904,2023,14981,34.6,8884,824,3037,2242,6518,2.29,101991.0,56392.0,1381,14930,0.4202,6858,6518,340,2533,3985,463600.0,1881.0,460,232,194,487,3985,25.9,10791,991,205,541,3449,2390,529,1208,9069,8645,424,12471,8448,4891,512,506,2043,176405.0,6405,9.25,4.68,70.21,38.86,4.96,34.45,12.22,27.5,5.99,24.18,0.5818
